relative_path,bytes,v10_sha256,v14_sha256,match
260323_Mathis_UI_Operational_Logic-V1.6(1).xlsx,220377,80b0a260ed1ee9d98cfd48065c0c43642d79ce022f375ac59607e2f00d42ae3d,80b0a260ed1ee9d98cfd48065c0c43642d79ce022f375ac59607e2f00d42ae3d,True
build_mathis_test_workbook.ps1,33894,750046ffd49b172a40f912d6c7fe050cfe1ced1ad060072b8dbde2ac91a1cee4,750046ffd49b172a40f912d6c7fe050cfe1ced1ad060072b8dbde2ac91a1cee4,True
mathis-ble-specification.md,42945,9c886eef3d1f416512d65076f94a8893554f43c35683b00f7bd5955c0cf1af16,9c886eef3d1f416512d65076f94a8893554f43c35683b00f7bd5955c0cf1af16,True
mathis-ble-specification_old.md,40350,9e7df6c66985e0230d47a6caeba6759ea85c4d2cdb1c91007764c167222dc902,9e7df6c66985e0230d47a6caeba6759ea85c4d2cdb1c91007764c167222dc902,True
outputs/01a01df3-f219-70e3-823c-0747ab78d408/Mathis_UI_测试清单_v0.1.xlsx,24500,b447a51b8479ec58a11aa35059422a15b91f941d6d4b831201e98f4804564439,b447a51b8479ec58a11aa35059422a15b91f941d6d4b831201e98f4804564439,True
outputs/01a01df3-f219-70e3-823c-0747ab78d408/final_preview/APP基础测试.png,599826,ede6f0e5a140877a084282781f5af8fe57edbb43510afb44babffa303c546cf7,ede6f0e5a140877a084282781f5af8fe57edbb43510afb44babffa303c546cf7,True
outputs/01a01df3-f219-70e3-823c-0747ab78d408/final_preview/UI操作逻辑.png,1536932,70d6468ffef9eafcf0371f4b1e99de01a1d3bfedd89a136e5ec9b9efec5395a0,70d6468ffef9eafcf0371f4b1e99de01a1d3bfedd89a136e5ec9b9efec5395a0,True
outputs/01a01df3-f219-70e3-823c-0747ab78d408/final_preview/测试概览.png,569535,a4efbcbf885fe48c83075c77fbb54ee4ddfad1ecb229236086d1d5fc432adb1d,a4efbcbf885fe48c83075c77fbb54ee4ddfad1ecb229236086d1d5fc432adb1d,True
outputs/01a01df3-f219-70e3-823c-0747ab78d408/preview/APP基础测试.pdf,197363,6f45ab2e9a746cd8aaada4f0fa706ede1332b5f6cd474e68a77c07970a335731,6f45ab2e9a746cd8aaada4f0fa706ede1332b5f6cd474e68a77c07970a335731,True
outputs/01a01df3-f219-70e3-823c-0747ab78d408/preview/UI操作逻辑.pdf,285370,74ebb477940d078af64b10c60847f378034f74dc020fe99693f8b439a028ced7,74ebb477940d078af64b10c60847f378034f74dc020fe99693f8b439a028ced7,True
outputs/01a01df3-f219-70e3-823c-0747ab78d408/preview/测试概览.pdf,149863,eb02b02070b53bec8c3fe0a00b64e4abccfb972b9ac3ef76799737d6621f9021,eb02b02070b53bec8c3fe0a00b64e4abccfb972b9ac3ef76799737d6621f9021,True
outputs/01a01df3-f219-70e3-823c-0747ab78d408/preview_png/APP基础测试.png,9106,8d0f072185d441cdec6666f38c2284f79d7bfa9506ea9078f49e370fd6dc7739,8d0f072185d441cdec6666f38c2284f79d7bfa9506ea9078f49e370fd6dc7739,True
outputs/01a01df3-f219-70e3-823c-0747ab78d408/preview_png/UI操作逻辑.png,2217185,d83777f21d136ef43daf5bd7105b97ae48c142c408037bfa872a10db0b9a8f15,d83777f21d136ef43daf5bd7105b97ae48c142c408037bfa872a10db0b9a8f15,True
outputs/01a01df3-f219-70e3-823c-0747ab78d408/preview_png/测试概览.png,5032,1c2fd8778477e2d5f13805095ee53dc676e1ca75cb133194d5e6d8d049dcab3f,1c2fd8778477e2d5f13805095ee53dc676e1ca75cb133194d5e6d8d049dcab3f,True
outputs/01a01df3-f219-70e3-823c-0747ab78d408/preview_png_final/APP基础测试.png,598202,12fb45c17e636c27e5ec5b661b31edfd54e24cd8a3447a4b226352e2c6a457fc,12fb45c17e636c27e5ec5b661b31edfd54e24cd8a3447a4b226352e2c6a457fc,True
outputs/01a01df3-f219-70e3-823c-0747ab78d408/preview_png_final/UI操作逻辑.png,1536932,70d6468ffef9eafcf0371f4b1e99de01a1d3bfedd89a136e5ec9b9efec5395a0,70d6468ffef9eafcf0371f4b1e99de01a1d3bfedd89a136e5ec9b9efec5395a0,True
outputs/01a01df3-f219-70e3-823c-0747ab78d408/preview_png_final/测试概览.png,569535,a4efbcbf885fe48c83075c77fbb54ee4ddfad1ecb229236086d1d5fc432adb1d,a4efbcbf885fe48c83075c77fbb54ee4ddfad1ecb229236086d1d5fc432adb1d,True
render_mathis_preview.ps1,1375,4eaf1ba8469c18801119cf4151fa890d64170b1cc6f23ff1e51508a608ba6e16,4eaf1ba8469c18801119cf4151fa890d64170b1cc6f23ff1e51508a608ba6e16,True
tw66gw02/.gitignore,320,6d054a76bd7578a0c72307f98786f426c48e7431bf3a9cbedae812d7fd9d54a4,6d054a76bd7578a0c72307f98786f426c48e7431bf3a9cbedae812d7fd9d54a4,True
tw66gw02/.mxproject,9665,88a3a0479cf54e3b388d4081181d7ade0c910c0421c24ca3dfe0cc3a560d55cf,88a3a0479cf54e3b388d4081181d7ade0c910c0421c24ca3dfe0cc3a560d55cf,True
tw66gw02/BSP/C8721.c,14184,b998065fb433a10b4b896b40d37afdbbae0c732a58a3497770e5595b53095863,b998065fb433a10b4b896b40d37afdbbae0c732a58a3497770e5595b53095863,True
tw66gw02/BSP/C8721.h,9107,d57aa90e30e9071ea37c450008cb89dceccfe8121e5a2fd55151f005e5e544bf,d57aa90e30e9071ea37c450008cb89dceccfe8121e5a2fd55151f005e5e544bf,True
tw66gw02/BSP/battery_level.c,6493,3a119978004d7d1e9bc8253493ff9f6be67044a6434e12889193ea4e301574fb,3a119978004d7d1e9bc8253493ff9f6be67044a6434e12889193ea4e301574fb,True
tw66gw02/BSP/battery_level.h,1184,b0fe7f6466ccfcfdd043222cc979a34e2d988e4762476bcffa5310f34327337e,b0fe7f6466ccfcfdd043222cc979a34e2d988e4762476bcffa5310f34327337e,True
tw66gw02/BSP/bh66f5242.c,2017,c49c8c8420a7d54268a294fb74b6a3bd28c0ca671e7b264dbfb674ef9ffb6add,c49c8c8420a7d54268a294fb74b6a3bd28c0ca671e7b264dbfb674ef9ffb6add,True
tw66gw02/BSP/bh66f5242.h,3461,338f96fc3aca20c9919e169c22856e0e16bf1bf6686c3f40e156d346b059b25c,338f96fc3aca20c9919e169c22856e0e16bf1bf6686c3f40e156d346b059b25c,True
tw66gw02/BSP/buzz.c,755,d4f658cb8fa348122e1fab443de517ad8c024de4a437008405fe303152759786,d4f658cb8fa348122e1fab443de517ad8c024de4a437008405fe303152759786,True
tw66gw02/BSP/buzz.h,370,d6a06eefb3c8d251b1133e5566fbde0a2ba29bb5717e1d67e100e65d91f0662a,d6a06eefb3c8d251b1133e5566fbde0a2ba29bb5717e1d67e100e65d91f0662a,True
tw66gw02/BSP/config.h,4997,1ac1f0a367a7d433c9cef567d3cc1e4a261842059020a80b21bae4cdd3cc4f76,1ac1f0a367a7d433c9cef567d3cc1e4a261842059020a80b21bae4cdd3cc4f76,True
tw66gw02/BSP/key.c,7781,60176aa30184187f18d0418f1007a54e1849addd6c024a66b0bd60852f11909a,60176aa30184187f18d0418f1007a54e1849addd6c024a66b0bd60852f11909a,True
tw66gw02/BSP/key.h,1161,4c52e123eb6fea0d9635fd338c1a66fc0fa52d4c3ab786ead92822d0a2f01edc,4c52e123eb6fea0d9635fd338c1a66fc0fa52d4c3ab786ead92822d0a2f01edc,True
tw66gw02/BSP/ota_layout.h,2978,a18034ebfbe219c45718f32b42d889973e6c7d5dd4ef64f4257adcfe75cfc855,a18034ebfbe219c45718f32b42d889973e6c7d5dd4ef64f4257adcfe75cfc855,True
tw66gw02/BSP/screen_c8721.c,11935,6cdd1853846d18473871e4fe758c7bec47db06bce913b9ade2c4ba160bb7bd6e,6cdd1853846d18473871e4fe758c7bec47db06bce913b9ade2c4ba160bb7bd6e,True
tw66gw02/BSP/screen_c8721.h,4145,146a83ab868c7d505338e46546d6e472feaaae6a76f4acdd0c9ec2e2601e17eb,146a83ab868c7d505338e46546d6e472feaaae6a76f4acdd0c9ec2e2601e17eb,True
tw66gw02/BSP/temp.c,27002,e16b89dd44fb07e9a6c9261a733718a3a005adb55afa8c506daeecaf9b2b6889,e16b89dd44fb07e9a6c9261a733718a3a005adb55afa8c506daeecaf9b2b6889,True
tw66gw02/BSP/temp.h,1258,4c9153259ce7a5848afd8978fe058671c6964dc6d148b07e0539cf2d6dcddb39,4c9153259ce7a5848afd8978fe058671c6964dc6d148b07e0539cf2d6dcddb39,True
tw66gw02/BSP/wireless.c,13781,bda5913ca786880c4c643e4f9398fc629e0ded755fa165f0e3bdb6f2a58ed5a8,bda5913ca786880c4c643e4f9398fc629e0ded755fa165f0e3bdb6f2a58ed5a8,True
tw66gw02/BSP/wireless.h,1918,e3ea69d7bd93e1bcdf1be27a5531bbe3284a5bed3815952e7b787c0948a024d7,e3ea69d7bd93e1bcdf1be27a5531bbe3284a5bed3815952e7b787c0948a024d7,True
tw66gw02/Bootloader/boot_main.c,11380,a9e114855a8fca13113f3b7d68252c33626c46bf627293b71a78b6805084c13d,a9e114855a8fca13113f3b7d68252c33626c46bf627293b71a78b6805084c13d,True
tw66gw02/Bootloader/bootloader.sct,259,8d70f5f18a0d4bf89f5d0b368a3ac5f945b73c91978511a67b5139b6e1bfd464,8d70f5f18a0d4bf89f5d0b368a3ac5f945b73c91978511a67b5139b6e1bfd464,True
tw66gw02/Bootloader/build/boot_main.o,231308,8eb2f4f907a0a8fec76f506d311c1fc69bfb8efdf5b960365d9181ee8d0ec227,8eb2f4f907a0a8fec76f506d311c1fc69bfb8efdf5b960365d9181ee8d0ec227,True
tw66gw02/Bootloader/build/mathis_bootloader.axf,214324,ce0890b2ffeeed8fdca4d716d2cde4d6821f893ed046a8e876fab2aab74f27f2,ce0890b2ffeeed8fdca4d716d2cde4d6821f893ed046a8e876fab2aab74f27f2,True
tw66gw02/Bootloader/build/mathis_bootloader.bin,2168,ea727f03af6c89408c97cede7acf97115dd70354f0c8ba0f2081883ea2d7a497,ea727f03af6c89408c97cede7acf97115dd70354f0c8ba0f2081883ea2d7a497,True
tw66gw02/Bootloader/build/mathis_bootloader.hex,6155,df630e6db1c475d0d558a79dfd5d6c1a5f269c5cc1a98adc3e5cc82079dd3255,df630e6db1c475d0d558a79dfd5d6c1a5f269c5cc1a98adc3e5cc82079dd3255,True
tw66gw02/Bootloader/build/startup.o,4568,f8f1a97d81687889612e9ebc0930babc89d6396f902393982aba2fd7b4ca04ed,f8f1a97d81687889612e9ebc0930babc89d6396f902393982aba2fd7b4ca04ed,True
tw66gw02/Bootloader/build_bootloader.ps1,2152,76b5db28284eb61b7b58dab95da7ea468b5fccd051d7fd2f3f42235bc563460d,76b5db28284eb61b7b58dab95da7ea468b5fccd051d7fd2f3f42235bc563460d,True
tw66gw02/Bootloader/build_min/mathis_min_bootloader.axf,18748,afdbc846a2b3fb28ee697108148e6341efe103386eadb48b4d25353069b86db5,afdbc846a2b3fb28ee697108148e6341efe103386eadb48b4d25353069b86db5,True
tw66gw02/Bootloader/build_min/mathis_min_bootloader.bin,680,89148eda8cf5c4614db9f964db1be98cc5148a9813e59f9f54cf72fbcc5b518f,89148eda8cf5c4614db9f964db1be98cc5148a9813e59f9f54cf72fbcc5b518f,True
tw66gw02/Bootloader/build_min/mathis_min_bootloader.hex,1970,9cc71460c0a0b3eed1011bb7d50e2641e1681f9dec5df6e7482c18c388557902,9cc71460c0a0b3eed1011bb7d50e2641e1681f9dec5df6e7482c18c388557902,True
tw66gw02/Bootloader/build_min/min_boot_main.o,211368,df257bf247c6f03ca7182bba60a3785a172a211926e07b39d0969505836a8569,df257bf247c6f03ca7182bba60a3785a172a211926e07b39d0969505836a8569,True
tw66gw02/Bootloader/build_min/startup.o,4572,ec143146ebc2c1aaf86882af4b00a4393aabb78ba1707bde7c66230795facb57,ec143146ebc2c1aaf86882af4b00a4393aabb78ba1707bde7c66230795facb57,True
tw66gw02/Bootloader/build_min_bootloader.ps1,2152,e381e8417a9b2663cfed0552dd0c992f633758b207fca5dafb73a89ada002867,e381e8417a9b2663cfed0552dd0c992f633758b207fca5dafb73a89ada002867,True
tw66gw02/Bootloader/min_boot_main.c,1830,c0b1db636b5838e27321b7d9a73807a2c5da35ebdf18e408601622245b95e214,c0b1db636b5838e27321b7d9a73807a2c5da35ebdf18e408601622245b95e214,True
tw66gw02/BuildKeilFactoryTarget.ps1,2656,f98a0dbeec12d393c818c96783f6aad266c396b61c18ec3b054f8e22312d3bdf,f98a0dbeec12d393c818c96783f6aad266c396b61c18ec3b054f8e22312d3bdf,True
tw66gw02/BuildOtaArtifacts.ps1,9218,89c1d391d7621e4328c521fd3e95ad9c322bdd28f1e3e36ceb2a713ee9261d28,89c1d391d7621e4328c521fd3e95ad9c322bdd28f1e3e36ceb2a713ee9261d28,True
tw66gw02/BuildStartupDiagnostic.ps1,4414,d34959753ed8bbe7ad110347269c057b74de2d46dd5ab70754f839a09ea57407,d34959753ed8bbe7ad110347269c057b74de2d46dd5ab70754f839a09ea57407,True
tw66gw02/CHANGELOG.md,1350,a070c5c7a22d3112a7bcb699040fab3a4d0a57410e802d2beb5ec03fd41d0ad4,a070c5c7a22d3112a7bcb699040fab3a4d0a57410e802d2beb5ec03fd41d0ad4,True
tw66gw02/COP/gagent_md5.c,7411,7c7435c58508a6299040acb0de43aaef02c798973e1653a93b222dbfe0b28044,7c7435c58508a6299040acb0de43aaef02c798973e1653a93b222dbfe0b28044,True
tw66gw02/COP/gagent_md5.h,1552,34f858b2b2f755822bc98fb0389f6f5225448987e033a9d0826f4a6ba655440a,34f858b2b2f755822bc98fb0389f6f5225448987e033a9d0826f4a6ba655440a,True
tw66gw02/COP/idle.c,695,1653bfc080f1c1638400c71d2f38038ce53a579e7c80a9318650395e058b73a5,1653bfc080f1c1638400c71d2f38038ce53a579e7c80a9318650395e058b73a5,True
tw66gw02/COP/idle.h,401,a6cbdb71de115f0709a8f21967e33e6ba5a167b0ade7c5fc6a8f55b5894d6870,a6cbdb71de115f0709a8f21967e33e6ba5a167b0ade7c5fc6a8f55b5894d6870,True
tw66gw02/COP/main_control.c,31234,f122cea871413a937c84d8126fa627352c8098141cc8a7140331afcfc327a89d,f122cea871413a937c84d8126fa627352c8098141cc8a7140331afcfc327a89d,True
tw66gw02/COP/main_control.h,2128,dc7752e731cc0602547c63338571ff1db080445f32d1fa450240bfd31f2b01d9,dc7752e731cc0602547c63338571ff1db080445f32d1fa450240bfd31f2b01d9,True
tw66gw02/COP/ota.c,9857,e5a7e011b7ce278b6a1062ffebf0318c828b19f51f4b14a405e002776d453740,e5a7e011b7ce278b6a1062ffebf0318c828b19f51f4b14a405e002776d453740,True
tw66gw02/COP/ota.h,1552,a91dcf468bb37197fcbdf1b7f80bbff4941a97769c625455bd274d6fa1507d98,a91dcf468bb37197fcbdf1b7f80bbff4941a97769c625455bd274d6fa1507d98,True
tw66gw02/COP/ota_boot.c,1905,4dd3678ceff56d6c1db45c8fa0cbafdc1720b5c4437fa944a4a74ff5e194a82d,4dd3678ceff56d6c1db45c8fa0cbafdc1720b5c4437fa944a4a74ff5e194a82d,True
tw66gw02/COP/ota_boot.h,191,19a6c7f2ccbf1d4c1ce9075b724d54645540fb94c2765118c0fb4623547bac30,19a6c7f2ccbf1d4c1ce9075b724d54645540fb94c2765118c0fb4623547bac30,True
tw66gw02/COP/ota_update.c,11074,8fd276a2cb1c1ca211336c9a4cb3c1a7c06c9cb2c50a33e0d3961e727a2b9446,8fd276a2cb1c1ca211336c9a4cb3c1a7c06c9cb2c50a33e0d3961e727a2b9446,True
tw66gw02/COP/ota_update.h,303,7dc0a910c841b2f3dd7894c4c701a02d1cd2d598500bcd5fabcdfee477c87b3e,7dc0a910c841b2f3dd7894c4c701a02d1cd2d598500bcd5fabcdfee477c87b3e,True
tw66gw02/COP/pid.c,3340,2cd7d229d6234e952a7c0a99d2a2ca83084bf750cb8cddcab47ac0fabc1566f5,2cd7d229d6234e952a7c0a99d2a2ca83084bf750cb8cddcab47ac0fabc1566f5,True
tw66gw02/COP/pid.h,935,0707bc51d0416321d93d3b78e1ee1feca7176b5ed1bddcb35576241e1ae164f1,0707bc51d0416321d93d3b78e1ee1feca7176b5ed1bddcb35576241e1ae164f1,True
tw66gw02/COP/run.c,1591,15ad04788f186e0d60faf5a6be70d2209067f033cf9ca30a0482be615bf79b1a,15ad04788f186e0d60faf5a6be70d2209067f033cf9ca30a0482be615bf79b1a,True
tw66gw02/COP/run.h,397,ea440535e18edbd07c88b6bf689e32eb0be5dd997f29aa6dc68698a86db5713f,ea440535e18edbd07c88b6bf689e32eb0be5dd997f29aa6dc68698a86db5713f,True
tw66gw02/COP/set.c,842,57cde9f0a5dbc1bad14e16bf2b615d8457b3ee428995e06e5f60093f1db1d41a,57cde9f0a5dbc1bad14e16bf2b615d8457b3ee428995e06e5f60093f1db1d41a,True
tw66gw02/COP/set.h,414,1339a678a5a607baf0678eeab5f7c98ec136d99f27e4b119b3b4f252e655b348,1339a678a5a607baf0678eeab5f7c98ec136d99f27e4b119b3b4f252e655b348,True
tw66gw02/COP/shutdown.c,1267,e5165813723b5271871e38a1b25a30f2f6d5f33711c651a0b0240c957b80d072,e5165813723b5271871e38a1b25a30f2f6d5f33711c651a0b0240c957b80d072,True
tw66gw02/COP/shutdown.h,448,89a9f886d3843504796942195f858eeb3b241a7bca4f6ac4b98b0b90851d2cc1,89a9f886d3843504796942195f858eeb3b241a7bca4f6ac4b98b0b90851d2cc1,True
tw66gw02/COP/start_up.c,1774,1780bca013991de3da40cfcd0bab052b2ce32091234965abfe42e9da72b68ab4,1780bca013991de3da40cfcd0bab052b2ce32091234965abfe42e9da72b68ab4,True
tw66gw02/COP/start_up.h,412,754f5a3386f1df67cf379e07b4b5330bcada879c345e71c0bac506d7f9b13706,754f5a3386f1df67cf379e07b4b5330bcada879c345e71c0bac506d7f9b13706,True
tw66gw02/COP/test.c,687,2c2c9c6f7348a436fe1185026392011d26088abe935ecfe4da80c57234f31f47,2c2c9c6f7348a436fe1185026392011d26088abe935ecfe4da80c57234f31f47,True
tw66gw02/COP/test.h,401,fb5533851667c6820aac85f93e32b25272af2cfc1308b1857b40200d382ac6fd,fb5533851667c6820aac85f93e32b25272af2cfc1308b1857b40200d382ac6fd,True
tw66gw02/COP/warning.c,6376,a73227f5ed7dc0dd3d22e06a2f48c18cd089943d0264cf88f9922a277fba147e,a73227f5ed7dc0dd3d22e06a2f48c18cd089943d0264cf88f9922a277fba147e,True
tw66gw02/COP/warning.h,731,0d224c347a6cf8083e199cab96c1bddddc7b9f1a664aca9f01f1a03e12b31f5d,0d224c347a6cf8083e199cab96c1bddddc7b9f1a664aca9f01f1a03e12b31f5d,True
tw66gw02/Core/Inc/adc.h,1372,4052f2e6bc5b3bcb85d083dc16c9dfc2d851564d319e918b6621ea01d4aea37b,4052f2e6bc5b3bcb85d083dc16c9dfc2d851564d319e918b6621ea01d4aea37b,True
tw66gw02/Core/Inc/dma.h,1393,7cf6f7450a29d26303cbba5a3ca8c6cb24a02635d6a5ba4d05141fdfc75c4c49,7cf6f7450a29d26303cbba5a3ca8c6cb24a02635d6a5ba4d05141fdfc75c4c49,True
tw66gw02/Core/Inc/gpio.h,1313,e2d62f964a0b7f238384ed6a20a181d09df9647240a268dc547acf5b35099f74,e2d62f964a0b7f238384ed6a20a181d09df9647240a268dc547acf5b35099f74,True
tw66gw02/Core/Inc/main.h,2003,ef067e8a4e2e9040720af5e7cb8d1e3d9360d46a3debf11da9771bb0104293c8,ef067e8a4e2e9040720af5e7cb8d1e3d9360d46a3debf11da9771bb0104293c8,True
tw66gw02/Core/Inc/stm32f0xx_hal_conf.h,12370,b7548d75ac43ec9efefd83c00491df3450962801b384b33657e76d98b0a3548d,b7548d75ac43ec9efefd83c00491df3450962801b384b33657e76d98b0a3548d,True
tw66gw02/Core/Inc/stm32f0xx_it.h,2011,8803ae7942dd9046fc3f5556d67776fa879282014d6f4eb417dcd38610a19c28,8803ae7942dd9046fc3f5556d67776fa879282014d6f4eb417dcd38610a19c28,True
tw66gw02/Core/Inc/tim.h,1345,b060d62de6437c2e1be10eb11aa9c07afba7588e10491d67739df5bacda5d4bd,b060d62de6437c2e1be10eb11aa9c07afba7588e10491d67739df5bacda5d4bd,True
tw66gw02/Core/Inc/usart.h,3193,26b6598a423ae5c5767ea5798b83db8e192166bc34a60b3fb311a9bbb3070877,26b6598a423ae5c5767ea5798b83db8e192166bc34a60b3fb311a9bbb3070877,True
tw66gw02/Core/Src/adc.c,4720,8908b5138ca35ebe901a8381d9ec7a8d874e0bece07b2b86544025f09774aae5,8908b5138ca35ebe901a8381d9ec7a8d874e0bece07b2b86544025f09774aae5,True
tw66gw02/Core/Src/dma.c,1908,69c62ddd8ca5ca7f16d57cc767580c42229a650ad1a4f2f564b9ffa7452e96af,69c62ddd8ca5ca7f16d57cc767580c42229a650ad1a4f2f564b9ffa7452e96af,True
tw66gw02/Core/Src/gpio.c,2989,39cdde8fa6e00c0aa8b41a114f806c0c20a340d336ac171757f7d8df04193c96,39cdde8fa6e00c0aa8b41a114f806c0c20a340d336ac171757f7d8df04193c96,True
tw66gw02/Core/Src/main.c,6801,e4f10f2049187a2ea79ba1eedc50550ced5bed4fbdaa91919c87988c8676bd40,e4f10f2049187a2ea79ba1eedc50550ced5bed4fbdaa91919c87988c8676bd40,True
tw66gw02/Core/Src/stm32f0xx_hal_msp.c,2231,0d3c29e612ee305efeb5006b3b1335bd67fea4c6a4888b2fe6075cec5e5dda81,0d3c29e612ee305efeb5006b3b1335bd67fea4c6a4888b2fe6075cec5e5dda81,True
tw66gw02/Core/Src/stm32f0xx_it.c,6599,3c127187ea4f230c91ff2a77689d89a027de6c659e546d055e569c30fbbe8400,3c127187ea4f230c91ff2a77689d89a027de6c659e546d055e569c30fbbe8400,True
tw66gw02/Core/Src/system_stm32f0xx.c,9262,a5257cd1f7c7f099a2acaafb669a5af2b22b96f5d34a06d33ba212e52a275ea9,a5257cd1f7c7f099a2acaafb669a5af2b22b96f5d34a06d33ba212e52a275ea9,True
tw66gw02/Core/Src/tim.c,2977,ef3d834916271c53858be3887ea3ad7932a8d1a8a59dff0f199f083ae9c96e49,ef3d834916271c53858be3887ea3ad7932a8d1a8a59dff0f199f083ae9c96e49,True
tw66gw02/Core/Src/usart.c,11881,a38e1cd2a7a7c7537d2e8bfa51f2753b498792d9666837e17888f3cd3d4f4088,a38e1cd2a7a7c7537d2e8bfa51f2753b498792d9666837e17888f3cd3d4f4088,True
tw66gw02/Diagnostics/build/diagnostic_gpio_alive.axf,17788,f88993cd800c32d672c94a15a201ab188e1da37efd92aca9cab4871b92d34009,f88993cd800c32d672c94a15a201ab188e1da37efd92aca9cab4871b92d34009,True
tw66gw02/Diagnostics/build/gpio_alive.o,206772,29e7a7d0932bf2acfba7671981b33e6bf272f9f9382424042c88cb94f9908923,29e7a7d0932bf2acfba7671981b33e6bf272f9f9382424042c88cb94f9908923,True
tw66gw02/Diagnostics/build/startup.o,4568,c3c2111004390bbafb809bc1062105e8502f37d1b37bf87377ff9715886584f8,c3c2111004390bbafb809bc1062105e8502f37d1b37bf87377ff9715886584f8,True
tw66gw02/Diagnostics/build_gpio_alive.ps1,2166,98ea8729441becc27af0149e6adb815a81ffba3a590727dca30fd80d37abf2c0,98ea8729441becc27af0149e6adb815a81ffba3a590727dca30fd80d37abf2c0,True
tw66gw02/Diagnostics/gpio_alive.c,1007,e6083f0e4d6dc2c0da599716bea241c5af67666c770ba527d4e3fea6091165fb,e6083f0e4d6dc2c0da599716bea241c5af67666c770ba527d4e3fea6091165fb,True
tw66gw02/Drivers/CMSIS/Device/ST/STM32F0xx/Include/stm32f030x8.h,431448,cd18a6eca343810482d09b4ac32fda7ef0c56b05250a2e87402d3a1a2b4c35e8,cd18a6eca343810482d09b4ac32fda7ef0c56b05250a2e87402d3a1a2b4c35e8,True
tw66gw02/Drivers/CMSIS/Device/ST/STM32F0xx/Include/stm32f0xx.h,10976,6014250efdc39dad8e7f2d74be95db323e4cccd21fcd862ebf5fdd363d6db634,6014250efdc39dad8e7f2d74be95db323e4cccd21fcd862ebf5fdd363d6db634,True
tw66gw02/Drivers/CMSIS/Device/ST/STM32F0xx/Include/system_stm32f0xx.h,2201,d7773a877737eee25efd275f32046c67f473fd23f5278e53004490f48096dbfb,d7773a877737eee25efd275f32046c67f473fd23f5278e53004490f48096dbfb,True
tw66gw02/Drivers/CMSIS/Device/ST/STM32F0xx/LICENSE.txt,371,135fb2d86e9ecdf6824cc3bba21c72b8e380c07b055fbebb6b995463eb609baf,135fb2d86e9ecdf6824cc3bba21c72b8e380c07b055fbebb6b995463eb609baf,True
tw66gw02/Drivers/CMSIS/Include/cmsis_armcc.h,27343,3371c679298b7db7caae23215ab8efdb95fe3b5c6c1a793f8004e5be16940149,3371c679298b7db7caae23215ab8efdb95fe3b5c6c1a793f8004e5be16940149,True
tw66gw02/Drivers/CMSIS/Include/cmsis_armclang.h,54628,3a33c83dd7533cd2827164b89e66dc7c0f8376ef4e2d255ec50c1a58b36f670b,3a33c83dd7533cd2827164b89e66dc7c0f8376ef4e2d255ec50c1a58b36f670b,True
tw66gw02/Drivers/CMSIS/Include/cmsis_compiler.h,8748,03ab80c426a8360eaaad833ac816462a9f38cb2e4dbdc490914880ad071181fe,03ab80c426a8360eaaad833ac816462a9f38cb2e4dbdc490914880ad071181fe,True
tw66gw02/Drivers/CMSIS/Include/cmsis_gcc.h,60259,341982e6d6c91119214c47d7a04b31f1f8ce0970c45e2c9fe0870c80d0876e28,341982e6d6c91119214c47d7a04b31f1f8ce0970c45e2c9fe0870c80d0876e28,True
tw66gw02/Drivers/CMSIS/Include/cmsis_iccarm.h,27479,03e120db362480dc0c57b9eb2574972029321fb8d9e993e458dbff69e6f4f91e,03e120db362480dc0c57b9eb2574972029321fb8d9e993e458dbff69e6f4f91e,True
tw66gw02/Drivers/CMSIS/Include/cmsis_version.h,1677,c2570d56ee85d4f2ec0fb62f31d080d3cddf3a015500a4ed5a006a571637b43c,c2570d56ee85d4f2ec0fb62f31d080d3cddf3a015500a4ed5a006a571637b43c,True
tw66gw02/Drivers/CMSIS/Include/core_armv8mbl.h,96077,6b1a61685f498b80becd4df1219c50fd47f1e8ec23ee28184585b1025387764b,6b1a61685f498b80becd4df1219c50fd47f1e8ec23ee28184585b1025387764b,True
tw66gw02/Drivers/CMSIS/Include/core_armv8mml.h,165987,2a9f702aebde491b5a7b96d539413b2ddef1ea6872b09f9397638389aea86d0c,2a9f702aebde491b5a7b96d539413b2ddef1ea6872b09f9397638389aea86d0c,True
tw66gw02/Drivers/CMSIS/Include/core_cm0.h,41259,1fedf79e11c6c7f7c02fc2c6d93add0f86b62fadbcb913daece240d97a70720c,1fedf79e11c6c7f7c02fc2c6d93add0f86b62fadbcb913daece240d97a70720c,True
tw66gw02/Drivers/CMSIS/Include/core_cm0plus.h,49381,9fd6ebad79f26eeb25f5cba28fd87bedc9e13213cd44269b049cf1f379d5ab36,9fd6ebad79f26eeb25f5cba28fd87bedc9e13213cd44269b049cf1f379d5ab36,True
tw66gw02/Drivers/CMSIS/Include/core_cm1.h,42480,1ca25034076f4952af4d235f2c4302bdc81d123cf55bc329d2fa964d9bc0ece1,1ca25034076f4952af4d235f2c4302bdc81d123cf55bc329d2fa964d9bc0ece1,True
tw66gw02/Drivers/CMSIS/Include/core_cm23.h,102635,492e9eebccc634173a92826966c40c98061878daae73c67597e370a8def685f5,492e9eebccc634173a92826966c40c98061878daae73c67597e370a8def685f5,True
tw66gw02/Drivers/CMSIS/Include/core_cm3.h,109913,655bb08e9474438dec8b1874ea6c63749dc2787b85f06a0987c4870bcb580f21,655bb08e9474438dec8b1874ea6c63749dc2787b85f06a0987c4870bcb580f21,True
tw66gw02/Drivers/CMSIS/Include/core_cm33.h,172598,f4b8df5e3327f38497b1893c4b6d75ef9758a5443423f19b45f1ffe1f51ecffe,f4b8df5e3327f38497b1893c4b6d75ef9758a5443423f19b45f1ffe1f51ecffe,True
tw66gw02/Drivers/CMSIS/Include/core_cm4.h,121478,53712d8aefacaebf3faa2370be8c7c6065328a974242f9e315ffc86b3ee852c5,53712d8aefacaebf3faa2370be8c7c6065328a974242f9e315ffc86b3ee852c5,True
tw66gw02/Drivers/CMSIS/Include/core_cm7.h,145917,4e67355b28417febaa955120abd51fcdcf4d581c5e1522ece1e673c38cd17728,4e67355b28417febaa955120abd51fcdcf4d581c5e1522ece1e673c38cd17728,True
tw66gw02/Drivers/CMSIS/Include/core_sc000.h,46227,cb3a0b87bdbb70f552773bc442fdacb6c59b06233b5f0d6b2e0e8f56fd561396,cb3a0b87bdbb70f552773bc442fdacb6c59b06233b5f0d6b2e0e8f56fd561396,True
tw66gw02/Drivers/CMSIS/Include/core_sc300.h,108608,2a3ec02d4b947d6eb09a7b9860a4fbe9b9f45ee1a911f1674a424fd6d3faa683,2a3ec02d4b947d6eb09a7b9860a4fbe9b9f45ee1a911f1674a424fd6d3faa683,True
tw66gw02/Drivers/CMSIS/Include/mpu_armv7.h,11441,e4968e627df085e4ebf46be5140be657e035d978ae1938c1c2e3ee49fbde5030,e4968e627df085e4ebf46be5140be657e035d978ae1938c1c2e3ee49fbde5030,True
tw66gw02/Drivers/CMSIS/Include/mpu_armv8.h,10625,8e5a84b186f303eb3f2ece0cd84f013ac31ed68bffde4feea502acd0b474c40f,8e5a84b186f303eb3f2ece0cd84f013ac31ed68bffde4feea502acd0b474c40f,True
tw66gw02/Drivers/CMSIS/Include/tz_context.h,2687,45565c8cb04c653aabaf3cceddfc848b6a0de28c20d4f7e3d475a992c7eee788,45565c8cb04c653aabaf3cceddfc848b6a0de28c20d4f7e3d475a992c7eee788,True
tw66gw02/Drivers/CMSIS/LICENSE.txt,11357,b40930bbcf80744c86c46a12bc9da056641d722716c378f5659b9e555ef833e1,b40930bbcf80744c86c46a12bc9da056641d722716c378f5659b9e555ef833e1,True
tw66gw02/Drivers/STM32F0xx_HAL_Driver/Inc/Legacy/stm32_hal_legacy.h,236949,3ac002c4df98f17ed8e6802508357643cf72540de7222f903f5bfdc402ab7b44,3ac002c4df98f17ed8e6802508357643cf72540de7222f903f5bfdc402ab7b44,True
tw66gw02/Drivers/STM32F0xx_HAL_Driver/Inc/stm32f0xx_hal.h,32497,29e3c732a39e22b5fa3d7197e0d96b3a9cf32b205268c45a517511b9c9ab1292,29e3c732a39e22b5fa3d7197e0d96b3a9cf32b205268c45a517511b9c9ab1292,True
tw66gw02/Drivers/STM32F0xx_HAL_Driver/Inc/stm32f0xx_hal_adc.h,52001,874527f39efa00625ca966e51a26b46dcd4aa957a2d39f2afb900f8a484d881e,874527f39efa00625ca966e51a26b46dcd4aa957a2d39f2afb900f8a484d881e,True
tw66gw02/Drivers/STM32F0xx_HAL_Driver/Inc/stm32f0xx_hal_adc_ex.h,13053,57e515316bf65b84a8635f15fb22850ae4ec0197ea9907a14902dbc780bca6b9,57e515316bf65b84a8635f15fb22850ae4ec0197ea9907a14902dbc780bca6b9,True
tw66gw02/Drivers/STM32F0xx_HAL_Driver/Inc/stm32f0xx_hal_cortex.h,3669,6051101b3b55b460ef98bfc854c42ca4cc5b5bb6eba6dda2426c5fd3889b9bbb,6051101b3b55b460ef98bfc854c42ca4cc5b5bb6eba6dda2426c5fd3889b9bbb,True
tw66gw02/Drivers/STM32F0xx_HAL_Driver/Inc/stm32f0xx_hal_def.h,6565,7c831c91bb3ed127dd52b842b919649129095c06eeeef185da6c15ccf9718bcf,7c831c91bb3ed127dd52b842b919649129095c06eeeef185da6c15ccf9718bcf,True
tw66gw02/Drivers/STM32F0xx_HAL_Driver/Inc/stm32f0xx_hal_dma.h,28317,404be6c6d36948b786025327cfffa42254e6ee48e7910db2fa665030a2a7e475,404be6c6d36948b786025327cfffa42254e6ee48e7910db2fa665030a2a7e475,True
tw66gw02/Drivers/STM32F0xx_HAL_Driver/Inc/stm32f0xx_hal_dma_ex.h,58343,a7dcbd01b2ea86fdb23bd7e898d2c212a17722f19984e9cdf2f341f2f886ee3d,a7dcbd01b2ea86fdb23bd7e898d2c212a17722f19984e9cdf2f341f2f886ee3d,True
tw66gw02/Drivers/STM32F0xx_HAL_Driver/Inc/stm32f0xx_hal_exti.h,14274,e73dc38722d586062b7437067f9e6990f9952cbcb823696bbbf2d2e61a5b3878,e73dc38722d586062b7437067f9e6990f9952cbcb823696bbbf2d2e61a5b3878,True
tw66gw02/Drivers/STM32F0xx_HAL_Driver/Inc/stm32f0xx_hal_flash.h,10077,3bed899f71156113108277ca5282293d03664028bb7e50d4c302f955961d7500,3bed899f71156113108277ca5282293d03664028bb7e50d4c302f955961d7500,True
tw66gw02/Drivers/STM32F0xx_HAL_Driver/Inc/stm32f0xx_hal_flash_ex.h,19175,1e94d0081874d25cd182957103e5e46dba211577e45aa9835020f0b56f248042,1e94d0081874d25cd182957103e5e46dba211577e45aa9835020f0b56f248042,True
tw66gw02/Drivers/STM32F0xx_HAL_Driver/Inc/stm32f0xx_hal_gpio.h,13686,1211e581c187d6fdb37bf14753e10073c4c7118f9ffb140977c1f535c702ab73,1211e581c187d6fdb37bf14753e10073c4c7118f9ffb140977c1f535c702ab73,True
tw66gw02/Drivers/STM32F0xx_HAL_Driver/Inc/stm32f0xx_hal_gpio_ex.h,51121,2c219ba343b4d30fcc1c682805cd823c16c7076dc26253c2e4d135d752c06007,2c219ba343b4d30fcc1c682805cd823c16c7076dc26253c2e4d135d752c06007,True
tw66gw02/Drivers/STM32F0xx_HAL_Driver/Inc/stm32f0xx_hal_i2c.h,38822,deecbe1b8386fee66a0a6cf262b87b269e3acba4796670cf156cf2bf12bc5964,deecbe1b8386fee66a0a6cf262b87b269e3acba4796670cf156cf2bf12bc5964,True
tw66gw02/Drivers/STM32F0xx_HAL_Driver/Inc/stm32f0xx_hal_i2c_ex.h,6863,f466424c93867d7b42a184a622de48eb47be2b50fb8766b36bf88eb3c5be1656,f466424c93867d7b42a184a622de48eb47be2b50fb8766b36bf88eb3c5be1656,True
tw66gw02/Drivers/STM32F0xx_HAL_Driver/Inc/stm32f0xx_hal_pwr.h,5690,271e3b144808b0a93ff0113e5e1c3821efc622e00e7fcc33b8f24e744360c26f,271e3b144808b0a93ff0113e5e1c3821efc622e00e7fcc33b8f24e744360c26f,True
tw66gw02/Drivers/STM32F0xx_HAL_Driver/Inc/stm32f0xx_hal_pwr_ex.h,17330,49f0336c35719052670809bbad1487f73dbf0b26db63c0c9b6d44a6d8270a8c4,49f0336c35719052670809bbad1487f73dbf0b26db63c0c9b6d44a6d8270a8c4,True
tw66gw02/Drivers/STM32F0xx_HAL_Driver/Inc/stm32f0xx_hal_rcc.h,82447,b91f3fcb137b91be8556cf26017ecc62b53771b3b9cb7fbd0a43e1e8fb5676bc,b91f3fcb137b91be8556cf26017ecc62b53771b3b9cb7fbd0a43e1e8fb5676bc,True
tw66gw02/Drivers/STM32F0xx_HAL_Driver/Inc/stm32f0xx_hal_rcc_ex.h,92125,52232e808e6028a811563ca44e25a9cb104838a946ce4f3121121d5d6ba8e0f1,52232e808e6028a811563ca44e25a9cb104838a946ce4f3121121d5d6ba8e0f1,True
tw66gw02/Drivers/STM32F0xx_HAL_Driver/Inc/stm32f0xx_hal_tim.h,123178,e2f34e5ddd2437830e355c6afcdb479134da4037702a9800c707fcabb62ae66d,e2f34e5ddd2437830e355c6afcdb479134da4037702a9800c707fcabb62ae66d,True
tw66gw02/Drivers/STM32F0xx_HAL_Driver/Inc/stm32f0xx_hal_tim_ex.h,10151,26b61b357edfb63467fd6af7a91d0de4fc07d50adcc4e00e1d6177d3ef2630a4,26b61b357edfb63467fd6af7a91d0de4fc07d50adcc4e00e1d6177d3ef2630a4,True
tw66gw02/Drivers/STM32F0xx_HAL_Driver/Inc/stm32f0xx_hal_uart.h,82667,794d891aa4cf9b1743904ad2f1a129962f3a6faccb20d5879890a89b480be74a,794d891aa4cf9b1743904ad2f1a129962f3a6faccb20d5879890a89b480be74a,True
tw66gw02/Drivers/STM32F0xx_HAL_Driver/Inc/stm32f0xx_hal_uart_ex.h,30466,be6ee1becaa418eb58d357c8021885df19865722c72bbabf0b44c800e6c2934a,be6ee1becaa418eb58d357c8021885df19865722c72bbabf0b44c800e6c2934a,True
tw66gw02/Drivers/STM32F0xx_HAL_Driver/Inc/stm32f0xx_ll_adc.h,180734,c1e849a895ad4e06742eb73b1c32e564881399508bc6d624a2c4aded007f0d6f,c1e849a895ad4e06742eb73b1c32e564881399508bc6d624a2c4aded007f0d6f,True
tw66gw02/Drivers/STM32F0xx_HAL_Driver/Inc/stm32f0xx_ll_bus.h,36431,e3e9c9a4f1089f3dc933187297c36ad23fe4943b035ffc94917d0c54b1379ba4,e3e9c9a4f1089f3dc933187297c36ad23fe4943b035ffc94917d0c54b1379ba4,True
tw66gw02/Drivers/STM32F0xx_HAL_Driver/Inc/stm32f0xx_ll_cortex.h,9196,a704f2b1f39936dbb705c40e329107fcf612ecd0fcbed25bfeebbadba7c6a027,a704f2b1f39936dbb705c40e329107fcf612ecd0fcbed25bfeebbadba7c6a027,True
tw66gw02/Drivers/STM32F0xx_HAL_Driver/Inc/stm32f0xx_ll_crs.h,24104,0e4cead6a63d9b7dd9791eea1b9fc6cc49d9a561f69d40ca52d9f3fd91e34073,0e4cead6a63d9b7dd9791eea1b9fc6cc49d9a561f69d40ca52d9f3fd91e34073,True
tw66gw02/Drivers/STM32F0xx_HAL_Driver/Inc/stm32f0xx_ll_dma.h,90925,3f333021413746ac4b1243978d7c96e3d50291fc9c97de440293e511018dde7c,3f333021413746ac4b1243978d7c96e3d50291fc9c97de440293e511018dde7c,True
tw66gw02/Drivers/STM32F0xx_HAL_Driver/Inc/stm32f0xx_ll_exti.h,36167,3564164aca3102c8fd49020ac93cffd5358fd390b5f5ddb78622192f9e145d72,3564164aca3102c8fd49020ac93cffd5358fd390b5f5ddb78622192f9e145d72,True
tw66gw02/Drivers/STM32F0xx_HAL_Driver/Inc/stm32f0xx_ll_gpio.h,35216,cf73dfcae00250a540be22d4c954ce728a477c2c6b3cef347ac7e724c101b429,cf73dfcae00250a540be22d4c954ce728a477c2c6b3cef347ac7e724c101b429,True
tw66gw02/Drivers/STM32F0xx_HAL_Driver/Inc/stm32f0xx_ll_pwr.h,17505,82df9f38fde9cda27a57dbbf61d5ee82c5c9d83cb01cfad149636e3e9547fa4c,82df9f38fde9cda27a57dbbf61d5ee82c5c9d83cb01cfad149636e3e9547fa4c,True
tw66gw02/Drivers/STM32F0xx_HAL_Driver/Inc/stm32f0xx_ll_rcc.h,77854,a9e44989596f30e24d7939ea670eb9158737664845d824128b6311a35c335007,a9e44989596f30e24d7939ea670eb9158737664845d824128b6311a35c335007,True
tw66gw02/Drivers/STM32F0xx_HAL_Driver/Inc/stm32f0xx_ll_system.h,75575,b7253d6ac27af7ee42aad18e0bf6d4775cd8c7c351379648f7ab73bba8a82e57,b7253d6ac27af7ee42aad18e0bf6d4775cd8c7c351379648f7ab73bba8a82e57,True
tw66gw02/Drivers/STM32F0xx_HAL_Driver/Inc/stm32f0xx_ll_tim.h,170605,802642c6737161b3d85c4ef6cb8c5a87d6526ebbb2de1bf94a3ef4033d919ca7,802642c6737161b3d85c4ef6cb8c5a87d6526ebbb2de1bf94a3ef4033d919ca7,True
tw66gw02/Drivers/STM32F0xx_HAL_Driver/Inc/stm32f0xx_ll_usart.h,149571,c9f179059e5a6cfc01f8c7e7fd34344e7bcde4542f9e934d1367e88360187f31,c9f179059e5a6cfc01f8c7e7fd34344e7bcde4542f9e934d1367e88360187f31,True
tw66gw02/Drivers/STM32F0xx_HAL_Driver/Inc/stm32f0xx_ll_utils.h,8688,2e82b3778341a414dc75c7c6cdd944a906c4abdd9ac96b29163c5f1cbe0b2b94,2e82b3778341a414dc75c7c6cdd944a906c4abdd9ac96b29163c5f1cbe0b2b94,True
tw66gw02/Drivers/STM32F0xx_HAL_Driver/LICENSE.txt,377,d5a162f3eaf2b7b6762f00700017cae5695ebbdce7932fead8316448baafd9c1,d5a162f3eaf2b7b6762f00700017cae5695ebbdce7932fead8316448baafd9c1,True
tw66gw02/Drivers/STM32F0xx_HAL_Driver/Src/stm32f0xx_hal.c,15360,79c8fc228207c4ae967cb5e3bed81fd36e6cacc6a2d9f59809c8f369e1bf979c,79c8fc228207c4ae967cb5e3bed81fd36e6cacc6a2d9f59809c8f369e1bf979c,True
tw66gw02/Drivers/STM32F0xx_HAL_Driver/Src/stm32f0xx_hal_adc.c,94475,14e28654d0ce09d23e411e9ad1f7e43701095df5dd5771b561cbb862618e375b,14e28654d0ce09d23e411e9ad1f7e43701095df5dd5771b561cbb862618e375b,True
tw66gw02/Drivers/STM32F0xx_HAL_Driver/Src/stm32f0xx_hal_adc_ex.c,6387,6d7a4e63940bd47e24da89847a777ca570441188f974e70e021e64e3a9cba5af,6d7a4e63940bd47e24da89847a777ca570441188f974e70e021e64e3a9cba5af,True
tw66gw02/Drivers/STM32F0xx_HAL_Driver/Src/stm32f0xx_hal_cortex.c,11697,6ec6b338f389a593c316bb22a0110446f92cb063d56ab9c8f56fea4c2adca681,6ec6b338f389a593c316bb22a0110446f92cb063d56ab9c8f56fea4c2adca681,True
tw66gw02/Drivers/STM32F0xx_HAL_Driver/Src/stm32f0xx_hal_dma.c,26648,cbe5a6ce8add054c1fe40f7492fd1f32c028f8ca2490c3798c5087295ecce4d9,cbe5a6ce8add054c1fe40f7492fd1f32c028f8ca2490c3798c5087295ecce4d9,True
tw66gw02/Drivers/STM32F0xx_HAL_Driver/Src/stm32f0xx_hal_exti.c,14928,a15713e9f0371cbdde5cf4f3e283564307a4eacdb9674cf7f667357f5c5aac71,a15713e9f0371cbdde5cf4f3e283564307a4eacdb9674cf7f667357f5c5aac71,True
tw66gw02/Drivers/STM32F0xx_HAL_Driver/Src/stm32f0xx_hal_flash.c,20591,298b60f12f91cbc43dbe16258cff53879b90faf5ef0e3897a5f3d1d187d575fe,298b60f12f91cbc43dbe16258cff53879b90faf5ef0e3897a5f3d1d187d575fe,True
tw66gw02/Drivers/STM32F0xx_HAL_Driver/Src/stm32f0xx_hal_flash_ex.c,31012,0b74fafa6fc9534c38ef65bcb62a7cf07b425a315bbff9f0aaea3bdfc66b55d8,0b74fafa6fc9534c38ef65bcb62a7cf07b425a315bbff9f0aaea3bdfc66b55d8,True
tw66gw02/Drivers/STM32F0xx_HAL_Driver/Src/stm32f0xx_hal_gpio.c,18831,2cd38c437a9a1d0c32fd65394bf49ebcc31a56de0c73d9e517539503068021f5,2cd38c437a9a1d0c32fd65394bf49ebcc31a56de0c73d9e517539503068021f5,True
tw66gw02/Drivers/STM32F0xx_HAL_Driver/Src/stm32f0xx_hal_i2c.c,244721,7b71d97c597e6cc482380f64fd1db96295c12428063d97f30ac830340ddaf326,7b71d97c597e6cc482380f64fd1db96295c12428063d97f30ac830340ddaf326,True
tw66gw02/Drivers/STM32F0xx_HAL_Driver/Src/stm32f0xx_hal_i2c_ex.c,10908,163a2aef2446c901a75a4dcc772cf67a1bf187ea395834a68a5a97108c677adb,163a2aef2446c901a75a4dcc772cf67a1bf187ea395834a68a5a97108c677adb,True
tw66gw02/Drivers/STM32F0xx_HAL_Driver/Src/stm32f0xx_hal_pwr.c,16478,7e8e6ba7de3384a501b7b50f3ac7feb1b1b475849611c03e4bc8e78c8d21337d,7e8e6ba7de3384a501b7b50f3ac7feb1b1b475849611c03e4bc8e78c8d21337d,True
tw66gw02/Drivers/STM32F0xx_HAL_Driver/Src/stm32f0xx_hal_pwr_ex.c,8348,d8f0df6ce780c413937a9949c850ddb88fde905725516546e062c2f2abbc63cf,d8f0df6ce780c413937a9949c850ddb88fde905725516546e062c2f2abbc63cf,True
tw66gw02/Drivers/STM32F0xx_HAL_Driver/Src/stm32f0xx_hal_rcc.c,49821,fe601fa20f95e48d4bb2a9dd7409ff4d0637e184d6b3c4be4207777b246b2856,fe601fa20f95e48d4bb2a9dd7409ff4d0637e184d6b3c4be4207777b246b2856,True
tw66gw02/Drivers/STM32F0xx_HAL_Driver/Src/stm32f0xx_hal_rcc_ex.c,34931,128a32f4ee22c9741b76c25eaebca1269aab92669721e8ca0bac80643f1be0b5,128a32f4ee22c9741b76c25eaebca1269aab92669721e8ca0bac80643f1be0b5,True
tw66gw02/Drivers/STM32F0xx_HAL_Driver/Src/stm32f0xx_hal_tim.c,244487,63c42e6957bc759da4bff4c375752c8f963132efc28b7889fada70cdf1d887f1,63c42e6957bc759da4bff4c375752c8f963132efc28b7889fada70cdf1d887f1,True
tw66gw02/Drivers/STM32F0xx_HAL_Driver/Src/stm32f0xx_hal_tim_ex.c,79487,0e43f2621c8b0583c14dd0d38865cd6b64e206b71f1cec62724894f19f6a1768,0e43f2621c8b0583c14dd0d38865cd6b64e206b71f1cec62724894f19f6a1768,True
tw66gw02/Drivers/STM32F0xx_HAL_Driver/Src/stm32f0xx_hal_uart.c,142797,0724ea2e1d4e53da86562e0eb8be43c0cecdab369ce27ac312bb9b4d883545df,0724ea2e1d4e53da86562e0eb8be43c0cecdab369ce27ac312bb9b4d883545df,True
tw66gw02/Drivers/STM32F0xx_HAL_Driver/Src/stm32f0xx_hal_uart_ex.c,31796,6f70a7275719d4c745411e9c1531c32d6ee9a80e13c978e2bcbda8d39153d4c3,6f70a7275719d4c745411e9c1531c32d6ee9a80e13c978e2bcbda8d39153d4c3,True
tw66gw02/EMB1082_蓝牙接口说明.md,6709,247668bb06785b2acc3d6d71c7cee150c2183fa06a8342ee0b4c4207f7eba295,247668bb06785b2acc3d6d71c7cee150c2183fa06a8342ee0b4c4207f7eba295,True
tw66gw02/MDK-ARM/DebugConfig/tw66gw02_STM32F030C8Tx_1.0.1.dbgconf,2148,84df6b891b456893fe861a92ebedea76ec1257e871a909d786cef6d9c04a0c6c,84df6b891b456893fe861a92ebedea76ec1257e871a909d786cef6d9c04a0c6c,True
tw66gw02/MDK-ARM/RTE/_tw66gw02/RTE_Components.h,247,502c14cf7194aaab65f49dacff2cbc93eb177bb56fec3b8db50beae278fde921,502c14cf7194aaab65f49dacff2cbc93eb177bb56fec3b8db50beae278fde921,True
tw66gw02/MDK-ARM/boot_image.o,3184,2ad7218e886f1d7c9dcf87102be07f1ab93b743841953a600ed79f8a6faf1905,2ad7218e886f1d7c9dcf87102be07f1ab93b743841953a600ed79f8a6faf1905,True
tw66gw02/MDK-ARM/boot_image.s,263,a808a15dd4099c66191829c5e78fa29d156df554cd8f438fe862dcc3fa9339e5,a808a15dd4099c66191829c5e78fa29d156df554cd8f438fe862dcc3fa9339e5,True
tw66gw02/MDK-ARM/startup_stm32f030x8.lst,28735,25ffdf1f4e41babd229f7417d5c8aefcb50a6f35909dcec1a6ded7e23c24666b,25ffdf1f4e41babd229f7417d5c8aefcb50a6f35909dcec1a6ded7e23c24666b,True
tw66gw02/MDK-ARM/startup_stm32f030x8.s,9525,ced5779d000dc89b58cd8e05373f5b315aed1f3a2dd1a7450e1c81fa19231dd0,ced5779d000dc89b58cd8e05373f5b315aed1f3a2dd1a7450e1c81fa19231dd0,True
tw66gw02/MDK-ARM/tw66gw02.hex,81702,4c67bfdebbca42c5d5dd8ba57834e0cd70bd3e64de1f41f442094051b15b4125,4c67bfdebbca42c5d5dd8ba57834e0cd70bd3e64de1f41f442094051b15b4125,True
tw66gw02/MDK-ARM/tw66gw02.uvprojx,45437,c1b313d01aa8da653aa3c116e5aab768a9da660a64dcb22f17edd41375f22222,c1b313d01aa8da653aa3c116e5aab768a9da660a64dcb22f17edd41375f22222,True
tw66gw02/MDK-ARM/tw66gw02/adc.crf,403435,fc484ed09b34d63646d0e37afca1c1c76120f6bc01c6954a8e168ca3a8755a0c,fc484ed09b34d63646d0e37afca1c1c76120f6bc01c6954a8e168ca3a8755a0c,True
tw66gw02/MDK-ARM/tw66gw02/adc.d,2628,4e3779038a953d9e1ac862f254bdb3d5d62d15a2189e5a743496d3fb69e31a98,4e3779038a953d9e1ac862f254bdb3d5d62d15a2189e5a743496d3fb69e31a98,True
tw66gw02/MDK-ARM/tw66gw02/adc.o,472636,93b31cf88232489d4c548f50662c3d33b3d30627099d0e95e1fe8635db4b2bd6,93b31cf88232489d4c548f50662c3d33b3d30627099d0e95e1fe8635db4b2bd6,True
tw66gw02/MDK-ARM/tw66gw02/bh66f5242.crf,446077,3ec76d736395012eab1ed9fdfbf2ba56a3be15ef8c4c92d75fa190a2230e443e,3ec76d736395012eab1ed9fdfbf2ba56a3be15ef8c4c92d75fa190a2230e443e,True
tw66gw02/MDK-ARM/tw66gw02/bh66f5242.d,3866,f35897032835d2a41073dbf94534ff9823e045f3ea6fca8230d8b8289c727b6c,f35897032835d2a41073dbf94534ff9823e045f3ea6fca8230d8b8289c727b6c,True
tw66gw02/MDK-ARM/tw66gw02/bh66f5242.o,512764,f2396f41684760f14151022e4763cf27d7fa1f8f1da7d04009f88ebd30592622,f2396f41684760f14151022e4763cf27d7fa1f8f1da7d04009f88ebd30592622,True
tw66gw02/MDK-ARM/tw66gw02/c8721.crf,416822,4e2b0217388d2a9c575826bcbb5ace6fffac0f79617293e984de1171e9f04552,4e2b0217388d2a9c575826bcbb5ace6fffac0f79617293e984de1171e9f04552,True
tw66gw02/MDK-ARM/tw66gw02/c8721.d,2859,8f7ab061894a40349bc4d6687c744d94d45997fbf54b505d604d910804795549,8f7ab061894a40349bc4d6687c744d94d45997fbf54b505d604d910804795549,True
tw66gw02/MDK-ARM/tw66gw02/c8721.o,504768,bdb40e7920d381be55ddfc7b6d6ca6028419abd18d0583f965ac482684dbf7c7,bdb40e7920d381be55ddfc7b6d6ca6028419abd18d0583f965ac482684dbf7c7,True
tw66gw02/MDK-ARM/tw66gw02/dma.crf,402245,053a196040addb4732cbe2eb1a60a13c82f5e5d4f7971005c0b40f4cfcc9d69c,053a196040addb4732cbe2eb1a60a13c82f5e5d4f7971005c0b40f4cfcc9d69c,True
tw66gw02/MDK-ARM/tw66gw02/dma.d,2628,a56425f6fe2904caffbb5a8865ef8be573b10dbe5d583c6434d5d5812c2f50e3,a56425f6fe2904caffbb5a8865ef8be573b10dbe5d583c6434d5d5812c2f50e3,True
tw66gw02/MDK-ARM/tw66gw02/dma.o,468068,fd6d27ea19667e8b2a9b1325aa44d6b2cfef947b2f2b78fe279ec7b7187883a9,fd6d27ea19667e8b2a9b1325aa44d6b2cfef947b2f2b78fe279ec7b7187883a9,True
tw66gw02/MDK-ARM/tw66gw02/gpio.crf,403143,fc776e72d68364a730c80215c3eef1546912371cabc65a0992842ceaa3d677e2,fc776e72d68364a730c80215c3eef1546912371cabc65a0992842ceaa3d677e2,True
tw66gw02/MDK-ARM/tw66gw02/gpio.d,2667,afd425dd97c7b1993918131e4b79c33d4d4f3dd0aff4bde961f2d5524eb66938,afd425dd97c7b1993918131e4b79c33d4d4f3dd0aff4bde961f2d5524eb66938,True
tw66gw02/MDK-ARM/tw66gw02/gpio.o,468580,66c80a24939108bd4aeb41869546801da718c3c78d3d34e4c080949b7fb54ead,66c80a24939108bd4aeb41869546801da718c3c78d3d34e4c080949b7fb54ead,True
tw66gw02/MDK-ARM/tw66gw02/key.crf,447093,f84f55c61c159173c1678d2bfde7a8021ae66e42318fed9a5b97d03b1e4a4941,f84f55c61c159173c1678d2bfde7a8021ae66e42318fed9a5b97d03b1e4a4941,True
tw66gw02/MDK-ARM/tw66gw02/key.d,3518,f9194e9b9786b615fb1d1affb89512c98090edb1f05857dbd1f1a007db2c4bac,f9194e9b9786b615fb1d1affb89512c98090edb1f05857dbd1f1a007db2c4bac,True
tw66gw02/MDK-ARM/tw66gw02/key.o,520252,8d591be2fc7353dc4dfe28340234b474d177207ec6f5f457a64d5babdcde58a0,8d591be2fc7353dc4dfe28340234b474d177207ec6f5f457a64d5babdcde58a0,True
tw66gw02/MDK-ARM/tw66gw02/main.crf,450054,4f2e82f90cf09a3d8ad93f84283a38c72304584c97aa059f70ae1795bda8d798,4f2e82f90cf09a3d8ad93f84283a38c72304584c97aa059f70ae1795bda8d798,True
tw66gw02/MDK-ARM/tw66gw02/main.d,3699,2c8c231a15ba1b20b64583533a4f11b7f75acbf5de9388cdd58461f706610759,2c8c231a15ba1b20b64583533a4f11b7f75acbf5de9388cdd58461f706610759,True
tw66gw02/MDK-ARM/tw66gw02/main.o,513956,957e70c1d3cc6d5a9bb457f94b2b65b4c402995dc3a0f49af2ac31e4465d7c82,957e70c1d3cc6d5a9bb457f94b2b65b4c402995dc3a0f49af2ac31e4465d7c82,True
tw66gw02/MDK-ARM/tw66gw02/main_control.crf,455720,eac4e4ed16ba248d522dd73a1b8d7fb700f9b2ec4beb2bbf5634203d06e8cb78,eac4e4ed16ba248d522dd73a1b8d7fb700f9b2ec4beb2bbf5634203d06e8cb78,True
tw66gw02/MDK-ARM/tw66gw02/main_control.d,4088,b1aa71125b3887f9aa87c375362669d528c60d4a0ada87d1e54be819b4166329,b1aa71125b3887f9aa87c375362669d528c60d4a0ada87d1e54be819b4166329,True
tw66gw02/MDK-ARM/tw66gw02/main_control.o,559160,996a45ed690c3ad1c369be3ae844d6e83feaea4dc73cc72a6ec1db3049398517,996a45ed690c3ad1c369be3ae844d6e83feaea4dc73cc72a6ec1db3049398517,True
tw66gw02/MDK-ARM/tw66gw02/ota_boot.crf,449060,5f89a0030b5a5fdf44cf150310afb537aac32cabbf497a5e412a8eba48c01d7e,5f89a0030b5a5fdf44cf150310afb537aac32cabbf497a5e412a8eba48c01d7e,True
tw66gw02/MDK-ARM/tw66gw02/ota_boot.d,3894,6fd58e4d0f185082269ae69a810219e2aefc2a50659707567ae93c459e483bf4,6fd58e4d0f185082269ae69a810219e2aefc2a50659707567ae93c459e483bf4,True
tw66gw02/MDK-ARM/tw66gw02/ota_boot.o,515604,e42841b552772c901da6d574227df4422af843212c50a8dcaaccb3ec2a567dde,e42841b552772c901da6d574227df4422af843212c50a8dcaaccb3ec2a567dde,True
tw66gw02/MDK-ARM/tw66gw02/ota_update.crf,454445,cdc7cee1caf989c47fcf1ccd13d082cf9e593021231e3191cbc99a1a35a7e468,cdc7cee1caf989c47fcf1ccd13d082cf9e593021231e3191cbc99a1a35a7e468,True
tw66gw02/MDK-ARM/tw66gw02/ota_update.d,4060,d9695d1d78c31c822c2022ccc8b3f9b2478c11d8bab086c6d76ab5ed95ebfb88,d9695d1d78c31c822c2022ccc8b3f9b2478c11d8bab086c6d76ab5ed95ebfb88,True
tw66gw02/MDK-ARM/tw66gw02/ota_update.o,538488,85a6a09f4a3848bd8cbdb39ebe55e7b1e98a194882f6e280d0a497e7c2657b17,85a6a09f4a3848bd8cbdb39ebe55e7b1e98a194882f6e280d0a497e7c2657b17,True
tw66gw02/MDK-ARM/tw66gw02/screen_c8721.crf,448587,cf73228ed68f45c1cf2b7b68182535c29fbb9c5169f4b0a08b3eb3e0216d4438,cf73228ed68f45c1cf2b7b68182535c29fbb9c5169f4b0a08b3eb3e0216d4438,True
tw66gw02/MDK-ARM/tw66gw02/screen_c8721.d,4040,1c53331b943ec69ea2e25560c176122903d6cef7ebe95fccd023118f9fc88d82,1c53331b943ec69ea2e25560c176122903d6cef7ebe95fccd023118f9fc88d82,True
tw66gw02/MDK-ARM/tw66gw02/screen_c8721.o,522132,95b6bccaebf3cb13dcd51bf360d69e8f29f32cd5989e654641a2787f31b0e301,95b6bccaebf3cb13dcd51bf360d69e8f29f32cd5989e654641a2787f31b0e301,True
tw66gw02/MDK-ARM/tw66gw02/shutdown.crf,445747,64c88a1da500e051da02883444e29d561c1b6aaf7fa56d25ca618fa288ecb38c,64c88a1da500e051da02883444e29d561c1b6aaf7fa56d25ca618fa288ecb38c,True
tw66gw02/MDK-ARM/tw66gw02/shutdown.d,3808,a769e71941a50e8f89c2b10815ff6c8f40968a0801927ebcb2916e5e57bd3df2,a769e71941a50e8f89c2b10815ff6c8f40968a0801927ebcb2916e5e57bd3df2,True
tw66gw02/MDK-ARM/tw66gw02/shutdown.o,506760,60e8b5900f1f6fceb74211ae9c469456b9637ad2e729ccf4d63a0413745b2e96,60e8b5900f1f6fceb74211ae9c469456b9637ad2e729ccf4d63a0413745b2e96,True
tw66gw02/MDK-ARM/tw66gw02/start_up.crf,446014,98619d8c707691cd5bdfc5ab6dbf34716e701bfbd2ba3e63ea8b3b0497cd5a6f,98619d8c707691cd5bdfc5ab6dbf34716e701bfbd2ba3e63ea8b3b0497cd5a6f,True
tw66gw02/MDK-ARM/tw66gw02/start_up.d,3808,cd84b17acf96d48955badd5390a7728a2586eb9b0260c328cacf93649ebf326b,cd84b17acf96d48955badd5390a7728a2586eb9b0260c328cacf93649ebf326b,True
tw66gw02/MDK-ARM/tw66gw02/start_up.o,509248,20a0c6ce8a6efe5dc451ad26d9ca1a541be6f089aa157ce7958efa1c9f5cd54c,20a0c6ce8a6efe5dc451ad26d9ca1a541be6f089aa157ce7958efa1c9f5cd54c,True
tw66gw02/MDK-ARM/tw66gw02/startup_stm32f030x8.d,57,405333b9fc1f12a85cf60e649d8acdcce8fb3c3db298fec34ee8ec85938725d8,405333b9fc1f12a85cf60e649d8acdcce8fb3c3db298fec34ee8ec85938725d8,True
tw66gw02/MDK-ARM/tw66gw02/startup_stm32f030x8.o,4612,9038d5b8e3235030c45d54cec5929793553593dcbb046ef52eb10873bcacc3fb,9038d5b8e3235030c45d54cec5929793553593dcbb046ef52eb10873bcacc3fb,True
tw66gw02/MDK-ARM/tw66gw02/stm32f0xx_hal.crf,403494,66c4bb096cd2e1b7ac06e7d1654ea67f3ad2513a2001f525f75b234a303ead85,66c4bb096cd2e1b7ac06e7d1654ea67f3ad2513a2001f525f75b234a303ead85,True
tw66gw02/MDK-ARM/tw66gw02/stm32f0xx_hal.d,2937,9bd22e65cc814fbd164205737ef61ba2699a3eb6ed6a0be2188535fa57fbf4b7,9bd22e65cc814fbd164205737ef61ba2699a3eb6ed6a0be2188535fa57fbf4b7,True
tw66gw02/MDK-ARM/tw66gw02/stm32f0xx_hal.o,498024,ea2771b81cc1d238df068fe658c55f89bdf8cdbad12da1434b707955c439a26e,ea2771b81cc1d238df068fe658c55f89bdf8cdbad12da1434b707955c439a26e,True
tw66gw02/MDK-ARM/tw66gw02/stm32f0xx_hal_adc.crf,416142,2316638d326143a8627d8de9906e97be07cd8350123bd9e3c525a307ad45a42e,2316638d326143a8627d8de9906e97be07cd8350123bd9e3c525a307ad45a42e,True
tw66gw02/MDK-ARM/tw66gw02/stm32f0xx_hal_adc.d,3081,8f9eb27465b27f34cb9e8e4180bac957fa6faf770bad1d9e94e68018538706eb,8f9eb27465b27f34cb9e8e4180bac957fa6faf770bad1d9e94e68018538706eb,True
tw66gw02/MDK-ARM/tw66gw02/stm32f0xx_hal_adc.o,512432,222a6026f4b7303240b8ba8ec8dd270dabfa467ceb46b3089a7c965acc3c81cd,222a6026f4b7303240b8ba8ec8dd270dabfa467ceb46b3089a7c965acc3c81cd,True
tw66gw02/MDK-ARM/tw66gw02/stm32f0xx_hal_adc_ex.crf,402722,8d2bde600ad562b38a1f4f473db01ff19bf05f5133505e98d9a2d754bb564c7c,8d2bde600ad562b38a1f4f473db01ff19bf05f5133505e98d9a2d754bb564c7c,True
tw66gw02/MDK-ARM/tw66gw02/stm32f0xx_hal_adc_ex.d,3189,1b06fd59f1ecc9c74ab7eaaa988ce091f14ce8bfdb3817ee1af0324ef07470a1,1b06fd59f1ecc9c74ab7eaaa988ce091f14ce8bfdb3817ee1af0324ef07470a1,True
tw66gw02/MDK-ARM/tw66gw02/stm32f0xx_hal_adc_ex.o,467664,49cde4730d29a180401a4e0220fcdf4748abdf39836b00a63d3348794c3fe1e9,49cde4730d29a180401a4e0220fcdf4748abdf39836b00a63d3348794c3fe1e9,True
tw66gw02/MDK-ARM/tw66gw02/stm32f0xx_hal_cortex.crf,402580,571ef53fffc8b40c931f4dd7703abf49e57a994a93bab5c1cbd3ab7bf77fe201,571ef53fffc8b40c931f4dd7703abf49e57a994a93bab5c1cbd3ab7bf77fe201,True
tw66gw02/MDK-ARM/tw66gw02/stm32f0xx_hal_cortex.d,3189,b120312a5b052b5a5a33d5cc966e948bd0b9a5099b9d5d3c55e3036da0b197ff,b120312a5b052b5a5a33d5cc966e948bd0b9a5099b9d5d3c55e3036da0b197ff,True
tw66gw02/MDK-ARM/tw66gw02/stm32f0xx_hal_cortex.o,485136,360858fa61ce95e9dd3f17e5dae107718d02903f9a05c122ddbf175a86663609,360858fa61ce95e9dd3f17e5dae107718d02903f9a05c122ddbf175a86663609,True
tw66gw02/MDK-ARM/tw66gw02/stm32f0xx_hal_dma.crf,407120,25aceac53898f4b1db41322dc92328fa35a4d7559f4b57b17f076d18dc45f40a,25aceac53898f4b1db41322dc92328fa35a4d7559f4b57b17f076d18dc45f40a,True
tw66gw02/MDK-ARM/tw66gw02/stm32f0xx_hal_dma.d,3081,87e85e433de3bd9d616c3e43dd0a273c5c3f86ae8d70afa5a2d627065137c4c2,87e85e433de3bd9d616c3e43dd0a273c5c3f86ae8d70afa5a2d627065137c4c2,True
tw66gw02/MDK-ARM/tw66gw02/stm32f0xx_hal_dma.o,489520,f8c65a751ed45cd5605cbce42106837ed14c9cb3d4162c72d9c78547e8186556,f8c65a751ed45cd5605cbce42106837ed14c9cb3d4162c72d9c78547e8186556,True
tw66gw02/MDK-ARM/tw66gw02/stm32f0xx_hal_exti.crf,405074,625001acbc33ace19faa479c0811f338446971a6fa7411578c921d58fd7c5996,625001acbc33ace19faa479c0811f338446971a6fa7411578c921d58fd7c5996,True
tw66gw02/MDK-ARM/tw66gw02/stm32f0xx_hal_exti.d,3117,04165bd4eaa333203a30ef0c8a4cc364903e78309f6571093d380277e90376a2,04165bd4eaa333203a30ef0c8a4cc364903e78309f6571093d380277e90376a2,True
tw66gw02/MDK-ARM/tw66gw02/stm32f0xx_hal_exti.o,480440,db3812cbbd42f0661c87cfda1255dd7029302bb8be7ae90d2ddb5ccccc0df64f,db3812cbbd42f0661c87cfda1255dd7029302bb8be7ae90d2ddb5ccccc0df64f,True
tw66gw02/MDK-ARM/tw66gw02/stm32f0xx_hal_flash.crf,405623,240224cb124fc79fbcc5f7a6e4f319ad9d7c51b752dcf2ee40392688b1705ad3,240224cb124fc79fbcc5f7a6e4f319ad9d7c51b752dcf2ee40392688b1705ad3,True
tw66gw02/MDK-ARM/tw66gw02/stm32f0xx_hal_flash.d,3153,5100b4ec30605d9dd3650b99bcc2d0199cd872a93bbfcb0e81341cb5c7469374,5100b4ec30605d9dd3650b99bcc2d0199cd872a93bbfcb0e81341cb5c7469374,True
tw66gw02/MDK-ARM/tw66gw02/stm32f0xx_hal_flash.o,488236,ba7d450227da7c70fe23b7689181271a90aaa1ed6582ba7dc687bd9150edaf82,ba7d450227da7c70fe23b7689181271a90aaa1ed6582ba7dc687bd9150edaf82,True
tw66gw02/MDK-ARM/tw66gw02/stm32f0xx_hal_flash_ex.crf,407490,338d58ef4d4e28b722e1d71a066f63d6edd0187c70ecb8bc99b590f176c7b2c4,338d58ef4d4e28b722e1d71a066f63d6edd0187c70ecb8bc99b590f176c7b2c4,True
tw66gw02/MDK-ARM/tw66gw02/stm32f0xx_hal_flash_ex.d,3261,c4395e339fa0af3e7fb9e3c2b59372205c84e2caa07320d6614c119447efec2f,c4395e339fa0af3e7fb9e3c2b59372205c84e2caa07320d6614c119447efec2f,True
tw66gw02/MDK-ARM/tw66gw02/stm32f0xx_hal_flash_ex.o,486764,69f4e5a6cfb2142a366e61667faf2e147d0eae0f951d6995ce8aa8f759c1b062,69f4e5a6cfb2142a366e61667faf2e147d0eae0f951d6995ce8aa8f759c1b062,True
tw66gw02/MDK-ARM/tw66gw02/stm32f0xx_hal_gpio.crf,405065,d7893446c5d2750e13d63bda1e55ebe7acf0ac2d754f78d34e9ce2e12aa59cfc,d7893446c5d2750e13d63bda1e55ebe7acf0ac2d754f78d34e9ce2e12aa59cfc,True
tw66gw02/MDK-ARM/tw66gw02/stm32f0xx_hal_gpio.d,3117,0858b080ed6cb2d16c190586f1da2f41f8543b408e0947b4a8d1335b427ef906,0858b080ed6cb2d16c190586f1da2f41f8543b408e0947b4a8d1335b427ef906,True
tw66gw02/MDK-ARM/tw66gw02/stm32f0xx_hal_gpio.o,478540,b72faad4841df50f763196b5876ebef763e5cc2cf6ba8a6e0388f84d93b21c83,b72faad4841df50f763196b5876ebef763e5cc2cf6ba8a6e0388f84d93b21c83,True
tw66gw02/MDK-ARM/tw66gw02/stm32f0xx_hal_i2c.crf,465053,5e00e2f8b23fdeb3c207a55244bafa23419d2b15eafb1241a4c80d1f292ccdef,5e00e2f8b23fdeb3c207a55244bafa23419d2b15eafb1241a4c80d1f292ccdef,True
tw66gw02/MDK-ARM/tw66gw02/stm32f0xx_hal_i2c.d,3081,8b8b3ba61dabe98f1d63130d9c23083b8db62366b2ed1f054d8cb134a02ad179,8b8b3ba61dabe98f1d63130d9c23083b8db62366b2ed1f054d8cb134a02ad179,True
tw66gw02/MDK-ARM/tw66gw02/stm32f0xx_hal_i2c.o,622516,69008edd359e5e41d97a82879ce4cc76387ff9e97334a70e1ee29c014abcea1d,69008edd359e5e41d97a82879ce4cc76387ff9e97334a70e1ee29c014abcea1d,True
tw66gw02/MDK-ARM/tw66gw02/stm32f0xx_hal_i2c_ex.crf,403041,166926676bca2c112438cae5fa14941bb2dc7b0000a167699259e1bc2050d986,166926676bca2c112438cae5fa14941bb2dc7b0000a167699259e1bc2050d986,True
tw66gw02/MDK-ARM/tw66gw02/stm32f0xx_hal_i2c_ex.d,3189,02022336b5cee7fb9b661141cd89c4300e0f42bb71c21fe461204895ec238e88,02022336b5cee7fb9b661141cd89c4300e0f42bb71c21fe461204895ec238e88,True
tw66gw02/MDK-ARM/tw66gw02/stm32f0xx_hal_i2c_ex.o,471976,653d45d60a77de53f80360de3e631576a2d4524471ec668bfe30da5214517f53,653d45d60a77de53f80360de3e631576a2d4524471ec668bfe30da5214517f53,True
tw66gw02/MDK-ARM/tw66gw02/stm32f0xx_hal_msp.crf,402232,c27fe04ea9d5bb6a45d6bdb01d86542712aa4e5f11bf040a2dc7588d750c0d62,c27fe04ea9d5bb6a45d6bdb01d86542712aa4e5f11bf040a2dc7588d750c0d62,True
tw66gw02/MDK-ARM/tw66gw02/stm32f0xx_hal_msp.d,3109,1cfce34343afe8c3b4e11a3bf1fc67503ae0c0923ce9daa8c25ab098439fa4c1,1cfce34343afe8c3b4e11a3bf1fc67503ae0c0923ce9daa8c25ab098439fa4c1,True
tw66gw02/MDK-ARM/tw66gw02/stm32f0xx_hal_msp.o,467452,5ec491295ed641c16927284c8fd287220bffe91e6d50c771a59d29c70ecb2801,5ec491295ed641c16927284c8fd287220bffe91e6d50c771a59d29c70ecb2801,True
tw66gw02/MDK-ARM/tw66gw02/stm32f0xx_hal_pwr.crf,403182,890166681efe69c94d113a43a0ca9da6fb6882b283e673f9e70333e67c1ca94d,890166681efe69c94d113a43a0ca9da6fb6882b283e673f9e70333e67c1ca94d,True
tw66gw02/MDK-ARM/tw66gw02/stm32f0xx_hal_pwr.d,3081,f3d640e4860b721204833e1be3e9a92308712b0bfdc6169df9f4e17a86304d2a,f3d640e4860b721204833e1be3e9a92308712b0bfdc6169df9f4e17a86304d2a,True
tw66gw02/MDK-ARM/tw66gw02/stm32f0xx_hal_pwr.o,481964,5de680cafe2cdd472a0c3f7534f2a327415def598de34ae02461e15f1ff7de56,5de680cafe2cdd472a0c3f7534f2a327415def598de34ae02461e15f1ff7de56,True
tw66gw02/MDK-ARM/tw66gw02/stm32f0xx_hal_pwr_ex.crf,402022,d2839b9bf5702445b19e563db81324bfca5d09604cf482a7ea0df754e44fbf6c,d2839b9bf5702445b19e563db81324bfca5d09604cf482a7ea0df754e44fbf6c,True
tw66gw02/MDK-ARM/tw66gw02/stm32f0xx_hal_pwr_ex.d,3189,a3890bae45e368a1cd5cee443be91c17d33954eca2d89cf36f033d495b93c1f5,a3890bae45e368a1cd5cee443be91c17d33954eca2d89cf36f033d495b93c1f5,True
tw66gw02/MDK-ARM/tw66gw02/stm32f0xx_hal_pwr_ex.o,465364,9b82f27675903a19aa616741476c638cfdfbd414fe114325f07df222dc96f893,9b82f27675903a19aa616741476c638cfdfbd414fe114325f07df222dc96f893,True
tw66gw02/MDK-ARM/tw66gw02/stm32f0xx_hal_rcc.crf,415480,cf528c246aef48c80e09eec94fe4124afb739bea74bd46d7c1633c094af51a5a,cf528c246aef48c80e09eec94fe4124afb739bea74bd46d7c1633c094af51a5a,True
tw66gw02/MDK-ARM/tw66gw02/stm32f0xx_hal_rcc.d,3081,dd4f573215446b18d636ea22d2ce700ac1c2a64ade960e8a723b65a1ca4e407f,dd4f573215446b18d636ea22d2ce700ac1c2a64ade960e8a723b65a1ca4e407f,True
tw66gw02/MDK-ARM/tw66gw02/stm32f0xx_hal_rcc.o,489616,b0b75c110505446d38a41769b18bf52f974226315ff01b2d4dde479eb7b374ca,b0b75c110505446d38a41769b18bf52f974226315ff01b2d4dde479eb7b374ca,True
tw66gw02/MDK-ARM/tw66gw02/stm32f0xx_hal_rcc_ex.crf,404498,c312909c6fb3eb94e441afb3dcc88d8bf854be4acbeaea9466f2b9493f3ff4b0,c312909c6fb3eb94e441afb3dcc88d8bf854be4acbeaea9466f2b9493f3ff4b0,True
tw66gw02/MDK-ARM/tw66gw02/stm32f0xx_hal_rcc_ex.d,3189,c19754df4d4354e96f218449531f8575131dc0fb42ecf04e0e8585e37bc2e20b,c19754df4d4354e96f218449531f8575131dc0fb42ecf04e0e8585e37bc2e20b,True
tw66gw02/MDK-ARM/tw66gw02/stm32f0xx_hal_rcc_ex.o,471528,9eea38dbf478dda0377e891cae6e860cb391d63613a1d19ccc4270d436153773,9eea38dbf478dda0377e891cae6e860cb391d63613a1d19ccc4270d436153773,True
tw66gw02/MDK-ARM/tw66gw02/stm32f0xx_hal_tim.crf,469176,467364bdf4791d5c89ddaeff2e500915096ade3084b8e014098ee02a740874ab,467364bdf4791d5c89ddaeff2e500915096ade3084b8e014098ee02a740874ab,True
tw66gw02/MDK-ARM/tw66gw02/stm32f0xx_hal_tim.d,3081,67926ed0547e7624366cdc402e336e94309b78af98d63e369ff47ac1eb2ad795,67926ed0547e7624366cdc402e336e94309b78af98d63e369ff47ac1eb2ad795,True
tw66gw02/MDK-ARM/tw66gw02/stm32f0xx_hal_tim.o,669976,f52f75435cb0a4e6805089f8030073169940bf1585b468fddc9a9246d716c454,f52f75435cb0a4e6805089f8030073169940bf1585b468fddc9a9246d716c454,True
tw66gw02/MDK-ARM/tw66gw02/stm32f0xx_hal_tim_ex.crf,428203,ac25ba3da8490f0006999a179f3a0d0da9a0e92a018c84eb80f55285e06f13d5,ac25ba3da8490f0006999a179f3a0d0da9a0e92a018c84eb80f55285e06f13d5,True
tw66gw02/MDK-ARM/tw66gw02/stm32f0xx_hal_tim_ex.d,3189,0b8cf91ba394fe3b4f217d3dede6275a6b10ae9857bb03f5b29463fcc4cb09ee,0b8cf91ba394fe3b4f217d3dede6275a6b10ae9857bb03f5b29463fcc4cb09ee,True
tw66gw02/MDK-ARM/tw66gw02/stm32f0xx_hal_tim_ex.o,541704,051d837a490f6f5f48f785258a9fdd590d11cc7d759a8d21546e237dcc9e96e8,051d837a490f6f5f48f785258a9fdd590d11cc7d759a8d21546e237dcc9e96e8,True
tw66gw02/MDK-ARM/tw66gw02/stm32f0xx_hal_uart.crf,431061,2c4400a3bb1f49d71d1c8c7aab21fe309cb488b1e375b0879e84378242f48f42,2c4400a3bb1f49d71d1c8c7aab21fe309cb488b1e375b0879e84378242f48f42,True
tw66gw02/MDK-ARM/tw66gw02/stm32f0xx_hal_uart.d,3117,decb2b54c92e1ba0f1a11a88e77cb97d283f595a61655529fd36c7d114e1ead7,decb2b54c92e1ba0f1a11a88e77cb97d283f595a61655529fd36c7d114e1ead7,True
tw66gw02/MDK-ARM/tw66gw02/stm32f0xx_hal_uart.o,597760,49b8044af8b4f714a7823b13df11d808ad0f234da2995028c4536034b4694643,49b8044af8b4f714a7823b13df11d808ad0f234da2995028c4536034b4694643,True
tw66gw02/MDK-ARM/tw66gw02/stm32f0xx_hal_uart_ex.crf,404784,c4267352ad84196e29d824576d54693460343037587901d0845b428efe3cb192,c4267352ad84196e29d824576d54693460343037587901d0845b428efe3cb192,True
tw66gw02/MDK-ARM/tw66gw02/stm32f0xx_hal_uart_ex.d,3225,50bc8f717998233823800db917ec893bbefa09a0fe6f3300063da09d701b18f4,50bc8f717998233823800db917ec893bbefa09a0fe6f3300063da09d701b18f4,True
tw66gw02/MDK-ARM/tw66gw02/stm32f0xx_hal_uart_ex.o,478488,da16f2459fe89139aedd09cbb8e8376b378bc02521ae27f227b5d7371f5f1421,da16f2459fe89139aedd09cbb8e8376b378bc02521ae27f227b5d7371f5f1421,True
tw66gw02/MDK-ARM/tw66gw02/stm32f0xx_it.crf,446491,2eb830184682c75998a18cd7ad7825602fefa22ab7fab02fd342eec74b6cc521,2eb830184682c75998a18cd7ad7825602fefa22ab7fab02fd342eec74b6cc521,True
tw66gw02/MDK-ARM/tw66gw02/stm32f0xx_it.d,4100,1cdd1360cb386aae105267957f10a9658cc9de152722640356ff68c768b81db3,1cdd1360cb386aae105267957f10a9658cc9de152722640356ff68c768b81db3,True
tw66gw02/MDK-ARM/tw66gw02/stm32f0xx_it.o,520412,594a5a602f84964521a6adb11294e957422ba94df06bea462f2c497e6f43a266,594a5a602f84964521a6adb11294e957422ba94df06bea462f2c497e6f43a266,True
tw66gw02/MDK-ARM/tw66gw02/system_stm32f0xx.crf,402603,fd56b110967460e7c96c69bd5b1ff3c004b57ceaa24148f9ded351ff0a69c044,fd56b110967460e7c96c69bd5b1ff3c004b57ceaa24148f9ded351ff0a69c044,True
tw66gw02/MDK-ARM/tw66gw02/system_stm32f0xx.d,3026,f44c2d2cb805b8ef8224db5efdd99d3346fd357057e4d482842fdb634a1c63b9,f44c2d2cb805b8ef8224db5efdd99d3346fd357057e4d482842fdb634a1c63b9,True
tw66gw02/MDK-ARM/tw66gw02/system_stm32f0xx.o,468952,29dd2935c87a718823efbca2e6d4d64ecfe5a4ea294bde2d266e54666fd88f24,29dd2935c87a718823efbca2e6d4d64ecfe5a4ea294bde2d266e54666fd88f24,True
tw66gw02/MDK-ARM/tw66gw02/taskscheduler.crf,5688,dce1ed1e7edac01f0b1dac977880c4d21ab847812e30f8d4e7b3cc97821d8136,dce1ed1e7edac01f0b1dac977880c4d21ab847812e30f8d4e7b3cc97821d8136,True
tw66gw02/MDK-ARM/tw66gw02/taskscheduler.d,190,b22ad9e8e84f796e3becdc72ccc635ce36ec1e0c1bfcfc141b6b424e856d13bd,b22ad9e8e84f796e3becdc72ccc635ce36ec1e0c1bfcfc141b6b424e856d13bd,True
tw66gw02/MDK-ARM/tw66gw02/taskscheduler.o,20496,ef8060caf24b7bed86fe2bb1121cc0481a0a6dcbdccbcd488022ebdaf2017961,ef8060caf24b7bed86fe2bb1121cc0481a0a6dcbdccbcd488022ebdaf2017961,True
tw66gw02/MDK-ARM/tw66gw02/temp.crf,454375,a5132c7861740e202f7b8c200066dd538261c3d261dd0eddfe977f3ba776a312,a5132c7861740e202f7b8c200066dd538261c3d261dd0eddfe977f3ba776a312,True
tw66gw02/MDK-ARM/tw66gw02/temp.d,3576,c39dde2b76b8771952e85a6132e1d33d3386c3513f441a3fbc4ad31599362953,c39dde2b76b8771952e85a6132e1d33d3386c3513f441a3fbc4ad31599362953,True
tw66gw02/MDK-ARM/tw66gw02/temp.o,540260,1971dc981ba5b04657f3637734eff1393f675c0b29b5aad107eb948ff8b75067,1971dc981ba5b04657f3637734eff1393f675c0b29b5aad107eb948ff8b75067,True
tw66gw02/MDK-ARM/tw66gw02/test.crf,445763,6849cd6b34eeb512f7bc99502a8a68f61b6f79baad6e8b037fa6bf67206bf59f,6849cd6b34eeb512f7bc99502a8a68f61b6f79baad6e8b037fa6bf67206bf59f,True
tw66gw02/MDK-ARM/tw66gw02/test.d,3576,fd1df557ad797a4ec826fbb74818ebae24865fb1331f07d8a324245352f108fe,fd1df557ad797a4ec826fbb74818ebae24865fb1331f07d8a324245352f108fe,True
tw66gw02/MDK-ARM/tw66gw02/test.o,505312,c9ee1558b58e699965145db73dacddc819c6fe6b9bd51583f758383ddb9fd724,c9ee1558b58e699965145db73dacddc819c6fe6b9bd51583f758383ddb9fd724,True
tw66gw02/MDK-ARM/tw66gw02/tim.crf,402688,964969dc527f550237ff132145724b68f30e6c90a3a2ae6cc2c877c1138ac4db,964969dc527f550237ff132145724b68f30e6c90a3a2ae6cc2c877c1138ac4db,True
tw66gw02/MDK-ARM/tw66gw02/tim.d,2628,c375c4c693d6a71eb90901ede1ce3dd8172e93e1ba049f6627c7ca31c1f37ce7,c375c4c693d6a71eb90901ede1ce3dd8172e93e1ba049f6627c7ca31c1f37ce7,True
tw66gw02/MDK-ARM/tw66gw02/tim.o,471956,9708e87be0f30341274253cd80e1b543c751b7fc422a9fdd5a9a6aa6e34d733d,9708e87be0f30341274253cd80e1b543c751b7fc422a9fdd5a9a6aa6e34d733d,True
tw66gw02/MDK-ARM/tw66gw02/tw66gw02.axf,572028,e42d66c96779e56e4193b00e1e7c39b0758b4e2d71dba76c2321ad4e4a2e6bf5,e42d66c96779e56e4193b00e1e7c39b0758b4e2d71dba76c2321ad4e4a2e6bf5,True
tw66gw02/MDK-ARM/tw66gw02/tw66gw02.build_log.htm,3606,5ffee09937d6c5dab2af13500eb7964916ae76a293cea97d26c540b5d9d25596,5ffee09937d6c5dab2af13500eb7964916ae76a293cea97d26c540b5d9d25596,True
tw66gw02/MDK-ARM/tw66gw02/tw66gw02.hex,81702,4c67bfdebbca42c5d5dd8ba57834e0cd70bd3e64de1f41f442094051b15b4125,4c67bfdebbca42c5d5dd8ba57834e0cd70bd3e64de1f41f442094051b15b4125,True
tw66gw02/MDK-ARM/tw66gw02/tw66gw02.htm,144597,1a22f2c933dcbcdc8af643b5df28be1218ad19cc3929532719bbf68ba835eeba,1a22f2c933dcbcdc8af643b5df28be1218ad19cc3929532719bbf68ba835eeba,True
tw66gw02/MDK-ARM/tw66gw02/tw66gw02.lnp,1556,de0fb9fd3373cdffa0f6dbe202a1ad7b6bafd63cec93d96fedbf48dc0177311d,de0fb9fd3373cdffa0f6dbe202a1ad7b6bafd63cec93d96fedbf48dc0177311d,True
tw66gw02/MDK-ARM/tw66gw02/tw66gw02.map,332783,9f0106eb92941ef3853202e665a66e6b2083e3a149cd558293eb912753f04534,9f0106eb92941ef3853202e665a66e6b2083e3a149cd558293eb912753f04534,True
tw66gw02/MDK-ARM/tw66gw02/tw66gw02_factory.generated_tw66gw02.dep,138106,50ca1df1485481e77644cdf884794d4e8e4dcda3e339bb055b475759b43005c7,50ca1df1485481e77644cdf884794d4e8e4dcda3e339bb055b475759b43005c7,True
tw66gw02/MDK-ARM/tw66gw02/usart.crf,450414,4f79d1bd1ccc090f491e336d629c2e50b703499da4f5ab4d40104ede8e4544de,4f79d1bd1ccc090f491e336d629c2e50b703499da4f5ab4d40104ede8e4544de,True
tw66gw02/MDK-ARM/tw66gw02/usart.d,3680,a84f8a658dabd00f2c028a3dd8734114d1aad0ba95fb10d98d5a48c6b0461e4c,a84f8a658dabd00f2c028a3dd8734114d1aad0ba95fb10d98d5a48c6b0461e4c,True
tw66gw02/MDK-ARM/tw66gw02/usart.o,526860,7091e8c8a85ec7727b661e2597c56f09f9a1c853df2cdde7d31bf7a1059dacfb,7091e8c8a85ec7727b661e2597c56f09f9a1c853df2cdde7d31bf7a1059dacfb,True
tw66gw02/MDK-ARM/tw66gw02/warning.crf,445794,4f51c89a574e32185ad1c6d2e3088ed2028bd867596df2ca31ea345cddae4f0b,4f51c89a574e32185ad1c6d2e3088ed2028bd867596df2ca31ea345cddae4f0b,True
tw66gw02/MDK-ARM/tw66gw02/warning.d,3750,24b5c4a3d70cbdd93f6b4ec995c8af5f819e2f55f9941e168e9fa830326e563c,24b5c4a3d70cbdd93f6b4ec995c8af5f819e2f55f9941e168e9fa830326e563c,True
tw66gw02/MDK-ARM/tw66gw02/warning.o,509388,c77e1d58a15de335af1385a62e29dc69e8fc7efb32c616bbb57376b5794637b5,c77e1d58a15de335af1385a62e29dc69e8fc7efb32c616bbb57376b5794637b5,True
tw66gw02/MDK-ARM/tw66gw02/wireless.crf,451869,edf4224659302feaefb12c039a8ef32ade214f099c1789ba29a4eff4ae75f5ff,edf4224659302feaefb12c039a8ef32ade214f099c1789ba29a4eff4ae75f5ff,True
tw66gw02/MDK-ARM/tw66gw02/wireless.d,3852,910aab8bc272a9d34ec67e0a0f62a3dedd84cb331fc27215dbead137aa6eaef9,910aab8bc272a9d34ec67e0a0f62a3dedd84cb331fc27215dbead137aa6eaef9,True
tw66gw02/MDK-ARM/tw66gw02/wireless.o,536732,9f92678fc2402719430dafcb2fd0e1e56ab8ade1db0b33c1b197e892acf5bcd3,9f92678fc2402719430dafcb2fd0e1e56ab8ade1db0b33c1b197e892acf5bcd3,True
tw66gw02/MDK-ARM/tw66gw02_app.sct,336,4572905ea080f928996a9bc0cd89a594c82f48edf0a9063771291b7e57a98706,4572905ea080f928996a9bc0cd89a594c82f48edf0a9063771291b7e57a98706,True
tw66gw02/MDK-ARM/tw66gw02_direct.sct,268,3dac24cd69ecdb1b533440d464189a34b7150f3cd89766cda02e794c13ee4e01,3dac24cd69ecdb1b533440d464189a34b7150f3cd89766cda02e794c13ee4e01,True
tw66gw02/MDK-ARM/tw66gw02_direct/adc.crf,403435,fc484ed09b34d63646d0e37afca1c1c76120f6bc01c6954a8e168ca3a8755a0c,fc484ed09b34d63646d0e37afca1c1c76120f6bc01c6954a8e168ca3a8755a0c,True
tw66gw02/MDK-ARM/tw66gw02_direct/adc.d,2887,d8b67ead3293733df7aa779a952a68cf8478ca74c3d2c56fa1f723137f3adde7,d8b67ead3293733df7aa779a952a68cf8478ca74c3d2c56fa1f723137f3adde7,True
tw66gw02/MDK-ARM/tw66gw02_direct/adc.o,472712,9c5e09e2a160a1fc382a809a58796616dddf43e5df18516b627cf702efe8cd50,9c5e09e2a160a1fc382a809a58796616dddf43e5df18516b627cf702efe8cd50,True
tw66gw02/MDK-ARM/tw66gw02_direct/bh66f5242.crf,446074,f8d7d71dd35cb0def69249bc1119d7f15967f805bc420bdb51af324b954c7539,f8d7d71dd35cb0def69249bc1119d7f15967f805bc420bdb51af324b954c7539,True
tw66gw02/MDK-ARM/tw66gw02_direct/bh66f5242.d,4265,003dd3f3662a054cf5c025621a8ac5a83a8ab1d0a1059ef4fd47eb9421be9dcc,003dd3f3662a054cf5c025621a8ac5a83a8ab1d0a1059ef4fd47eb9421be9dcc,True
tw66gw02/MDK-ARM/tw66gw02_direct/bh66f5242.o,512816,bd7368f010d11caf476ce313cf25aa2e2377546e213400c84a361969ff726bd3,bd7368f010d11caf476ce313cf25aa2e2377546e213400c84a361969ff726bd3,True
tw66gw02/MDK-ARM/tw66gw02_direct/c8721.crf,416822,4e2b0217388d2a9c575826bcbb5ace6fffac0f79617293e984de1171e9f04552,4e2b0217388d2a9c575826bcbb5ace6fffac0f79617293e984de1171e9f04552,True
tw66gw02/MDK-ARM/tw66gw02_direct/c8721.d,3139,2864f801a3582e79b82cda395c484eaff6b02f90bd8199370b649e8c6f1cc539,2864f801a3582e79b82cda395c484eaff6b02f90bd8199370b649e8c6f1cc539,True
tw66gw02/MDK-ARM/tw66gw02_direct/c8721.o,504844,b765aee87b2a93bddc690c8418125603361ce31b5133a102ff15740af9cccd62,b765aee87b2a93bddc690c8418125603361ce31b5133a102ff15740af9cccd62,True
tw66gw02/MDK-ARM/tw66gw02_direct/dma.crf,402245,053a196040addb4732cbe2eb1a60a13c82f5e5d4f7971005c0b40f4cfcc9d69c,053a196040addb4732cbe2eb1a60a13c82f5e5d4f7971005c0b40f4cfcc9d69c,True
tw66gw02/MDK-ARM/tw66gw02_direct/dma.d,2887,ac2b59ad125f25d05fbc6cabbbdacd20f3becdcdf7d05636f5564877f2387c1d,ac2b59ad125f25d05fbc6cabbbdacd20f3becdcdf7d05636f5564877f2387c1d,True
tw66gw02/MDK-ARM/tw66gw02_direct/dma.o,468144,ac6e99515f78f69031b70ec2a612e2be147ba95a2db0d9ef457e40da2d8678a5,ac6e99515f78f69031b70ec2a612e2be147ba95a2db0d9ef457e40da2d8678a5,True
tw66gw02/MDK-ARM/tw66gw02_direct/gpio.crf,403143,fc776e72d68364a730c80215c3eef1546912371cabc65a0992842ceaa3d677e2,fc776e72d68364a730c80215c3eef1546912371cabc65a0992842ceaa3d677e2,True
tw66gw02/MDK-ARM/tw66gw02_direct/gpio.d,2926,7f93b0d3b035925d48b717d3a53e2973bb4d1b58709969518c61499ba90d7000,7f93b0d3b035925d48b717d3a53e2973bb4d1b58709969518c61499ba90d7000,True
tw66gw02/MDK-ARM/tw66gw02_direct/gpio.o,468656,58b806647c71c1af0f4a3d1f31ac0c534810fdf0db667a297a10e5e2cf7dc635,58b806647c71c1af0f4a3d1f31ac0c534810fdf0db667a297a10e5e2cf7dc635,True
tw66gw02/MDK-ARM/tw66gw02_direct/key.crf,447090,e89453bcc8c847a24641cf7f151c1a4e43aeb39429e2a7e2c6ba1efa1a90d384,e89453bcc8c847a24641cf7f151c1a4e43aeb39429e2a7e2c6ba1efa1a90d384,True
tw66gw02/MDK-ARM/tw66gw02_direct/key.d,3917,37ddaf90b2cb7756f7b5554141dec4722197bb939a4cbf96527a94654c6722a0,37ddaf90b2cb7756f7b5554141dec4722197bb939a4cbf96527a94654c6722a0,True
tw66gw02/MDK-ARM/tw66gw02_direct/key.o,520304,9043b1cedd2b71bd6ef8c7795f2fbfedac5ca78f20d3cfa589137165284747a9,9043b1cedd2b71bd6ef8c7795f2fbfedac5ca78f20d3cfa589137165284747a9,True
tw66gw02/MDK-ARM/tw66gw02_direct/main.crf,450051,82bc61609f0514997a58c2b5a91351ce2dbab8a9a7ee012efe1702a05060dd9a,82bc61609f0514997a58c2b5a91351ce2dbab8a9a7ee012efe1702a05060dd9a,True
tw66gw02/MDK-ARM/tw66gw02_direct/main.d,4119,5a8d7d9310ea61b94a62c821c13615fbd8ce0132a66f912194dcafff2ac977fc,5a8d7d9310ea61b94a62c821c13615fbd8ce0132a66f912194dcafff2ac977fc,True
tw66gw02/MDK-ARM/tw66gw02_direct/main.o,514008,0d6964d17a93ead4d17776c3b7077ccd8619c339bc7a1f1568bb35ec2a7cb37f,0d6964d17a93ead4d17776c3b7077ccd8619c339bc7a1f1568bb35ec2a7cb37f,True
tw66gw02/MDK-ARM/tw66gw02_direct/main_control.crf,455717,c4a96fb04e2bfae8a46263636840366a40f003bcf9d07d0ed61ffd8e4908eb89,c4a96fb04e2bfae8a46263636840366a40f003bcf9d07d0ed61ffd8e4908eb89,True
tw66gw02/MDK-ARM/tw66gw02_direct/main_control.d,4494,43c612f981465ad6572ecbc06cec144f3882afc136a93141f41ff307944870aa,43c612f981465ad6572ecbc06cec144f3882afc136a93141f41ff307944870aa,True
tw66gw02/MDK-ARM/tw66gw02_direct/main_control.o,559212,4366ad9b60a8c7c797203a5ab851c65fcca9f5f4423dfd6b72b7a3078bb4853d,4366ad9b60a8c7c797203a5ab851c65fcca9f5f4423dfd6b72b7a3078bb4853d,True
tw66gw02/MDK-ARM/tw66gw02_direct/ota_boot.crf,449057,90d14ca0cbd6a5b1d7f1bd3b1217fe89b5bce124664125ac9d09f8c96ef2b5b7,90d14ca0cbd6a5b1d7f1bd3b1217fe89b5bce124664125ac9d09f8c96ef2b5b7,True
tw66gw02/MDK-ARM/tw66gw02_direct/ota_boot.d,4307,e11acd9fc162fcadbfce7e8f1db361196bb580813acaefbc5df6f2c2536c8e26,e11acd9fc162fcadbfce7e8f1db361196bb580813acaefbc5df6f2c2536c8e26,True
tw66gw02/MDK-ARM/tw66gw02_direct/ota_boot.o,515656,021fd2b0bb4e36b6cb0e9291563b11dacb935fe98763403c80e5ea4f1d1274e1,021fd2b0bb4e36b6cb0e9291563b11dacb935fe98763403c80e5ea4f1d1274e1,True
tw66gw02/MDK-ARM/tw66gw02_direct/ota_update.crf,454442,849b08470b84bb0a9dd4b49015cd7a104c40da4f11960bdc284d9bf6be04bc03,849b08470b84bb0a9dd4b49015cd7a104c40da4f11960bdc284d9bf6be04bc03,True
tw66gw02/MDK-ARM/tw66gw02_direct/ota_update.d,4480,a3af1f6e2dae4664c05b9809f69dbd1ab6128c0db0304e2ccd58114f355ba673,a3af1f6e2dae4664c05b9809f69dbd1ab6128c0db0304e2ccd58114f355ba673,True
tw66gw02/MDK-ARM/tw66gw02_direct/ota_update.o,538540,21dd438863bf00e3691238e5586c615bc0b01a7466122e4aef7b925904e7f63b,21dd438863bf00e3691238e5586c615bc0b01a7466122e4aef7b925904e7f63b,True
tw66gw02/MDK-ARM/tw66gw02_direct/screen_c8721.crf,448584,7b313d66d286e78f84ae979bfb32ff4b89e69d9851dd271410a35f21376721c0,7b313d66d286e78f84ae979bfb32ff4b89e69d9851dd271410a35f21376721c0,True
tw66gw02/MDK-ARM/tw66gw02_direct/screen_c8721.d,4439,0c565a47eead313d42eba202e8cf43e73bd41810d79366ee45682429ac8359ef,0c565a47eead313d42eba202e8cf43e73bd41810d79366ee45682429ac8359ef,True
tw66gw02/MDK-ARM/tw66gw02_direct/screen_c8721.o,522184,0699ebd19a93232bde7c14debaaf9c261111678a8ffc61ef37807f303d6f5758,0699ebd19a93232bde7c14debaaf9c261111678a8ffc61ef37807f303d6f5758,True
tw66gw02/MDK-ARM/tw66gw02_direct/shutdown.crf,445744,d527008d7f06b56e06cb0bf195ece16662534087a6e7210c5a73427dc0cc0197,d527008d7f06b56e06cb0bf195ece16662534087a6e7210c5a73427dc0cc0197,True
tw66gw02/MDK-ARM/tw66gw02_direct/shutdown.d,4207,97df788fab0919b1d5e05e7d9bc64bd9663368a8ae693b2b4e33a2a431672685,97df788fab0919b1d5e05e7d9bc64bd9663368a8ae693b2b4e33a2a431672685,True
tw66gw02/MDK-ARM/tw66gw02_direct/shutdown.o,506812,85eebb2f8afdb8e277ea0e6117e00761d4855f38da599b1b65b07623f0df4053,85eebb2f8afdb8e277ea0e6117e00761d4855f38da599b1b65b07623f0df4053,True
tw66gw02/MDK-ARM/tw66gw02_direct/start_up.crf,446011,56c471a476f581bf7cd99fe494a2b9ca9c571a32e2e7313678ed8ae832efe07a,56c471a476f581bf7cd99fe494a2b9ca9c571a32e2e7313678ed8ae832efe07a,True
tw66gw02/MDK-ARM/tw66gw02_direct/start_up.d,4207,0e4caa6db4fd086dd6f7c148f99260f84befe790efaf8462ad27efdec57d1ffb,0e4caa6db4fd086dd6f7c148f99260f84befe790efaf8462ad27efdec57d1ffb,True
tw66gw02/MDK-ARM/tw66gw02_direct/start_up.o,509300,3d0bc0cea5b64937d3937c3d8b0ea1de11fe7d1109a9b37b844d52c7990d316a,3d0bc0cea5b64937d3937c3d8b0ea1de11fe7d1109a9b37b844d52c7990d316a,True
tw66gw02/MDK-ARM/tw66gw02_direct/startup_stm32f030x8.d,64,36b5e68caf4e117ed3208c822547d345462c3ef659a05c0529036daada3966e1,36b5e68caf4e117ed3208c822547d345462c3ef659a05c0529036daada3966e1,True
tw66gw02/MDK-ARM/tw66gw02_direct/startup_stm32f030x8.o,4612,ec2bbfc0f9bf7b5b807bce99eda58789410a393ae12753c1580b4884fe02b140,ec2bbfc0f9bf7b5b807bce99eda58789410a393ae12753c1580b4884fe02b140,True
tw66gw02/MDK-ARM/tw66gw02_direct/stm32f0xx_hal.crf,403494,66c4bb096cd2e1b7ac06e7d1654ea67f3ad2513a2001f525f75b234a303ead85,66c4bb096cd2e1b7ac06e7d1654ea67f3ad2513a2001f525f75b234a303ead85,True
tw66gw02/MDK-ARM/tw66gw02_direct/stm32f0xx_hal.d,3182,459622b7e6d5dd47974937884d0c5033ebe2856e3944780f45f9402cbe7a567c,459622b7e6d5dd47974937884d0c5033ebe2856e3944780f45f9402cbe7a567c,True
tw66gw02/MDK-ARM/tw66gw02_direct/stm32f0xx_hal.o,498100,986c349b956622d0f34c55d4ffde53c24f897fa6291fa452c32242afe0d79e78,986c349b956622d0f34c55d4ffde53c24f897fa6291fa452c32242afe0d79e78,True
tw66gw02/MDK-ARM/tw66gw02_direct/stm32f0xx_hal_adc.crf,416142,2316638d326143a8627d8de9906e97be07cd8350123bd9e3c525a307ad45a42e,2316638d326143a8627d8de9906e97be07cd8350123bd9e3c525a307ad45a42e,True
tw66gw02/MDK-ARM/tw66gw02_direct/stm32f0xx_hal_adc.d,3326,40dc117b409924d73038bb3cbe1cceb3b5551d20ca7de639f9d3ddb13551e604,40dc117b409924d73038bb3cbe1cceb3b5551d20ca7de639f9d3ddb13551e604,True
tw66gw02/MDK-ARM/tw66gw02_direct/stm32f0xx_hal_adc.o,512508,9d7a9d045cb30439640d0865a287f3af72416e200ad3adb09b03cc67ae3759a0,9d7a9d045cb30439640d0865a287f3af72416e200ad3adb09b03cc67ae3759a0,True
tw66gw02/MDK-ARM/tw66gw02_direct/stm32f0xx_hal_adc_ex.crf,402722,8d2bde600ad562b38a1f4f473db01ff19bf05f5133505e98d9a2d754bb564c7c,8d2bde600ad562b38a1f4f473db01ff19bf05f5133505e98d9a2d754bb564c7c,True
tw66gw02/MDK-ARM/tw66gw02_direct/stm32f0xx_hal_adc_ex.d,3434,a05f51bfc9a368b6c7f297e3e9e9a24973658c8d4f60161292aa8b32a92a07c5,a05f51bfc9a368b6c7f297e3e9e9a24973658c8d4f60161292aa8b32a92a07c5,True
tw66gw02/MDK-ARM/tw66gw02_direct/stm32f0xx_hal_adc_ex.o,467740,701a7eacf9f27712755ba6f1cc20f92f411f17a35b4cccb02bf9d4bdb56cbe39,701a7eacf9f27712755ba6f1cc20f92f411f17a35b4cccb02bf9d4bdb56cbe39,True
tw66gw02/MDK-ARM/tw66gw02_direct/stm32f0xx_hal_cortex.crf,402580,571ef53fffc8b40c931f4dd7703abf49e57a994a93bab5c1cbd3ab7bf77fe201,571ef53fffc8b40c931f4dd7703abf49e57a994a93bab5c1cbd3ab7bf77fe201,True
tw66gw02/MDK-ARM/tw66gw02_direct/stm32f0xx_hal_cortex.d,3434,932be2228ac800c129e6a64926a65b64a72c002b37c3f86cdbb90f4388ee8914,932be2228ac800c129e6a64926a65b64a72c002b37c3f86cdbb90f4388ee8914,True
tw66gw02/MDK-ARM/tw66gw02_direct/stm32f0xx_hal_cortex.o,485212,9dbc589874ce05eefa0804cee14f8f373bd520096b26438dbf8c0b01242dfe47,9dbc589874ce05eefa0804cee14f8f373bd520096b26438dbf8c0b01242dfe47,True
tw66gw02/MDK-ARM/tw66gw02_direct/stm32f0xx_hal_dma.crf,407120,25aceac53898f4b1db41322dc92328fa35a4d7559f4b57b17f076d18dc45f40a,25aceac53898f4b1db41322dc92328fa35a4d7559f4b57b17f076d18dc45f40a,True
tw66gw02/MDK-ARM/tw66gw02_direct/stm32f0xx_hal_dma.d,3326,eb705cec98074ed1d3c4d6db87be8ac59bdc2b92417a9a327c1f517263529e11,eb705cec98074ed1d3c4d6db87be8ac59bdc2b92417a9a327c1f517263529e11,True
tw66gw02/MDK-ARM/tw66gw02_direct/stm32f0xx_hal_dma.o,489596,39b19b38d472b4bbc3f9d12d6b9e8625965f12769a2a7a8c02a0e345b3d7bd2d,39b19b38d472b4bbc3f9d12d6b9e8625965f12769a2a7a8c02a0e345b3d7bd2d,True
tw66gw02/MDK-ARM/tw66gw02_direct/stm32f0xx_hal_exti.crf,405074,625001acbc33ace19faa479c0811f338446971a6fa7411578c921d58fd7c5996,625001acbc33ace19faa479c0811f338446971a6fa7411578c921d58fd7c5996,True
tw66gw02/MDK-ARM/tw66gw02_direct/stm32f0xx_hal_exti.d,3362,3499cf181ecc633fab3e52189b2e3a3445a4c41b6f2e338dee4bbf837a44195d,3499cf181ecc633fab3e52189b2e3a3445a4c41b6f2e338dee4bbf837a44195d,True
tw66gw02/MDK-ARM/tw66gw02_direct/stm32f0xx_hal_exti.o,480516,753fa5c5d22b0bdecab85589b7fc7c134cc4da3a4b20b1fa008ee8b8977b3d8a,753fa5c5d22b0bdecab85589b7fc7c134cc4da3a4b20b1fa008ee8b8977b3d8a,True
tw66gw02/MDK-ARM/tw66gw02_direct/stm32f0xx_hal_flash.crf,405623,240224cb124fc79fbcc5f7a6e4f319ad9d7c51b752dcf2ee40392688b1705ad3,240224cb124fc79fbcc5f7a6e4f319ad9d7c51b752dcf2ee40392688b1705ad3,True
tw66gw02/MDK-ARM/tw66gw02_direct/stm32f0xx_hal_flash.d,3398,5aa169d85598292d9368e70a2a2f5e5b67e565df5a3efceaa27e8b7b61a503ba,5aa169d85598292d9368e70a2a2f5e5b67e565df5a3efceaa27e8b7b61a503ba,True
tw66gw02/MDK-ARM/tw66gw02_direct/stm32f0xx_hal_flash.o,488312,a1bb94a383834affb542d08e888b1f737beab4bd919d100b137ee59efae99ccc,a1bb94a383834affb542d08e888b1f737beab4bd919d100b137ee59efae99ccc,True
tw66gw02/MDK-ARM/tw66gw02_direct/stm32f0xx_hal_flash_ex.crf,407490,338d58ef4d4e28b722e1d71a066f63d6edd0187c70ecb8bc99b590f176c7b2c4,338d58ef4d4e28b722e1d71a066f63d6edd0187c70ecb8bc99b590f176c7b2c4,True
tw66gw02/MDK-ARM/tw66gw02_direct/stm32f0xx_hal_flash_ex.d,3506,65ee50e2004a48a7da1f7903d7e976211a1621a436b1295eca2c2084cdf2328f,65ee50e2004a48a7da1f7903d7e976211a1621a436b1295eca2c2084cdf2328f,True
tw66gw02/MDK-ARM/tw66gw02_direct/stm32f0xx_hal_flash_ex.o,486840,b06e406726ecbb20e4e306911b8ce1909a6df72b0b329142ab7df1e244ce0bf5,b06e406726ecbb20e4e306911b8ce1909a6df72b0b329142ab7df1e244ce0bf5,True
tw66gw02/MDK-ARM/tw66gw02_direct/stm32f0xx_hal_gpio.crf,405065,d7893446c5d2750e13d63bda1e55ebe7acf0ac2d754f78d34e9ce2e12aa59cfc,d7893446c5d2750e13d63bda1e55ebe7acf0ac2d754f78d34e9ce2e12aa59cfc,True
tw66gw02/MDK-ARM/tw66gw02_direct/stm32f0xx_hal_gpio.d,3362,806b91371298f5a7da6ba61527b69422cd7dd9e2b3d87bb5d863cf7485a76889,806b91371298f5a7da6ba61527b69422cd7dd9e2b3d87bb5d863cf7485a76889,True
tw66gw02/MDK-ARM/tw66gw02_direct/stm32f0xx_hal_gpio.o,478616,a8573664fa82269336423b3513314baca8a6282234c6bfb6ebec5f3be18d5a4e,a8573664fa82269336423b3513314baca8a6282234c6bfb6ebec5f3be18d5a4e,True
tw66gw02/MDK-ARM/tw66gw02_direct/stm32f0xx_hal_i2c.crf,465053,5e00e2f8b23fdeb3c207a55244bafa23419d2b15eafb1241a4c80d1f292ccdef,5e00e2f8b23fdeb3c207a55244bafa23419d2b15eafb1241a4c80d1f292ccdef,True
tw66gw02/MDK-ARM/tw66gw02_direct/stm32f0xx_hal_i2c.d,3326,3d14e6e0848f7c6c051c660dfbf63b581ab3e61374f2feaa9ec907e5bb5c5f2b,3d14e6e0848f7c6c051c660dfbf63b581ab3e61374f2feaa9ec907e5bb5c5f2b,True
tw66gw02/MDK-ARM/tw66gw02_direct/stm32f0xx_hal_i2c.o,622592,490b8fccd82c68b731ee58f552224abdfa8e01285b9c98244b83294d4331e009,490b8fccd82c68b731ee58f552224abdfa8e01285b9c98244b83294d4331e009,True
tw66gw02/MDK-ARM/tw66gw02_direct/stm32f0xx_hal_i2c_ex.crf,403041,166926676bca2c112438cae5fa14941bb2dc7b0000a167699259e1bc2050d986,166926676bca2c112438cae5fa14941bb2dc7b0000a167699259e1bc2050d986,True
tw66gw02/MDK-ARM/tw66gw02_direct/stm32f0xx_hal_i2c_ex.d,3434,297e157468f2170f5e1f23726289f05a98ef76c411aa1e9c507c33dad0c942bd,297e157468f2170f5e1f23726289f05a98ef76c411aa1e9c507c33dad0c942bd,True
tw66gw02/MDK-ARM/tw66gw02_direct/stm32f0xx_hal_i2c_ex.o,472052,b85fce2897f6c779e31979ed4d0655112eae30586400b0d05300df31e82e7912,b85fce2897f6c779e31979ed4d0655112eae30586400b0d05300df31e82e7912,True
tw66gw02/MDK-ARM/tw66gw02_direct/stm32f0xx_hal_msp.crf,402232,c27fe04ea9d5bb6a45d6bdb01d86542712aa4e5f11bf040a2dc7588d750c0d62,c27fe04ea9d5bb6a45d6bdb01d86542712aa4e5f11bf040a2dc7588d750c0d62,True
tw66gw02/MDK-ARM/tw66gw02_direct/stm32f0xx_hal_msp.d,3361,a178943f3a642372658f7dd9bf5a16eabc9ccf9e80a7e0aebd4b0c203c3f9db0,a178943f3a642372658f7dd9bf5a16eabc9ccf9e80a7e0aebd4b0c203c3f9db0,True
tw66gw02/MDK-ARM/tw66gw02_direct/stm32f0xx_hal_msp.o,467528,ffdab4474f596ee0b0aeeef1005fd7f21ade6df9232b84fd31f852625c28ce54,ffdab4474f596ee0b0aeeef1005fd7f21ade6df9232b84fd31f852625c28ce54,True
tw66gw02/MDK-ARM/tw66gw02_direct/stm32f0xx_hal_pwr.crf,403182,890166681efe69c94d113a43a0ca9da6fb6882b283e673f9e70333e67c1ca94d,890166681efe69c94d113a43a0ca9da6fb6882b283e673f9e70333e67c1ca94d,True
tw66gw02/MDK-ARM/tw66gw02_direct/stm32f0xx_hal_pwr.d,3326,80ccf998bda21c0ce4a33db2554f13bedd99067ec564e5625fb3b6f5b3af1a10,80ccf998bda21c0ce4a33db2554f13bedd99067ec564e5625fb3b6f5b3af1a10,True
tw66gw02/MDK-ARM/tw66gw02_direct/stm32f0xx_hal_pwr.o,482040,f90d0312ae1e906aad115065a75bbd0c48349b284c8bf44194bf6eb3bf340ffd,f90d0312ae1e906aad115065a75bbd0c48349b284c8bf44194bf6eb3bf340ffd,True
tw66gw02/MDK-ARM/tw66gw02_direct/stm32f0xx_hal_pwr_ex.crf,402022,d2839b9bf5702445b19e563db81324bfca5d09604cf482a7ea0df754e44fbf6c,d2839b9bf5702445b19e563db81324bfca5d09604cf482a7ea0df754e44fbf6c,True
tw66gw02/MDK-ARM/tw66gw02_direct/stm32f0xx_hal_pwr_ex.d,3434,fa69e878a21c8a5cc1feaf04f707fbc1d3ec5e07f6a84b810bfc3ce213fe5099,fa69e878a21c8a5cc1feaf04f707fbc1d3ec5e07f6a84b810bfc3ce213fe5099,True
tw66gw02/MDK-ARM/tw66gw02_direct/stm32f0xx_hal_pwr_ex.o,465440,c87a8c97c26c0cbd5db36cb4247e64280c10a3ed202f824645335209cdfcc67b,c87a8c97c26c0cbd5db36cb4247e64280c10a3ed202f824645335209cdfcc67b,True
tw66gw02/MDK-ARM/tw66gw02_direct/stm32f0xx_hal_rcc.crf,415480,cf528c246aef48c80e09eec94fe4124afb739bea74bd46d7c1633c094af51a5a,cf528c246aef48c80e09eec94fe4124afb739bea74bd46d7c1633c094af51a5a,True
tw66gw02/MDK-ARM/tw66gw02_direct/stm32f0xx_hal_rcc.d,3326,85b214b006741ce611684359962e80e798cc44f3ac06babcc26ff87f3c56d6e5,85b214b006741ce611684359962e80e798cc44f3ac06babcc26ff87f3c56d6e5,True
tw66gw02/MDK-ARM/tw66gw02_direct/stm32f0xx_hal_rcc.o,489692,4c647de3a5fc752f88e532de100d6c920bc579e5c1e4c0ce22608a1da37af000,4c647de3a5fc752f88e532de100d6c920bc579e5c1e4c0ce22608a1da37af000,True
tw66gw02/MDK-ARM/tw66gw02_direct/stm32f0xx_hal_rcc_ex.crf,404498,c312909c6fb3eb94e441afb3dcc88d8bf854be4acbeaea9466f2b9493f3ff4b0,c312909c6fb3eb94e441afb3dcc88d8bf854be4acbeaea9466f2b9493f3ff4b0,True
tw66gw02/MDK-ARM/tw66gw02_direct/stm32f0xx_hal_rcc_ex.d,3434,2399200ae8ceb86483bfd7d68838f05a78869d28ac7d8697303c07f9d8a138b6,2399200ae8ceb86483bfd7d68838f05a78869d28ac7d8697303c07f9d8a138b6,True
tw66gw02/MDK-ARM/tw66gw02_direct/stm32f0xx_hal_rcc_ex.o,471604,1b82d433e2c9cb1084d860b31f5f522970225b60dbb18002a60ae4d195570603,1b82d433e2c9cb1084d860b31f5f522970225b60dbb18002a60ae4d195570603,True
tw66gw02/MDK-ARM/tw66gw02_direct/stm32f0xx_hal_tim.crf,469176,467364bdf4791d5c89ddaeff2e500915096ade3084b8e014098ee02a740874ab,467364bdf4791d5c89ddaeff2e500915096ade3084b8e014098ee02a740874ab,True
tw66gw02/MDK-ARM/tw66gw02_direct/stm32f0xx_hal_tim.d,3326,a5511c00ea8e2672fb7d9a89f924ad4b5411547e05eae9b15b1674dec0254878,a5511c00ea8e2672fb7d9a89f924ad4b5411547e05eae9b15b1674dec0254878,True
tw66gw02/MDK-ARM/tw66gw02_direct/stm32f0xx_hal_tim.o,670052,c1923f37d03d4e12561a0b9f91b5df468465609fd4d53408f65bff7feb22fe02,c1923f37d03d4e12561a0b9f91b5df468465609fd4d53408f65bff7feb22fe02,True
tw66gw02/MDK-ARM/tw66gw02_direct/stm32f0xx_hal_tim_ex.crf,428203,ac25ba3da8490f0006999a179f3a0d0da9a0e92a018c84eb80f55285e06f13d5,ac25ba3da8490f0006999a179f3a0d0da9a0e92a018c84eb80f55285e06f13d5,True
tw66gw02/MDK-ARM/tw66gw02_direct/stm32f0xx_hal_tim_ex.d,3434,28ae67166bbfff03baaca6425b75a69b7d13ec18ada839ddc0d71910523380e4,28ae67166bbfff03baaca6425b75a69b7d13ec18ada839ddc0d71910523380e4,True
tw66gw02/MDK-ARM/tw66gw02_direct/stm32f0xx_hal_tim_ex.o,541780,a52914d7c79846eae639515245b4ec19692f234c6ba7518bce5e1f48981893a9,a52914d7c79846eae639515245b4ec19692f234c6ba7518bce5e1f48981893a9,True
tw66gw02/MDK-ARM/tw66gw02_direct/stm32f0xx_hal_uart.crf,431061,2c4400a3bb1f49d71d1c8c7aab21fe309cb488b1e375b0879e84378242f48f42,2c4400a3bb1f49d71d1c8c7aab21fe309cb488b1e375b0879e84378242f48f42,True
tw66gw02/MDK-ARM/tw66gw02_direct/stm32f0xx_hal_uart.d,3362,cad077a382a2a9759b585a3755a85203dceba6d55b109ebb8658acecbbbe12cb,cad077a382a2a9759b585a3755a85203dceba6d55b109ebb8658acecbbbe12cb,True
tw66gw02/MDK-ARM/tw66gw02_direct/stm32f0xx_hal_uart.o,597836,ee851606e5192a3b264be37a4fe0b358629ed371b1443a2a3d740a07b9b94d02,ee851606e5192a3b264be37a4fe0b358629ed371b1443a2a3d740a07b9b94d02,True
tw66gw02/MDK-ARM/tw66gw02_direct/stm32f0xx_hal_uart_ex.crf,404784,c4267352ad84196e29d824576d54693460343037587901d0845b428efe3cb192,c4267352ad84196e29d824576d54693460343037587901d0845b428efe3cb192,True
tw66gw02/MDK-ARM/tw66gw02_direct/stm32f0xx_hal_uart_ex.d,3470,dbabf2d926e826f514678df79cedbbd9f5bf85b316b081fc0f596a0c107a5461,dbabf2d926e826f514678df79cedbbd9f5bf85b316b081fc0f596a0c107a5461,True
tw66gw02/MDK-ARM/tw66gw02_direct/stm32f0xx_hal_uart_ex.o,478564,63d196bbe9a2550da652ad132c175820cf873b48b4e99afcac3bfe83333790eb,63d196bbe9a2550da652ad132c175820cf873b48b4e99afcac3bfe83333790eb,True
tw66gw02/MDK-ARM/tw66gw02_direct/stm32f0xx_it.crf,446488,9fed4b8351f06b836db20e73751931f034be17e0304d9b7d883882608075e1a9,9fed4b8351f06b836db20e73751931f034be17e0304d9b7d883882608075e1a9,True
tw66gw02/MDK-ARM/tw66gw02_direct/stm32f0xx_it.d,4506,d24071891f289e0075a99d803c8aa31b6550ca45f786d35f3985c3498fcd5c6f,d24071891f289e0075a99d803c8aa31b6550ca45f786d35f3985c3498fcd5c6f,True
tw66gw02/MDK-ARM/tw66gw02_direct/stm32f0xx_it.o,520464,a885d52cff4cf9d3d1a5c5761d1276147de75525f8c1255421cb55d5f8d683c6,a885d52cff4cf9d3d1a5c5761d1276147de75525f8c1255421cb55d5f8d683c6,True
tw66gw02/MDK-ARM/tw66gw02_direct/system_stm32f0xx.crf,402603,fd56b110967460e7c96c69bd5b1ff3c004b57ceaa24148f9ded351ff0a69c044,fd56b110967460e7c96c69bd5b1ff3c004b57ceaa24148f9ded351ff0a69c044,True
tw66gw02/MDK-ARM/tw66gw02_direct/system_stm32f0xx.d,3271,09b7e8cd1326a6cdc7c7febb20036593938c3ea1a106eb61236a4deb294cba5e,09b7e8cd1326a6cdc7c7febb20036593938c3ea1a106eb61236a4deb294cba5e,True
tw66gw02/MDK-ARM/tw66gw02_direct/system_stm32f0xx.o,469028,57d32884268ec119bcd42b80c1974fea0e2fc16545afcacbb772e15c82d31f99,57d32884268ec119bcd42b80c1974fea0e2fc16545afcacbb772e15c82d31f99,True
tw66gw02/MDK-ARM/tw66gw02_direct/taskscheduler.crf,5688,dce1ed1e7edac01f0b1dac977880c4d21ab847812e30f8d4e7b3cc97821d8136,dce1ed1e7edac01f0b1dac977880c4d21ab847812e30f8d4e7b3cc97821d8136,True
tw66gw02/MDK-ARM/tw66gw02_direct/taskscheduler.d,211,20372143e72d5541e8a6e72257b3e6b99f8c85ab7252b7e904c05222e87fef7f,20372143e72d5541e8a6e72257b3e6b99f8c85ab7252b7e904c05222e87fef7f,True
tw66gw02/MDK-ARM/tw66gw02_direct/taskscheduler.o,20564,b11cc7a56a479319de24e7f23a633453eb30b21c55d7c188dad1fc54d5516863,b11cc7a56a479319de24e7f23a633453eb30b21c55d7c188dad1fc54d5516863,True
tw66gw02/MDK-ARM/tw66gw02_direct/temp.crf,454372,24713575e28ec28f7d2ed7a18c07d42de80831d1847d5f9991c47eb3d1ddf054,24713575e28ec28f7d2ed7a18c07d42de80831d1847d5f9991c47eb3d1ddf054,True
tw66gw02/MDK-ARM/tw66gw02_direct/temp.d,3975,5b808576a3e578175e098d2d185a43c66a18b69e74c43ff01fdd2bc5cbc83b00,5b808576a3e578175e098d2d185a43c66a18b69e74c43ff01fdd2bc5cbc83b00,True
tw66gw02/MDK-ARM/tw66gw02_direct/temp.o,540312,7c4cd303280f985495eeb8f503e0d6bdaa6c6c0c664673da9963d702cba9e402,7c4cd303280f985495eeb8f503e0d6bdaa6c6c0c664673da9963d702cba9e402,True
tw66gw02/MDK-ARM/tw66gw02_direct/test.crf,445760,9c57a745038ac748493d4e657cbc4cff511fa20dd371eedfa1a6a7ca35c39395,9c57a745038ac748493d4e657cbc4cff511fa20dd371eedfa1a6a7ca35c39395,True
tw66gw02/MDK-ARM/tw66gw02_direct/test.d,3975,bcf32145f782d513223a218ea07be75384f363056afbaadbf5bc0c8469ec5b50,bcf32145f782d513223a218ea07be75384f363056afbaadbf5bc0c8469ec5b50,True
tw66gw02/MDK-ARM/tw66gw02_direct/test.o,505364,e61e258a9d1a55ab03b316b46ccae2eb4db992c8e062bde93e015d22722ec93f,e61e258a9d1a55ab03b316b46ccae2eb4db992c8e062bde93e015d22722ec93f,True
tw66gw02/MDK-ARM/tw66gw02_direct/tim.crf,402688,964969dc527f550237ff132145724b68f30e6c90a3a2ae6cc2c877c1138ac4db,964969dc527f550237ff132145724b68f30e6c90a3a2ae6cc2c877c1138ac4db,True
tw66gw02/MDK-ARM/tw66gw02_direct/tim.d,2887,637cfab323b73c1d0f7f7583e35c2974d4a77936cd8b0ae841bab1eff1a8cb7a,637cfab323b73c1d0f7f7583e35c2974d4a77936cd8b0ae841bab1eff1a8cb7a,True
tw66gw02/MDK-ARM/tw66gw02_direct/tim.o,472032,cbcf2a72ece1fcca19633dafe0c4f70751ec31d294c15d6f40ddaa4e7673c422,cbcf2a72ece1fcca19633dafe0c4f70751ec31d294c15d6f40ddaa4e7673c422,True
tw66gw02/MDK-ARM/tw66gw02_direct/tw66gw02.axf,567644,d54f1ba8a487e663fb9972e305cc5629ea74514146fbcd4ae508e38ba31c2616,d54f1ba8a487e663fb9972e305cc5629ea74514146fbcd4ae508e38ba31c2616,True
tw66gw02/MDK-ARM/tw66gw02_direct/tw66gw02.build_log.htm,3855,d0b98364b21b02259b81954028c5c07a784eba225034672d4c5a3c9ab66ed920,d0b98364b21b02259b81954028c5c07a784eba225034672d4c5a3c9ab66ed920,True
tw66gw02/MDK-ARM/tw66gw02_direct/tw66gw02.hex,64422,2d9fd3fbd3bf2177607bebf1b1dfbf2a95c2e68523f518cba6a18eb2be6a4863,2d9fd3fbd3bf2177607bebf1b1dfbf2a95c2e68523f518cba6a18eb2be6a4863,True
tw66gw02/MDK-ARM/tw66gw02_direct/tw66gw02.htm,144611,c62f19424683d40a8a3e23e34803ad3251dd056fa0058c21851b537a224cfabe,c62f19424683d40a8a3e23e34803ad3251dd056fa0058c21851b537a224cfabe,True
tw66gw02/MDK-ARM/tw66gw02_direct/tw66gw02.lnp,1847,2311b0ed7a4576eb7adaff5aebdbbb31bc07357b63c25a722fa21a33bfb2c631,2311b0ed7a4576eb7adaff5aebdbbb31bc07357b63c25a722fa21a33bfb2c631,True
tw66gw02/MDK-ARM/tw66gw02_direct/tw66gw02.map,331926,797acca0c023128e850c7675aa58426cc4bf97fe43f2991757179b8e09a9738e,797acca0c023128e850c7675aa58426cc4bf97fe43f2991757179b8e09a9738e,True
tw66gw02/MDK-ARM/tw66gw02_direct/tw66gw02_direct.generated_tw66gw02.dep,140061,76cb4c71c913d31980fc551bff3f744a4926d78782de0e600024f48e948a68d2,76cb4c71c913d31980fc551bff3f744a4926d78782de0e600024f48e948a68d2,True
tw66gw02/MDK-ARM/tw66gw02_direct/usart.crf,450411,2271c5bf24abff65edae7595f33135088f3102c645392412e6026c688ff4ed43,2271c5bf24abff65edae7595f33135088f3102c645392412e6026c688ff4ed43,True
tw66gw02/MDK-ARM/tw66gw02_direct/usart.d,4086,4f5f4679527efc12cf0eb4164ec4dfa008caff92f25e14590ad6d259aa1d25fd,4f5f4679527efc12cf0eb4164ec4dfa008caff92f25e14590ad6d259aa1d25fd,True
tw66gw02/MDK-ARM/tw66gw02_direct/usart.o,526912,7347ae817ef3d83ba0f923bc60cf4d37ce853aa23741bb796f273023a7a4d73c,7347ae817ef3d83ba0f923bc60cf4d37ce853aa23741bb796f273023a7a4d73c,True
tw66gw02/MDK-ARM/tw66gw02_direct/warning.crf,445791,219685b4f7d8daa6564107f26bea4fb802f96816c28b22939e806ed47ea88a63,219685b4f7d8daa6564107f26bea4fb802f96816c28b22939e806ed47ea88a63,True
tw66gw02/MDK-ARM/tw66gw02_direct/warning.d,4149,5c9067ef527f7bf551ea97dcd1e2f779d1b37331fe0e03f660ca1dbfc35d87d9,5c9067ef527f7bf551ea97dcd1e2f779d1b37331fe0e03f660ca1dbfc35d87d9,True
tw66gw02/MDK-ARM/tw66gw02_direct/warning.o,509440,40ef407f6d66ce0faeebf4b06d61a472a095c735a35cb45c19a7471102297720,40ef407f6d66ce0faeebf4b06d61a472a095c735a35cb45c19a7471102297720,True
tw66gw02/MDK-ARM/tw66gw02_direct/wireless.crf,451866,475cfb4f2c52429f162e37683e244ae426fb0e0a28d7271622e0fce601ce57ff,475cfb4f2c52429f162e37683e244ae426fb0e0a28d7271622e0fce601ce57ff,True
tw66gw02/MDK-ARM/tw66gw02_direct/wireless.d,4258,03db79b74d83dd97fdc5cc7b28cb4b086e9c353ce159a5156a6111793ee4e90f,03db79b74d83dd97fdc5cc7b28cb4b086e9c353ce159a5156a6111793ee4e90f,True
tw66gw02/MDK-ARM/tw66gw02_direct/wireless.o,536784,fb4e3f861c5fa445ffa24beab2c3cd64bb2d6b838f35331128cf2a05ad5474e7,fb4e3f861c5fa445ffa24beab2c3cd64bb2d6b838f35331128cf2a05ad5474e7,True
tw66gw02/MDK-ARM/tw66gw02_factory.sct,367,28642fb9822b6558a3f4ef7da85fed37adfffe3f96c1d0e624cc094ec2138cd4,28642fb9822b6558a3f4ef7da85fed37adfffe3f96c1d0e624cc094ec2138cd4,True
tw66gw02/MDK-ARM/tw66gw02_ota_v100/adc.crf,403435,fc484ed09b34d63646d0e37afca1c1c76120f6bc01c6954a8e168ca3a8755a0c,fc484ed09b34d63646d0e37afca1c1c76120f6bc01c6954a8e168ca3a8755a0c,True
tw66gw02/MDK-ARM/tw66gw02_ota_v100/adc.d,2961,cea617cd27301fc3bd2c002e6187fe68a6f96fd8f4247d9e07ea294a9c23552a,cea617cd27301fc3bd2c002e6187fe68a6f96fd8f4247d9e07ea294a9c23552a,True
tw66gw02/MDK-ARM/tw66gw02_ota_v100/adc.o,472720,a7ce3142ff6a6e6a6ea8056bb47f1c76316e96b0cf21b163a2a5be301c215c1e,a7ce3142ff6a6e6a6ea8056bb47f1c76316e96b0cf21b163a2a5be301c215c1e,True
tw66gw02/MDK-ARM/tw66gw02_ota_v100/bh66f5242.crf,446074,f8d7d71dd35cb0def69249bc1119d7f15967f805bc420bdb51af324b954c7539,f8d7d71dd35cb0def69249bc1119d7f15967f805bc420bdb51af324b954c7539,True
tw66gw02/MDK-ARM/tw66gw02_ota_v100/bh66f5242.d,4379,99239fd812766512fc0ab402bada7848d7cdaed1ce561b5dffcd33c1d02997e0,99239fd812766512fc0ab402bada7848d7cdaed1ce561b5dffcd33c1d02997e0,True
tw66gw02/MDK-ARM/tw66gw02_ota_v100/bh66f5242.o,512824,76be2fd476a801f05d4609e5660b754150e93a1cdb63b01c2a4daeafbdb780b8,76be2fd476a801f05d4609e5660b754150e93a1cdb63b01c2a4daeafbdb780b8,True
tw66gw02/MDK-ARM/tw66gw02_ota_v100/c8721.crf,416822,4e2b0217388d2a9c575826bcbb5ace6fffac0f79617293e984de1171e9f04552,4e2b0217388d2a9c575826bcbb5ace6fffac0f79617293e984de1171e9f04552,True
tw66gw02/MDK-ARM/tw66gw02_ota_v100/c8721.d,3219,de1624d584a02e9bdc382092fb89c8ffe211a586f63c79cbde3ee0f68f9d7b53,de1624d584a02e9bdc382092fb89c8ffe211a586f63c79cbde3ee0f68f9d7b53,True
tw66gw02/MDK-ARM/tw66gw02_ota_v100/c8721.o,504852,6db327ff9f4eb12d09101f53283bd5e1fb04335b21aea2d4daff29f923d40d91,6db327ff9f4eb12d09101f53283bd5e1fb04335b21aea2d4daff29f923d40d91,True
tw66gw02/MDK-ARM/tw66gw02_ota_v100/dma.crf,402245,053a196040addb4732cbe2eb1a60a13c82f5e5d4f7971005c0b40f4cfcc9d69c,053a196040addb4732cbe2eb1a60a13c82f5e5d4f7971005c0b40f4cfcc9d69c,True
tw66gw02/MDK-ARM/tw66gw02_ota_v100/dma.d,2961,924aeec19f9a63be6723208cfe6578c45b067c53aff8ca912ce9b5f52840e941,924aeec19f9a63be6723208cfe6578c45b067c53aff8ca912ce9b5f52840e941,True
tw66gw02/MDK-ARM/tw66gw02_ota_v100/dma.o,468152,ba47a256f10575a9559030544bd03f637d08fba294b9a4c9203d01e4bebe6ac7,ba47a256f10575a9559030544bd03f637d08fba294b9a4c9203d01e4bebe6ac7,True
tw66gw02/MDK-ARM/tw66gw02_ota_v100/gpio.crf,403143,fc776e72d68364a730c80215c3eef1546912371cabc65a0992842ceaa3d677e2,fc776e72d68364a730c80215c3eef1546912371cabc65a0992842ceaa3d677e2,True
tw66gw02/MDK-ARM/tw66gw02_ota_v100/gpio.d,3000,527d07cfe07a9f49dfb5b8bf2669319885e5b494a04a29248bef32d34e44ac60,527d07cfe07a9f49dfb5b8bf2669319885e5b494a04a29248bef32d34e44ac60,True
tw66gw02/MDK-ARM/tw66gw02_ota_v100/gpio.o,468664,17ee1430d0d817480d36ebd29e829f00fe0f3e63a7e874dfae07008742f1a6ac,17ee1430d0d817480d36ebd29e829f00fe0f3e63a7e874dfae07008742f1a6ac,True
tw66gw02/MDK-ARM/tw66gw02_ota_v100/key.crf,447090,e89453bcc8c847a24641cf7f151c1a4e43aeb39429e2a7e2c6ba1efa1a90d384,e89453bcc8c847a24641cf7f151c1a4e43aeb39429e2a7e2c6ba1efa1a90d384,True
tw66gw02/MDK-ARM/tw66gw02_ota_v100/key.d,4031,174af5cb557291267d4ef922d8b091eba43fffa576ba4e2f14cb50a58bd76791,174af5cb557291267d4ef922d8b091eba43fffa576ba4e2f14cb50a58bd76791,True
tw66gw02/MDK-ARM/tw66gw02_ota_v100/key.o,520312,29aa07bcaec0f62e928e82fb0716b3d21bd969c241588819237412ca8a719c74,29aa07bcaec0f62e928e82fb0716b3d21bd969c241588819237412ca8a719c74,True
tw66gw02/MDK-ARM/tw66gw02_ota_v100/main.crf,450051,82bc61609f0514997a58c2b5a91351ce2dbab8a9a7ee012efe1702a05060dd9a,82bc61609f0514997a58c2b5a91351ce2dbab8a9a7ee012efe1702a05060dd9a,True
tw66gw02/MDK-ARM/tw66gw02_ota_v100/main.d,4239,298fc4cd6fb8059d35a27dd60263e2e1fad75df29664e02c8d0f08674e63887b,298fc4cd6fb8059d35a27dd60263e2e1fad75df29664e02c8d0f08674e63887b,True
tw66gw02/MDK-ARM/tw66gw02_ota_v100/main.o,514016,5aec87d16e1a6dfe0a3b5fd146faa7f62a43e7e0dd1110fa9717cefa8f352cde,5aec87d16e1a6dfe0a3b5fd146faa7f62a43e7e0dd1110fa9717cefa8f352cde,True
tw66gw02/MDK-ARM/tw66gw02_ota_v100/main_control.crf,455717,c4a96fb04e2bfae8a46263636840366a40f003bcf9d07d0ed61ffd8e4908eb89,c4a96fb04e2bfae8a46263636840366a40f003bcf9d07d0ed61ffd8e4908eb89,True
tw66gw02/MDK-ARM/tw66gw02_ota_v100/main_control.d,4610,8f7b3673a40991dc3b5e9d0e42c66d50825724e03576decb0e6783b9dfb34a57,8f7b3673a40991dc3b5e9d0e42c66d50825724e03576decb0e6783b9dfb34a57,True
tw66gw02/MDK-ARM/tw66gw02_ota_v100/main_control.o,559220,0d18aa46c888854c402e8f478ca434339ce2bb693204af9572b8609495517b85,0d18aa46c888854c402e8f478ca434339ce2bb693204af9572b8609495517b85,True
tw66gw02/MDK-ARM/tw66gw02_ota_v100/ota_boot.crf,449057,90d14ca0cbd6a5b1d7f1bd3b1217fe89b5bce124664125ac9d09f8c96ef2b5b7,90d14ca0cbd6a5b1d7f1bd3b1217fe89b5bce124664125ac9d09f8c96ef2b5b7,True
tw66gw02/MDK-ARM/tw66gw02_ota_v100/ota_boot.d,4425,10224953c52fbe2fb64e94468382d015388e8f8fa47eff34ae0a5a69ef74c673,10224953c52fbe2fb64e94468382d015388e8f8fa47eff34ae0a5a69ef74c673,True
tw66gw02/MDK-ARM/tw66gw02_ota_v100/ota_boot.o,515664,becbc0004c783805854c090a3c235f1039dc532ccaf713c62491ad702cb903c9,becbc0004c783805854c090a3c235f1039dc532ccaf713c62491ad702cb903c9,True
tw66gw02/MDK-ARM/tw66gw02_ota_v100/ota_update.crf,454442,849b08470b84bb0a9dd4b49015cd7a104c40da4f11960bdc284d9bf6be04bc03,849b08470b84bb0a9dd4b49015cd7a104c40da4f11960bdc284d9bf6be04bc03,True
tw66gw02/MDK-ARM/tw66gw02_ota_v100/ota_update.d,4600,55017d0748ea43625df778000caf1af2f98d05cfb4b922d5cc52d44528a7f603,55017d0748ea43625df778000caf1af2f98d05cfb4b922d5cc52d44528a7f603,True
tw66gw02/MDK-ARM/tw66gw02_ota_v100/ota_update.o,538548,29256bb644a12207e4437d993092a882618541ddee8fee1f5544d449ec986bb7,29256bb644a12207e4437d993092a882618541ddee8fee1f5544d449ec986bb7,True
tw66gw02/MDK-ARM/tw66gw02_ota_v100/screen_c8721.crf,448584,7b313d66d286e78f84ae979bfb32ff4b89e69d9851dd271410a35f21376721c0,7b313d66d286e78f84ae979bfb32ff4b89e69d9851dd271410a35f21376721c0,True
tw66gw02/MDK-ARM/tw66gw02_ota_v100/screen_c8721.d,4553,242cdf284a125b5d3ed2e8be31746a35c059c62542a1752e32a8bb4905fc1886,242cdf284a125b5d3ed2e8be31746a35c059c62542a1752e32a8bb4905fc1886,True
tw66gw02/MDK-ARM/tw66gw02_ota_v100/screen_c8721.o,522192,e5ec95df3f7b1d3317120618a3cf39960b483d91d74a4096eff63ee9fdc5f46f,e5ec95df3f7b1d3317120618a3cf39960b483d91d74a4096eff63ee9fdc5f46f,True
tw66gw02/MDK-ARM/tw66gw02_ota_v100/shutdown.crf,445744,d527008d7f06b56e06cb0bf195ece16662534087a6e7210c5a73427dc0cc0197,d527008d7f06b56e06cb0bf195ece16662534087a6e7210c5a73427dc0cc0197,True
tw66gw02/MDK-ARM/tw66gw02_ota_v100/shutdown.d,4321,6ca5b184d43b246762780f3b5be7b7b5c7294a7a237074fa66fb01e7948468ba,6ca5b184d43b246762780f3b5be7b7b5c7294a7a237074fa66fb01e7948468ba,True
tw66gw02/MDK-ARM/tw66gw02_ota_v100/shutdown.o,506820,e4c2b4c893276f85e6e0bd8e19701023e14413c67dc0f52cdfadd37f64affebe,e4c2b4c893276f85e6e0bd8e19701023e14413c67dc0f52cdfadd37f64affebe,True
tw66gw02/MDK-ARM/tw66gw02_ota_v100/start_up.crf,446011,56c471a476f581bf7cd99fe494a2b9ca9c571a32e2e7313678ed8ae832efe07a,56c471a476f581bf7cd99fe494a2b9ca9c571a32e2e7313678ed8ae832efe07a,True
tw66gw02/MDK-ARM/tw66gw02_ota_v100/start_up.d,4321,55f9bfed8a5bd5e80c3498e5e271265070d0ee6c3f8cdb6a04c63f098f498ff4,55f9bfed8a5bd5e80c3498e5e271265070d0ee6c3f8cdb6a04c63f098f498ff4,True
tw66gw02/MDK-ARM/tw66gw02_ota_v100/start_up.o,509304,c7cccac67832df6ff7d1d25f1f1ccb6d5eb12ddc842bfacad6c9e49a16e8808d,c7cccac67832df6ff7d1d25f1f1ccb6d5eb12ddc842bfacad6c9e49a16e8808d,True
tw66gw02/MDK-ARM/tw66gw02_ota_v100/startup_stm32f030x8.d,66,7a4ebaeea7310c89d1a36f007c01253692119c3d4f6342071c6b9a2038768d28,7a4ebaeea7310c89d1a36f007c01253692119c3d4f6342071c6b9a2038768d28,True
tw66gw02/MDK-ARM/tw66gw02_ota_v100/startup_stm32f030x8.o,4612,ffffc2e94726594748acb09a3dc18c5777c4ed1d9b4597fdde5edb6e9161b410,ffffc2e94726594748acb09a3dc18c5777c4ed1d9b4597fdde5edb6e9161b410,True
tw66gw02/MDK-ARM/tw66gw02_ota_v100/stm32f0xx_hal.crf,403494,66c4bb096cd2e1b7ac06e7d1654ea67f3ad2513a2001f525f75b234a303ead85,66c4bb096cd2e1b7ac06e7d1654ea67f3ad2513a2001f525f75b234a303ead85,True
tw66gw02/MDK-ARM/tw66gw02_ota_v100/stm32f0xx_hal.d,3252,ab2d81535793a4ae549167c759ca61d665e809c0155ae01cd60ab9445056fe02,ab2d81535793a4ae549167c759ca61d665e809c0155ae01cd60ab9445056fe02,True
tw66gw02/MDK-ARM/tw66gw02_ota_v100/stm32f0xx_hal.o,498108,51cf35bc849f76925373c5f82ff0c50bd9bb82540fe406fae1efa64b319dfba6,51cf35bc849f76925373c5f82ff0c50bd9bb82540fe406fae1efa64b319dfba6,True
tw66gw02/MDK-ARM/tw66gw02_ota_v100/stm32f0xx_hal_adc.crf,416142,2316638d326143a8627d8de9906e97be07cd8350123bd9e3c525a307ad45a42e,2316638d326143a8627d8de9906e97be07cd8350123bd9e3c525a307ad45a42e,True
tw66gw02/MDK-ARM/tw66gw02_ota_v100/stm32f0xx_hal_adc.d,3396,8c167fe2a5b8abb79354c8acf9c1568aff95289bfa6b4cdb2b1f44713787aef6,8c167fe2a5b8abb79354c8acf9c1568aff95289bfa6b4cdb2b1f44713787aef6,True
tw66gw02/MDK-ARM/tw66gw02_ota_v100/stm32f0xx_hal_adc.o,512516,2829b95b98b155c31ec7f57c381d42218214903019e95a7c4177304d8f61da0d,2829b95b98b155c31ec7f57c381d42218214903019e95a7c4177304d8f61da0d,True
tw66gw02/MDK-ARM/tw66gw02_ota_v100/stm32f0xx_hal_adc_ex.crf,402722,8d2bde600ad562b38a1f4f473db01ff19bf05f5133505e98d9a2d754bb564c7c,8d2bde600ad562b38a1f4f473db01ff19bf05f5133505e98d9a2d754bb564c7c,True
tw66gw02/MDK-ARM/tw66gw02_ota_v100/stm32f0xx_hal_adc_ex.d,3504,a2d07e2f259cdbedef580294b620d08346c0e107f543c0ab346d02203c4908cc,a2d07e2f259cdbedef580294b620d08346c0e107f543c0ab346d02203c4908cc,True
tw66gw02/MDK-ARM/tw66gw02_ota_v100/stm32f0xx_hal_adc_ex.o,467748,018edea912d2570454471611e314d9837d234992e3516cfe28d1d1d8d9a2e9d8,018edea912d2570454471611e314d9837d234992e3516cfe28d1d1d8d9a2e9d8,True
tw66gw02/MDK-ARM/tw66gw02_ota_v100/stm32f0xx_hal_cortex.crf,402580,571ef53fffc8b40c931f4dd7703abf49e57a994a93bab5c1cbd3ab7bf77fe201,571ef53fffc8b40c931f4dd7703abf49e57a994a93bab5c1cbd3ab7bf77fe201,True
tw66gw02/MDK-ARM/tw66gw02_ota_v100/stm32f0xx_hal_cortex.d,3504,f831b278524d33e38aa89b1fcfb67019745861350bd08d56114d3c78cebc7e82,f831b278524d33e38aa89b1fcfb67019745861350bd08d56114d3c78cebc7e82,True
tw66gw02/MDK-ARM/tw66gw02_ota_v100/stm32f0xx_hal_cortex.o,485220,0c07468b7157ca7fd743e52a58463fb47c0c835a830efc9d6c4a2f4b68dfd2c8,0c07468b7157ca7fd743e52a58463fb47c0c835a830efc9d6c4a2f4b68dfd2c8,True
tw66gw02/MDK-ARM/tw66gw02_ota_v100/stm32f0xx_hal_dma.crf,407120,25aceac53898f4b1db41322dc92328fa35a4d7559f4b57b17f076d18dc45f40a,25aceac53898f4b1db41322dc92328fa35a4d7559f4b57b17f076d18dc45f40a,True
tw66gw02/MDK-ARM/tw66gw02_ota_v100/stm32f0xx_hal_dma.d,3396,7018c0f50325287c98b84df38906af087320f91957ce6b53103220b00eef30db,7018c0f50325287c98b84df38906af087320f91957ce6b53103220b00eef30db,True
tw66gw02/MDK-ARM/tw66gw02_ota_v100/stm32f0xx_hal_dma.o,489604,55841a3c153e472208b6498fd2e2d2212ca80881639375bf3bb641b1d2d75f8f,55841a3c153e472208b6498fd2e2d2212ca80881639375bf3bb641b1d2d75f8f,True
tw66gw02/MDK-ARM/tw66gw02_ota_v100/stm32f0xx_hal_exti.crf,405074,625001acbc33ace19faa479c0811f338446971a6fa7411578c921d58fd7c5996,625001acbc33ace19faa479c0811f338446971a6fa7411578c921d58fd7c5996,True
tw66gw02/MDK-ARM/tw66gw02_ota_v100/stm32f0xx_hal_exti.d,3432,c305a41a4cf894d5ad16c7a4ca6549161fd345e2d4c130ad05a1500c309e4928,c305a41a4cf894d5ad16c7a4ca6549161fd345e2d4c130ad05a1500c309e4928,True
tw66gw02/MDK-ARM/tw66gw02_ota_v100/stm32f0xx_hal_exti.o,480524,fe541db72529e11eafc6e0117c2dbfe3b99558b0814dca66aeff8c86438e610f,fe541db72529e11eafc6e0117c2dbfe3b99558b0814dca66aeff8c86438e610f,True
tw66gw02/MDK-ARM/tw66gw02_ota_v100/stm32f0xx_hal_flash.crf,405623,240224cb124fc79fbcc5f7a6e4f319ad9d7c51b752dcf2ee40392688b1705ad3,240224cb124fc79fbcc5f7a6e4f319ad9d7c51b752dcf2ee40392688b1705ad3,True
tw66gw02/MDK-ARM/tw66gw02_ota_v100/stm32f0xx_hal_flash.d,3468,87907135f3bfe96f9ca77acbd7ee02f62932841adaac128f73dd73973b93f6a8,87907135f3bfe96f9ca77acbd7ee02f62932841adaac128f73dd73973b93f6a8,True
tw66gw02/MDK-ARM/tw66gw02_ota_v100/stm32f0xx_hal_flash.o,488320,ae2065c889c83f1b8c4de3125dbd05cbe4af075876bda8bfd636220588fef6ca,ae2065c889c83f1b8c4de3125dbd05cbe4af075876bda8bfd636220588fef6ca,True
tw66gw02/MDK-ARM/tw66gw02_ota_v100/stm32f0xx_hal_flash_ex.crf,407490,338d58ef4d4e28b722e1d71a066f63d6edd0187c70ecb8bc99b590f176c7b2c4,338d58ef4d4e28b722e1d71a066f63d6edd0187c70ecb8bc99b590f176c7b2c4,True
tw66gw02/MDK-ARM/tw66gw02_ota_v100/stm32f0xx_hal_flash_ex.d,3576,ac4004287c761ea96ff78bd8ae285b8f79d455a3c79da7d7744f17634150166b,ac4004287c761ea96ff78bd8ae285b8f79d455a3c79da7d7744f17634150166b,True
tw66gw02/MDK-ARM/tw66gw02_ota_v100/stm32f0xx_hal_flash_ex.o,486848,d59c76dc2e07fe5b446e342e83ed21e21ee96995a20fe0d2880a9df56665a38a,d59c76dc2e07fe5b446e342e83ed21e21ee96995a20fe0d2880a9df56665a38a,True
tw66gw02/MDK-ARM/tw66gw02_ota_v100/stm32f0xx_hal_gpio.crf,405065,d7893446c5d2750e13d63bda1e55ebe7acf0ac2d754f78d34e9ce2e12aa59cfc,d7893446c5d2750e13d63bda1e55ebe7acf0ac2d754f78d34e9ce2e12aa59cfc,True
tw66gw02/MDK-ARM/tw66gw02_ota_v100/stm32f0xx_hal_gpio.d,3432,98cb4385ec817f30bc1cd04f504116a558ca8a1a6a289b41570865e53d8d21c9,98cb4385ec817f30bc1cd04f504116a558ca8a1a6a289b41570865e53d8d21c9,True
tw66gw02/MDK-ARM/tw66gw02_ota_v100/stm32f0xx_hal_gpio.o,478624,71c008993c946a9fb087be0f1c657e286f3826fd8142064f95ce43f32d6b2a01,71c008993c946a9fb087be0f1c657e286f3826fd8142064f95ce43f32d6b2a01,True
tw66gw02/MDK-ARM/tw66gw02_ota_v100/stm32f0xx_hal_i2c.crf,465053,5e00e2f8b23fdeb3c207a55244bafa23419d2b15eafb1241a4c80d1f292ccdef,5e00e2f8b23fdeb3c207a55244bafa23419d2b15eafb1241a4c80d1f292ccdef,True
tw66gw02/MDK-ARM/tw66gw02_ota_v100/stm32f0xx_hal_i2c.d,3396,f27634ca1344ef9f32684043617e0e349985933985ee2d0d8a13e5ff234216e2,f27634ca1344ef9f32684043617e0e349985933985ee2d0d8a13e5ff234216e2,True
tw66gw02/MDK-ARM/tw66gw02_ota_v100/stm32f0xx_hal_i2c.o,622600,5006d66c99434910426564183e36189ce58d6bca43f1e0dd7239d87ba3f7f0b7,5006d66c99434910426564183e36189ce58d6bca43f1e0dd7239d87ba3f7f0b7,True
tw66gw02/MDK-ARM/tw66gw02_ota_v100/stm32f0xx_hal_i2c_ex.crf,403041,166926676bca2c112438cae5fa14941bb2dc7b0000a167699259e1bc2050d986,166926676bca2c112438cae5fa14941bb2dc7b0000a167699259e1bc2050d986,True
tw66gw02/MDK-ARM/tw66gw02_ota_v100/stm32f0xx_hal_i2c_ex.d,3504,d21fcba05a5120663de26824777c56c4d6624c889b30dc238f1725c2840b01b4,d21fcba05a5120663de26824777c56c4d6624c889b30dc238f1725c2840b01b4,True
tw66gw02/MDK-ARM/tw66gw02_ota_v100/stm32f0xx_hal_i2c_ex.o,472060,98bd132c2d5f92f5e2697d4f0ca66be199012044ecd68c830897c3382b3459d2,98bd132c2d5f92f5e2697d4f0ca66be199012044ecd68c830897c3382b3459d2,True
tw66gw02/MDK-ARM/tw66gw02_ota_v100/stm32f0xx_hal_msp.crf,402232,c27fe04ea9d5bb6a45d6bdb01d86542712aa4e5f11bf040a2dc7588d750c0d62,c27fe04ea9d5bb6a45d6bdb01d86542712aa4e5f11bf040a2dc7588d750c0d62,True
tw66gw02/MDK-ARM/tw66gw02_ota_v100/stm32f0xx_hal_msp.d,3433,c92260923036262c6ade9a046a8688aa3969a65475cdeddab647842c7c831cc0,c92260923036262c6ade9a046a8688aa3969a65475cdeddab647842c7c831cc0,True
tw66gw02/MDK-ARM/tw66gw02_ota_v100/stm32f0xx_hal_msp.o,467536,5c46fd2198d44e6bf16b65ffd68b8f84c70a55eaa095af9859f8c329b2337c9b,5c46fd2198d44e6bf16b65ffd68b8f84c70a55eaa095af9859f8c329b2337c9b,True
tw66gw02/MDK-ARM/tw66gw02_ota_v100/stm32f0xx_hal_pwr.crf,403182,890166681efe69c94d113a43a0ca9da6fb6882b283e673f9e70333e67c1ca94d,890166681efe69c94d113a43a0ca9da6fb6882b283e673f9e70333e67c1ca94d,True
tw66gw02/MDK-ARM/tw66gw02_ota_v100/stm32f0xx_hal_pwr.d,3396,5ac3969d657d29c9e7e5016c7f776864daffc49a8b992d6e487bd7d6c2f1e29f,5ac3969d657d29c9e7e5016c7f776864daffc49a8b992d6e487bd7d6c2f1e29f,True
tw66gw02/MDK-ARM/tw66gw02_ota_v100/stm32f0xx_hal_pwr.o,482048,85ed05997556702a7e064a0e12c849b9849a4b6bb25de80e988049595a92279c,85ed05997556702a7e064a0e12c849b9849a4b6bb25de80e988049595a92279c,True
tw66gw02/MDK-ARM/tw66gw02_ota_v100/stm32f0xx_hal_pwr_ex.crf,402022,d2839b9bf5702445b19e563db81324bfca5d09604cf482a7ea0df754e44fbf6c,d2839b9bf5702445b19e563db81324bfca5d09604cf482a7ea0df754e44fbf6c,True
tw66gw02/MDK-ARM/tw66gw02_ota_v100/stm32f0xx_hal_pwr_ex.d,3504,898c57843969180997351973e52f9a07c2d7640c20d7bdb5dc1d51b55bc8bd36,898c57843969180997351973e52f9a07c2d7640c20d7bdb5dc1d51b55bc8bd36,True
tw66gw02/MDK-ARM/tw66gw02_ota_v100/stm32f0xx_hal_pwr_ex.o,465448,535acc94a7b9013118b7fe09614755231689a36adbd7a540e1425c46680ceb38,535acc94a7b9013118b7fe09614755231689a36adbd7a540e1425c46680ceb38,True
tw66gw02/MDK-ARM/tw66gw02_ota_v100/stm32f0xx_hal_rcc.crf,415480,cf528c246aef48c80e09eec94fe4124afb739bea74bd46d7c1633c094af51a5a,cf528c246aef48c80e09eec94fe4124afb739bea74bd46d7c1633c094af51a5a,True
tw66gw02/MDK-ARM/tw66gw02_ota_v100/stm32f0xx_hal_rcc.d,3396,42e485941791662d31828d73ddd50c464906bb63620a25c895378fbde3234555,42e485941791662d31828d73ddd50c464906bb63620a25c895378fbde3234555,True
tw66gw02/MDK-ARM/tw66gw02_ota_v100/stm32f0xx_hal_rcc.o,489700,0fc44d44637f935bbbc123e8b05e2b99f24989be92eb3c7b9f65a62e2a6ef219,0fc44d44637f935bbbc123e8b05e2b99f24989be92eb3c7b9f65a62e2a6ef219,True
tw66gw02/MDK-ARM/tw66gw02_ota_v100/stm32f0xx_hal_rcc_ex.crf,404498,c312909c6fb3eb94e441afb3dcc88d8bf854be4acbeaea9466f2b9493f3ff4b0,c312909c6fb3eb94e441afb3dcc88d8bf854be4acbeaea9466f2b9493f3ff4b0,True
tw66gw02/MDK-ARM/tw66gw02_ota_v100/stm32f0xx_hal_rcc_ex.d,3504,80b0e84a2103e22222f998303ba4beec99020cf498349d07c1b368a43a55fc13,80b0e84a2103e22222f998303ba4beec99020cf498349d07c1b368a43a55fc13,True
tw66gw02/MDK-ARM/tw66gw02_ota_v100/stm32f0xx_hal_rcc_ex.o,471612,d8be3a0b1777719d51afb25801aa9d6e34ba20dff5d3a6e340dcd545d182e74f,d8be3a0b1777719d51afb25801aa9d6e34ba20dff5d3a6e340dcd545d182e74f,True
tw66gw02/MDK-ARM/tw66gw02_ota_v100/stm32f0xx_hal_tim.crf,469176,467364bdf4791d5c89ddaeff2e500915096ade3084b8e014098ee02a740874ab,467364bdf4791d5c89ddaeff2e500915096ade3084b8e014098ee02a740874ab,True
tw66gw02/MDK-ARM/tw66gw02_ota_v100/stm32f0xx_hal_tim.d,3396,dba7947c3fc5cc92b44515a1aebbad837446486e3702d2456f87bcfc63498a8d,dba7947c3fc5cc92b44515a1aebbad837446486e3702d2456f87bcfc63498a8d,True
tw66gw02/MDK-ARM/tw66gw02_ota_v100/stm32f0xx_hal_tim.o,670060,828f982751750573dd4a9f04688be1ee0eb79cb9d37bd284060828d2963ca421,828f982751750573dd4a9f04688be1ee0eb79cb9d37bd284060828d2963ca421,True
tw66gw02/MDK-ARM/tw66gw02_ota_v100/stm32f0xx_hal_tim_ex.crf,428203,ac25ba3da8490f0006999a179f3a0d0da9a0e92a018c84eb80f55285e06f13d5,ac25ba3da8490f0006999a179f3a0d0da9a0e92a018c84eb80f55285e06f13d5,True
tw66gw02/MDK-ARM/tw66gw02_ota_v100/stm32f0xx_hal_tim_ex.d,3504,f8d01ade542d2dabcde089557750e134f0635a2163137f1ac862425addf2946d,f8d01ade542d2dabcde089557750e134f0635a2163137f1ac862425addf2946d,True
tw66gw02/MDK-ARM/tw66gw02_ota_v100/stm32f0xx_hal_tim_ex.o,541788,be29064b558303701e3d92c63f502a9183a390fc9f48548a9728e44b3ec0b2e8,be29064b558303701e3d92c63f502a9183a390fc9f48548a9728e44b3ec0b2e8,True
tw66gw02/MDK-ARM/tw66gw02_ota_v100/stm32f0xx_hal_uart.crf,431061,2c4400a3bb1f49d71d1c8c7aab21fe309cb488b1e375b0879e84378242f48f42,2c4400a3bb1f49d71d1c8c7aab21fe309cb488b1e375b0879e84378242f48f42,True
tw66gw02/MDK-ARM/tw66gw02_ota_v100/stm32f0xx_hal_uart.d,3432,0be8c582f5569b46bd98a6cc5369a07f8d0669ae64cdf6e93bef64a3c6c46827,0be8c582f5569b46bd98a6cc5369a07f8d0669ae64cdf6e93bef64a3c6c46827,True
tw66gw02/MDK-ARM/tw66gw02_ota_v100/stm32f0xx_hal_uart.o,597844,6ebf341ed1cae44eb38e82b44c8a5e63e8e1d388c5d6a97a07ea4e4c735cec7a,6ebf341ed1cae44eb38e82b44c8a5e63e8e1d388c5d6a97a07ea4e4c735cec7a,True
tw66gw02/MDK-ARM/tw66gw02_ota_v100/stm32f0xx_hal_uart_ex.crf,404784,c4267352ad84196e29d824576d54693460343037587901d0845b428efe3cb192,c4267352ad84196e29d824576d54693460343037587901d0845b428efe3cb192,True
tw66gw02/MDK-ARM/tw66gw02_ota_v100/stm32f0xx_hal_uart_ex.d,3540,11947f62bdc086e22a03ed6ef4f939eb903c9ddc7086bcc6b5acb3c0caacfb77,11947f62bdc086e22a03ed6ef4f939eb903c9ddc7086bcc6b5acb3c0caacfb77,True
tw66gw02/MDK-ARM/tw66gw02_ota_v100/stm32f0xx_hal_uart_ex.o,478572,3f85c501e9556309d55057cae5e5ce509860644afa385012fff64a40bd1ead28,3f85c501e9556309d55057cae5e5ce509860644afa385012fff64a40bd1ead28,True
tw66gw02/MDK-ARM/tw66gw02_ota_v100/stm32f0xx_it.crf,446488,9fed4b8351f06b836db20e73751931f034be17e0304d9b7d883882608075e1a9,9fed4b8351f06b836db20e73751931f034be17e0304d9b7d883882608075e1a9,True
tw66gw02/MDK-ARM/tw66gw02_ota_v100/stm32f0xx_it.d,4622,7a6e2f24bf593d408de41eaf732dc6c7bf8ed01d425be43ca438ca32e97a38c4,7a6e2f24bf593d408de41eaf732dc6c7bf8ed01d425be43ca438ca32e97a38c4,True
tw66gw02/MDK-ARM/tw66gw02_ota_v100/stm32f0xx_it.o,520472,7efcae0fc7e21e318c4f2f29ea99a9e254db4a2d0af44afd31b8c4783d309eed,7efcae0fc7e21e318c4f2f29ea99a9e254db4a2d0af44afd31b8c4783d309eed,True
tw66gw02/MDK-ARM/tw66gw02_ota_v100/system_stm32f0xx.crf,402603,fd56b110967460e7c96c69bd5b1ff3c004b57ceaa24148f9ded351ff0a69c044,fd56b110967460e7c96c69bd5b1ff3c004b57ceaa24148f9ded351ff0a69c044,True
tw66gw02/MDK-ARM/tw66gw02_ota_v100/system_stm32f0xx.d,3341,4ce5d52c25935cfce13cd856b537895e5aa062d41df7bf2dcf69cab8b56b8738,4ce5d52c25935cfce13cd856b537895e5aa062d41df7bf2dcf69cab8b56b8738,True
tw66gw02/MDK-ARM/tw66gw02_ota_v100/system_stm32f0xx.o,469036,d9ae77f0020851908d7b73beba101e460577f4c6c0205cde2722af84b0974d68,d9ae77f0020851908d7b73beba101e460577f4c6c0205cde2722af84b0974d68,True
tw66gw02/MDK-ARM/tw66gw02_ota_v100/taskscheduler.crf,5688,dce1ed1e7edac01f0b1dac977880c4d21ab847812e30f8d4e7b3cc97821d8136,dce1ed1e7edac01f0b1dac977880c4d21ab847812e30f8d4e7b3cc97821d8136,True
tw66gw02/MDK-ARM/tw66gw02_ota_v100/taskscheduler.d,217,3b4252026ade7769dfecff25084612144cb57de94b29de9fa3caa37924ada333,3b4252026ade7769dfecff25084612144cb57de94b29de9fa3caa37924ada333,True
tw66gw02/MDK-ARM/tw66gw02_ota_v100/taskscheduler.o,20572,8d6ca23f21d174afa065b60d66d81e758c90fddebf5dce97024ef1210df481c4,8d6ca23f21d174afa065b60d66d81e758c90fddebf5dce97024ef1210df481c4,True
tw66gw02/MDK-ARM/tw66gw02_ota_v100/temp.crf,454372,24713575e28ec28f7d2ed7a18c07d42de80831d1847d5f9991c47eb3d1ddf054,24713575e28ec28f7d2ed7a18c07d42de80831d1847d5f9991c47eb3d1ddf054,True
tw66gw02/MDK-ARM/tw66gw02_ota_v100/temp.d,4089,4bc6815d80308a9055a6bc906e5a95d89dc38b05a997ab518b11abef1e3a500f,4bc6815d80308a9055a6bc906e5a95d89dc38b05a997ab518b11abef1e3a500f,True
tw66gw02/MDK-ARM/tw66gw02_ota_v100/temp.o,540320,f78fa26a251dcb9ff70cea8d1522770701735e6efcf279433ecd1a79490e6d6b,f78fa26a251dcb9ff70cea8d1522770701735e6efcf279433ecd1a79490e6d6b,True
tw66gw02/MDK-ARM/tw66gw02_ota_v100/test.crf,445760,9c57a745038ac748493d4e657cbc4cff511fa20dd371eedfa1a6a7ca35c39395,9c57a745038ac748493d4e657cbc4cff511fa20dd371eedfa1a6a7ca35c39395,True
tw66gw02/MDK-ARM/tw66gw02_ota_v100/test.d,4089,9927a708c5e3da66a57ee15a6135a7701749fcba2c4d9cb9fb3d2041d9bba93d,9927a708c5e3da66a57ee15a6135a7701749fcba2c4d9cb9fb3d2041d9bba93d,True
tw66gw02/MDK-ARM/tw66gw02_ota_v100/test.o,505372,12d1bb3145e77bdaca83249b1c4b36961fca0b2b369365c39efe7a4f44fd48d3,12d1bb3145e77bdaca83249b1c4b36961fca0b2b369365c39efe7a4f44fd48d3,True
tw66gw02/MDK-ARM/tw66gw02_ota_v100/tim.crf,402688,964969dc527f550237ff132145724b68f30e6c90a3a2ae6cc2c877c1138ac4db,964969dc527f550237ff132145724b68f30e6c90a3a2ae6cc2c877c1138ac4db,True
tw66gw02/MDK-ARM/tw66gw02_ota_v100/tim.d,2961,7d344e1b335d9ea78e787ef0ff7d6deb601fcc2fb9f4c650a8ea6582263ea3c5,7d344e1b335d9ea78e787ef0ff7d6deb601fcc2fb9f4c650a8ea6582263ea3c5,True
tw66gw02/MDK-ARM/tw66gw02_ota_v100/tim.o,472040,8debc6acee5a8ee275b3209d613a317da3ff477e621ba0548d2cc98f65472ea1,8debc6acee5a8ee275b3209d613a317da3ff477e621ba0548d2cc98f65472ea1,True
tw66gw02/MDK-ARM/tw66gw02_ota_v100/tw66gw02.axf,567964,89e741402eeb3a1ce12c0965bf7e70e152a28188f98a594c8a4c9fe4306f263f,89e741402eeb3a1ce12c0965bf7e70e152a28188f98a594c8a4c9fe4306f263f,True
tw66gw02/MDK-ARM/tw66gw02_ota_v100/tw66gw02.build_log.htm,3614,3a5c7ac136891f5891f87337523a4a6359c6857a97bb3c446672456be971dc65,3a5c7ac136891f5891f87337523a4a6359c6857a97bb3c446672456be971dc65,True
tw66gw02/MDK-ARM/tw66gw02_ota_v100/tw66gw02.hex,64422,bdd885ab8a2848ce575e92d2e5abafd87129305c336e2419ffaf2e7afbee4951,bdd885ab8a2848ce575e92d2e5abafd87129305c336e2419ffaf2e7afbee4951,True
tw66gw02/MDK-ARM/tw66gw02_ota_v100/tw66gw02.htm,144615,6c04785544c7c8672afd3d4a3938686a9592ef2d30c248c0c5944922a64766de,6c04785544c7c8672afd3d4a3938686a9592ef2d30c248c0c5944922a64766de,True
tw66gw02/MDK-ARM/tw66gw02_ota_v100/tw66gw02.lnp,1932,cb7fc4138e6af71444e51452e77d6939128d9d16abb0d3a6ab89e06d5cda3156,cb7fc4138e6af71444e51452e77d6939128d9d16abb0d3a6ab89e06d5cda3156,True
tw66gw02/MDK-ARM/tw66gw02_ota_v100/tw66gw02.map,331917,053c2a6200e0253180e18bd30e8b74e5726817932c6030ac3fbd6b2dde9466af,053c2a6200e0253180e18bd30e8b74e5726817932c6030ac3fbd6b2dde9466af,True
tw66gw02/MDK-ARM/tw66gw02_ota_v100/tw66gw02_ota.generated_tw66gw02.dep,140314,ed7d7c0dd7f554528f9d97bfb91851d2cc9c3cba44ce0e129824c989a2f35777,ed7d7c0dd7f554528f9d97bfb91851d2cc9c3cba44ce0e129824c989a2f35777,True
tw66gw02/MDK-ARM/tw66gw02_ota_v100/usart.crf,450411,2271c5bf24abff65edae7595f33135088f3102c645392412e6026c688ff4ed43,2271c5bf24abff65edae7595f33135088f3102c645392412e6026c688ff4ed43,True
tw66gw02/MDK-ARM/tw66gw02_ota_v100/usart.d,4202,f8e435343883206480cbdefc7708e1eac5e27f0c3ab347354dd2f3df62897a4b,f8e435343883206480cbdefc7708e1eac5e27f0c3ab347354dd2f3df62897a4b,True
tw66gw02/MDK-ARM/tw66gw02_ota_v100/usart.o,526920,e76e2e9f3fc1fa1e384917bc2684eec1f1304784d9c665f61ea0cd8dd086b9fe,e76e2e9f3fc1fa1e384917bc2684eec1f1304784d9c665f61ea0cd8dd086b9fe,True
tw66gw02/MDK-ARM/tw66gw02_ota_v100/warning.crf,445791,219685b4f7d8daa6564107f26bea4fb802f96816c28b22939e806ed47ea88a63,219685b4f7d8daa6564107f26bea4fb802f96816c28b22939e806ed47ea88a63,True
tw66gw02/MDK-ARM/tw66gw02_ota_v100/warning.d,4263,9f55c50a10c3743389483c7b8a20966499e59a4ea97694ab6720092d82a5b2ac,9f55c50a10c3743389483c7b8a20966499e59a4ea97694ab6720092d82a5b2ac,True
tw66gw02/MDK-ARM/tw66gw02_ota_v100/warning.o,509448,0983f25957f77886566e20327002d26eba93661cf7b3f34cc984b1c274353ec8,0983f25957f77886566e20327002d26eba93661cf7b3f34cc984b1c274353ec8,True
tw66gw02/MDK-ARM/tw66gw02_ota_v100/wireless.crf,451866,475cfb4f2c52429f162e37683e244ae426fb0e0a28d7271622e0fce601ce57ff,475cfb4f2c52429f162e37683e244ae426fb0e0a28d7271622e0fce601ce57ff,True
tw66gw02/MDK-ARM/tw66gw02_ota_v100/wireless.d,4374,9e7af6bca20b8de58a37631264bee93e8549d3faf2517e0166dbed9773b76414,9e7af6bca20b8de58a37631264bee93e8549d3faf2517e0166dbed9773b76414,True
tw66gw02/MDK-ARM/tw66gw02_ota_v100/wireless.o,536792,c11ff8355cc38f8b361e02b7dce8f65990a6e20263ec8774af3dbf68c973416a,c11ff8355cc38f8b361e02b7dce8f65990a6e20263ec8774af3dbf68c973416a,True
tw66gw02/MDK-ARM/tw66gw02_ota_v101/adc.crf,403435,fc484ed09b34d63646d0e37afca1c1c76120f6bc01c6954a8e168ca3a8755a0c,fc484ed09b34d63646d0e37afca1c1c76120f6bc01c6954a8e168ca3a8755a0c,True
tw66gw02/MDK-ARM/tw66gw02_ota_v101/adc.d,2961,bb351e57a71a8742615813634fb39ec8f56a1f380f835fa044c32327cb635970,bb351e57a71a8742615813634fb39ec8f56a1f380f835fa044c32327cb635970,True
tw66gw02/MDK-ARM/tw66gw02_ota_v101/adc.o,472720,530348dd6bc3866ad337c4046fa1b0d9d876feb2d6eb0594f6ae4984f2f0c0bb,530348dd6bc3866ad337c4046fa1b0d9d876feb2d6eb0594f6ae4984f2f0c0bb,True
tw66gw02/MDK-ARM/tw66gw02_ota_v101/bh66f5242.crf,446074,f8d7d71dd35cb0def69249bc1119d7f15967f805bc420bdb51af324b954c7539,f8d7d71dd35cb0def69249bc1119d7f15967f805bc420bdb51af324b954c7539,True
tw66gw02/MDK-ARM/tw66gw02_ota_v101/bh66f5242.d,4379,fde3530098e5c9b12c65ffe14aa581507d99794933b35d677b59ef39b069a91f,fde3530098e5c9b12c65ffe14aa581507d99794933b35d677b59ef39b069a91f,True
tw66gw02/MDK-ARM/tw66gw02_ota_v101/bh66f5242.o,512824,d55eb9f76b87c4cea776964fb4810ba42ddd1e9444b386f6676bd5bf6f24ac3a,d55eb9f76b87c4cea776964fb4810ba42ddd1e9444b386f6676bd5bf6f24ac3a,True
tw66gw02/MDK-ARM/tw66gw02_ota_v101/c8721.crf,416822,4e2b0217388d2a9c575826bcbb5ace6fffac0f79617293e984de1171e9f04552,4e2b0217388d2a9c575826bcbb5ace6fffac0f79617293e984de1171e9f04552,True
tw66gw02/MDK-ARM/tw66gw02_ota_v101/c8721.d,3219,8a4706eefc18f117b5dd0d889539164a620468cda7cb245d2a165c7cecdf871a,8a4706eefc18f117b5dd0d889539164a620468cda7cb245d2a165c7cecdf871a,True
tw66gw02/MDK-ARM/tw66gw02_ota_v101/c8721.o,504852,7b47e671d061195e26070febdc800520f9ce2f219b8ab0896b454658b4194a15,7b47e671d061195e26070febdc800520f9ce2f219b8ab0896b454658b4194a15,True
tw66gw02/MDK-ARM/tw66gw02_ota_v101/dma.crf,402245,053a196040addb4732cbe2eb1a60a13c82f5e5d4f7971005c0b40f4cfcc9d69c,053a196040addb4732cbe2eb1a60a13c82f5e5d4f7971005c0b40f4cfcc9d69c,True
tw66gw02/MDK-ARM/tw66gw02_ota_v101/dma.d,2961,d46c6027e8e6545c1240c270ddb50f2c4d78c6a6ef025cc97fc7c858987739c6,d46c6027e8e6545c1240c270ddb50f2c4d78c6a6ef025cc97fc7c858987739c6,True
tw66gw02/MDK-ARM/tw66gw02_ota_v101/dma.o,468152,d1cf8ae8c9b9b6cba773eda55a1370b78cecd3ed58c921dd32f16f183945afe2,d1cf8ae8c9b9b6cba773eda55a1370b78cecd3ed58c921dd32f16f183945afe2,True
tw66gw02/MDK-ARM/tw66gw02_ota_v101/gpio.crf,403143,fc776e72d68364a730c80215c3eef1546912371cabc65a0992842ceaa3d677e2,fc776e72d68364a730c80215c3eef1546912371cabc65a0992842ceaa3d677e2,True
tw66gw02/MDK-ARM/tw66gw02_ota_v101/gpio.d,3000,55e2c84b19caf007a4e4e015cb29b3c2b6bd404452aa90a0c75252e40e891711,55e2c84b19caf007a4e4e015cb29b3c2b6bd404452aa90a0c75252e40e891711,True
tw66gw02/MDK-ARM/tw66gw02_ota_v101/gpio.o,468664,7f40d41eaf1cd0e7b4bd0c55da0428771b85cdeacc75e930f0bd186c8bfdbc26,7f40d41eaf1cd0e7b4bd0c55da0428771b85cdeacc75e930f0bd186c8bfdbc26,True
tw66gw02/MDK-ARM/tw66gw02_ota_v101/key.crf,447090,e89453bcc8c847a24641cf7f151c1a4e43aeb39429e2a7e2c6ba1efa1a90d384,e89453bcc8c847a24641cf7f151c1a4e43aeb39429e2a7e2c6ba1efa1a90d384,True
tw66gw02/MDK-ARM/tw66gw02_ota_v101/key.d,4031,d88422729bdbd444d7b36afb561ac194a4570d2513a715e6a3cef7b701f8fdce,d88422729bdbd444d7b36afb561ac194a4570d2513a715e6a3cef7b701f8fdce,True
tw66gw02/MDK-ARM/tw66gw02_ota_v101/key.o,520312,fc2eadccee8d5052230188ef59df6922742f795c5b0d0ec458756a478f0789e2,fc2eadccee8d5052230188ef59df6922742f795c5b0d0ec458756a478f0789e2,True
tw66gw02/MDK-ARM/tw66gw02_ota_v101/main.crf,450051,82bc61609f0514997a58c2b5a91351ce2dbab8a9a7ee012efe1702a05060dd9a,82bc61609f0514997a58c2b5a91351ce2dbab8a9a7ee012efe1702a05060dd9a,True
tw66gw02/MDK-ARM/tw66gw02_ota_v101/main.d,4239,8848146daf088338be6c53b4b48d42ae7d224ce69abbfb8aaebeefbfac6e9185,8848146daf088338be6c53b4b48d42ae7d224ce69abbfb8aaebeefbfac6e9185,True
tw66gw02/MDK-ARM/tw66gw02_ota_v101/main.o,514016,3f7c840e83ad03a148b73eb11aed966f3f363b941d98ba396e824abddcca34e5,3f7c840e83ad03a148b73eb11aed966f3f363b941d98ba396e824abddcca34e5,True
tw66gw02/MDK-ARM/tw66gw02_ota_v101/main_control.crf,455717,c4a96fb04e2bfae8a46263636840366a40f003bcf9d07d0ed61ffd8e4908eb89,c4a96fb04e2bfae8a46263636840366a40f003bcf9d07d0ed61ffd8e4908eb89,True
tw66gw02/MDK-ARM/tw66gw02_ota_v101/main_control.d,4610,93fc36c097549511c50726059046e2f443ee2dcfbf91d3a6bb26811aab126027,93fc36c097549511c50726059046e2f443ee2dcfbf91d3a6bb26811aab126027,True
tw66gw02/MDK-ARM/tw66gw02_ota_v101/main_control.o,559220,546bc3cae2054c41d596ed6fe91ae41db7b2acf4f1a3bc54f450b8670b250441,546bc3cae2054c41d596ed6fe91ae41db7b2acf4f1a3bc54f450b8670b250441,True
tw66gw02/MDK-ARM/tw66gw02_ota_v101/ota_boot.crf,449057,90d14ca0cbd6a5b1d7f1bd3b1217fe89b5bce124664125ac9d09f8c96ef2b5b7,90d14ca0cbd6a5b1d7f1bd3b1217fe89b5bce124664125ac9d09f8c96ef2b5b7,True
tw66gw02/MDK-ARM/tw66gw02_ota_v101/ota_boot.d,4425,783c3db2865f3803d7da9bc842d8272dbb8cd1b5a073d430604bc450d1bb77c2,783c3db2865f3803d7da9bc842d8272dbb8cd1b5a073d430604bc450d1bb77c2,True
tw66gw02/MDK-ARM/tw66gw02_ota_v101/ota_boot.o,515660,1590d54bdd4a4d12e03a49ffaaadd8215024dfc04a884e2b4553b27ed0d49783,1590d54bdd4a4d12e03a49ffaaadd8215024dfc04a884e2b4553b27ed0d49783,True
tw66gw02/MDK-ARM/tw66gw02_ota_v101/ota_update.crf,454442,849b08470b84bb0a9dd4b49015cd7a104c40da4f11960bdc284d9bf6be04bc03,849b08470b84bb0a9dd4b49015cd7a104c40da4f11960bdc284d9bf6be04bc03,True
tw66gw02/MDK-ARM/tw66gw02_ota_v101/ota_update.d,4600,e5a791367341c875d04b3342d7bbacd5ad8444a853aaaa20d2f08f963c5ef399,e5a791367341c875d04b3342d7bbacd5ad8444a853aaaa20d2f08f963c5ef399,True
tw66gw02/MDK-ARM/tw66gw02_ota_v101/ota_update.o,538548,7b01e78d21bd6d70571752b208571e912997a85ab8b7f0df4f37a2dcdd2eca10,7b01e78d21bd6d70571752b208571e912997a85ab8b7f0df4f37a2dcdd2eca10,True
tw66gw02/MDK-ARM/tw66gw02_ota_v101/screen_c8721.crf,448584,7b313d66d286e78f84ae979bfb32ff4b89e69d9851dd271410a35f21376721c0,7b313d66d286e78f84ae979bfb32ff4b89e69d9851dd271410a35f21376721c0,True
tw66gw02/MDK-ARM/tw66gw02_ota_v101/screen_c8721.d,4553,d9cbf79f98f651d64fefd249029038d228394b3ca48c036ad7c80e27c1672197,d9cbf79f98f651d64fefd249029038d228394b3ca48c036ad7c80e27c1672197,True
tw66gw02/MDK-ARM/tw66gw02_ota_v101/screen_c8721.o,522192,f5bc400deec0de05f919260a5abb30cff54daeccbd195ae63f34056d18bf584b,f5bc400deec0de05f919260a5abb30cff54daeccbd195ae63f34056d18bf584b,True
tw66gw02/MDK-ARM/tw66gw02_ota_v101/shutdown.crf,445744,d527008d7f06b56e06cb0bf195ece16662534087a6e7210c5a73427dc0cc0197,d527008d7f06b56e06cb0bf195ece16662534087a6e7210c5a73427dc0cc0197,True
tw66gw02/MDK-ARM/tw66gw02_ota_v101/shutdown.d,4321,24945177d9a2d8f70b22de0586528b27b1f2e29c63552e83852b56f247f0e696,24945177d9a2d8f70b22de0586528b27b1f2e29c63552e83852b56f247f0e696,True
tw66gw02/MDK-ARM/tw66gw02_ota_v101/shutdown.o,506820,bd61163b45665c5f935d0220266070521a288a9d89ae5cc570c39eb55da1fb3e,bd61163b45665c5f935d0220266070521a288a9d89ae5cc570c39eb55da1fb3e,True
tw66gw02/MDK-ARM/tw66gw02_ota_v101/start_up.crf,446011,56c471a476f581bf7cd99fe494a2b9ca9c571a32e2e7313678ed8ae832efe07a,56c471a476f581bf7cd99fe494a2b9ca9c571a32e2e7313678ed8ae832efe07a,True
tw66gw02/MDK-ARM/tw66gw02_ota_v101/start_up.d,4321,71ba8a280d80276f4a44519d902831ac17ddac32833b0ba994072f9803fd63b8,71ba8a280d80276f4a44519d902831ac17ddac32833b0ba994072f9803fd63b8,True
tw66gw02/MDK-ARM/tw66gw02_ota_v101/start_up.o,509308,bd9146fa4109d0c83eb687d8fa79a4e69cce6476e59fd11f5bc1067a9dfea3fe,bd9146fa4109d0c83eb687d8fa79a4e69cce6476e59fd11f5bc1067a9dfea3fe,True
tw66gw02/MDK-ARM/tw66gw02_ota_v101/startup_stm32f030x8.d,66,224cd4fbfb221711ba6e4f87a6f1dda18c4e76cbeece22b410ed91db165c86a6,224cd4fbfb221711ba6e4f87a6f1dda18c4e76cbeece22b410ed91db165c86a6,True
tw66gw02/MDK-ARM/tw66gw02_ota_v101/startup_stm32f030x8.o,4612,5aadf1bc2f0207dddda55081b7789de59e0ba37003576fafe09d41a7045d39ac,5aadf1bc2f0207dddda55081b7789de59e0ba37003576fafe09d41a7045d39ac,True
tw66gw02/MDK-ARM/tw66gw02_ota_v101/stm32f0xx_hal.crf,403494,66c4bb096cd2e1b7ac06e7d1654ea67f3ad2513a2001f525f75b234a303ead85,66c4bb096cd2e1b7ac06e7d1654ea67f3ad2513a2001f525f75b234a303ead85,True
tw66gw02/MDK-ARM/tw66gw02_ota_v101/stm32f0xx_hal.d,3252,d8a5a2349e380cca9ecaeb3d0b5d8371a60d0b425ba403005e97c9a2ecb5ca61,d8a5a2349e380cca9ecaeb3d0b5d8371a60d0b425ba403005e97c9a2ecb5ca61,True
tw66gw02/MDK-ARM/tw66gw02_ota_v101/stm32f0xx_hal.o,498108,37ab02783511350075d7c355cffc361b35e1ef292a32f0296f4d87d99aacf53a,37ab02783511350075d7c355cffc361b35e1ef292a32f0296f4d87d99aacf53a,True
tw66gw02/MDK-ARM/tw66gw02_ota_v101/stm32f0xx_hal_adc.crf,416142,2316638d326143a8627d8de9906e97be07cd8350123bd9e3c525a307ad45a42e,2316638d326143a8627d8de9906e97be07cd8350123bd9e3c525a307ad45a42e,True
tw66gw02/MDK-ARM/tw66gw02_ota_v101/stm32f0xx_hal_adc.d,3396,20c15e39de5b476557e75c131d7b9285be523312df59de549fb54a2a45c620ae,20c15e39de5b476557e75c131d7b9285be523312df59de549fb54a2a45c620ae,True
tw66gw02/MDK-ARM/tw66gw02_ota_v101/stm32f0xx_hal_adc.o,512516,53f650a1d690d45a4d7a287a6d2d010e8db683b8039f96e2af00b806f4712c76,53f650a1d690d45a4d7a287a6d2d010e8db683b8039f96e2af00b806f4712c76,True
tw66gw02/MDK-ARM/tw66gw02_ota_v101/stm32f0xx_hal_adc_ex.crf,402722,8d2bde600ad562b38a1f4f473db01ff19bf05f5133505e98d9a2d754bb564c7c,8d2bde600ad562b38a1f4f473db01ff19bf05f5133505e98d9a2d754bb564c7c,True
tw66gw02/MDK-ARM/tw66gw02_ota_v101/stm32f0xx_hal_adc_ex.d,3504,d7ac5a8a7f0ef708081cca91a422ed50b6a559ea4f2a91084afd3c696e479f90,d7ac5a8a7f0ef708081cca91a422ed50b6a559ea4f2a91084afd3c696e479f90,True
tw66gw02/MDK-ARM/tw66gw02_ota_v101/stm32f0xx_hal_adc_ex.o,467748,69c87119b01332039a8aa5df80e260667792ffd93ca0d83b36df9c3c85627f5b,69c87119b01332039a8aa5df80e260667792ffd93ca0d83b36df9c3c85627f5b,True
tw66gw02/MDK-ARM/tw66gw02_ota_v101/stm32f0xx_hal_cortex.crf,402580,571ef53fffc8b40c931f4dd7703abf49e57a994a93bab5c1cbd3ab7bf77fe201,571ef53fffc8b40c931f4dd7703abf49e57a994a93bab5c1cbd3ab7bf77fe201,True
tw66gw02/MDK-ARM/tw66gw02_ota_v101/stm32f0xx_hal_cortex.d,3504,e7ed568e484fda8c37240479ae7549c78fc51b86dcc4676eee06920c578664f8,e7ed568e484fda8c37240479ae7549c78fc51b86dcc4676eee06920c578664f8,True
tw66gw02/MDK-ARM/tw66gw02_ota_v101/stm32f0xx_hal_cortex.o,485220,122fb92a4a8c810dc1b3b6fba2a3516123e723b1634d6beb02a2b49931d51763,122fb92a4a8c810dc1b3b6fba2a3516123e723b1634d6beb02a2b49931d51763,True
tw66gw02/MDK-ARM/tw66gw02_ota_v101/stm32f0xx_hal_dma.crf,407120,25aceac53898f4b1db41322dc92328fa35a4d7559f4b57b17f076d18dc45f40a,25aceac53898f4b1db41322dc92328fa35a4d7559f4b57b17f076d18dc45f40a,True
tw66gw02/MDK-ARM/tw66gw02_ota_v101/stm32f0xx_hal_dma.d,3396,cea4e7c656b558fb751b260a3cf471d8bf3d94d7a40ad59824196493bc214f41,cea4e7c656b558fb751b260a3cf471d8bf3d94d7a40ad59824196493bc214f41,True
tw66gw02/MDK-ARM/tw66gw02_ota_v101/stm32f0xx_hal_dma.o,489604,9dd43a9c1ee0c6689d9bcaa2c30ed1d5dc08b5299f3b96c60c741d3981d1d7bd,9dd43a9c1ee0c6689d9bcaa2c30ed1d5dc08b5299f3b96c60c741d3981d1d7bd,True
tw66gw02/MDK-ARM/tw66gw02_ota_v101/stm32f0xx_hal_exti.crf,405074,625001acbc33ace19faa479c0811f338446971a6fa7411578c921d58fd7c5996,625001acbc33ace19faa479c0811f338446971a6fa7411578c921d58fd7c5996,True
tw66gw02/MDK-ARM/tw66gw02_ota_v101/stm32f0xx_hal_exti.d,3432,eef839492e2c2e46992bb83443ecfa0e8a47ba5bdff9e7e8dbfe0d25f3e0e744,eef839492e2c2e46992bb83443ecfa0e8a47ba5bdff9e7e8dbfe0d25f3e0e744,True
tw66gw02/MDK-ARM/tw66gw02_ota_v101/stm32f0xx_hal_exti.o,480524,cd5b28d7512a07478f7e5a8d8afd4fb0d21b31392ea6871b7bd86d8f01e3df4a,cd5b28d7512a07478f7e5a8d8afd4fb0d21b31392ea6871b7bd86d8f01e3df4a,True
tw66gw02/MDK-ARM/tw66gw02_ota_v101/stm32f0xx_hal_flash.crf,405623,240224cb124fc79fbcc5f7a6e4f319ad9d7c51b752dcf2ee40392688b1705ad3,240224cb124fc79fbcc5f7a6e4f319ad9d7c51b752dcf2ee40392688b1705ad3,True
tw66gw02/MDK-ARM/tw66gw02_ota_v101/stm32f0xx_hal_flash.d,3468,242f930ddbdc4b5c3f35241a1e53fe25a194a167edd06175b4c88c890208d6fd,242f930ddbdc4b5c3f35241a1e53fe25a194a167edd06175b4c88c890208d6fd,True
tw66gw02/MDK-ARM/tw66gw02_ota_v101/stm32f0xx_hal_flash.o,488320,39bc7df906ba9301562bae390e47452c94c183632b114eba6b9b09c812ad46b6,39bc7df906ba9301562bae390e47452c94c183632b114eba6b9b09c812ad46b6,True
tw66gw02/MDK-ARM/tw66gw02_ota_v101/stm32f0xx_hal_flash_ex.crf,407490,338d58ef4d4e28b722e1d71a066f63d6edd0187c70ecb8bc99b590f176c7b2c4,338d58ef4d4e28b722e1d71a066f63d6edd0187c70ecb8bc99b590f176c7b2c4,True
tw66gw02/MDK-ARM/tw66gw02_ota_v101/stm32f0xx_hal_flash_ex.d,3576,de3e86d5ff741a203ea49d0a3d4e9ba7c21b4a0082c444dab2ed6d1ca54fb67d,de3e86d5ff741a203ea49d0a3d4e9ba7c21b4a0082c444dab2ed6d1ca54fb67d,True
tw66gw02/MDK-ARM/tw66gw02_ota_v101/stm32f0xx_hal_flash_ex.o,486848,a2a586993b07296839aa75c608d73353d468c69d5a8204b649ca63801a4b7aac,a2a586993b07296839aa75c608d73353d468c69d5a8204b649ca63801a4b7aac,True
tw66gw02/MDK-ARM/tw66gw02_ota_v101/stm32f0xx_hal_gpio.crf,405065,d7893446c5d2750e13d63bda1e55ebe7acf0ac2d754f78d34e9ce2e12aa59cfc,d7893446c5d2750e13d63bda1e55ebe7acf0ac2d754f78d34e9ce2e12aa59cfc,True
tw66gw02/MDK-ARM/tw66gw02_ota_v101/stm32f0xx_hal_gpio.d,3432,72ca9d0dcd9010aa3d88bcffaf6bc8f371f9faab9ea999bbd9e2f8db6499edeb,72ca9d0dcd9010aa3d88bcffaf6bc8f371f9faab9ea999bbd9e2f8db6499edeb,True
tw66gw02/MDK-ARM/tw66gw02_ota_v101/stm32f0xx_hal_gpio.o,478624,bc831ac1bcf61b4386588c7d5ed0b46950b9434b5d483da5e83c58f21eb68d39,bc831ac1bcf61b4386588c7d5ed0b46950b9434b5d483da5e83c58f21eb68d39,True
tw66gw02/MDK-ARM/tw66gw02_ota_v101/stm32f0xx_hal_i2c.crf,465053,5e00e2f8b23fdeb3c207a55244bafa23419d2b15eafb1241a4c80d1f292ccdef,5e00e2f8b23fdeb3c207a55244bafa23419d2b15eafb1241a4c80d1f292ccdef,True
tw66gw02/MDK-ARM/tw66gw02_ota_v101/stm32f0xx_hal_i2c.d,3396,bc6ba42687e50165748e672b216abc1b134c1762b8b8c1c367fff543479228f4,bc6ba42687e50165748e672b216abc1b134c1762b8b8c1c367fff543479228f4,True
tw66gw02/MDK-ARM/tw66gw02_ota_v101/stm32f0xx_hal_i2c.o,622600,bdc695cb30f207fd389c73c3399f7bf33f5b34a00ef41a0acf552f0e034170a0,bdc695cb30f207fd389c73c3399f7bf33f5b34a00ef41a0acf552f0e034170a0,True
tw66gw02/MDK-ARM/tw66gw02_ota_v101/stm32f0xx_hal_i2c_ex.crf,403041,166926676bca2c112438cae5fa14941bb2dc7b0000a167699259e1bc2050d986,166926676bca2c112438cae5fa14941bb2dc7b0000a167699259e1bc2050d986,True
tw66gw02/MDK-ARM/tw66gw02_ota_v101/stm32f0xx_hal_i2c_ex.d,3504,af149dc0f29ec6abb51ef65cc19364e082e442cc1beac35825e6a8b0ac2894b7,af149dc0f29ec6abb51ef65cc19364e082e442cc1beac35825e6a8b0ac2894b7,True
tw66gw02/MDK-ARM/tw66gw02_ota_v101/stm32f0xx_hal_i2c_ex.o,472060,1c30b6cfefeeb6627f83226ca9f8ab159eb48a9d5af7fc6793cca44f1c2ae9b3,1c30b6cfefeeb6627f83226ca9f8ab159eb48a9d5af7fc6793cca44f1c2ae9b3,True
tw66gw02/MDK-ARM/tw66gw02_ota_v101/stm32f0xx_hal_msp.crf,402232,c27fe04ea9d5bb6a45d6bdb01d86542712aa4e5f11bf040a2dc7588d750c0d62,c27fe04ea9d5bb6a45d6bdb01d86542712aa4e5f11bf040a2dc7588d750c0d62,True
tw66gw02/MDK-ARM/tw66gw02_ota_v101/stm32f0xx_hal_msp.d,3433,ca05227b6d28286e718040905c4774c3d764ca9483c1403c7a10f0c4cfa2107a,ca05227b6d28286e718040905c4774c3d764ca9483c1403c7a10f0c4cfa2107a,True
tw66gw02/MDK-ARM/tw66gw02_ota_v101/stm32f0xx_hal_msp.o,467536,849077404099f81941e4a8a59968a1cb2a365847afef0fcaad35df9ecfb772aa,849077404099f81941e4a8a59968a1cb2a365847afef0fcaad35df9ecfb772aa,True
tw66gw02/MDK-ARM/tw66gw02_ota_v101/stm32f0xx_hal_pwr.crf,403182,890166681efe69c94d113a43a0ca9da6fb6882b283e673f9e70333e67c1ca94d,890166681efe69c94d113a43a0ca9da6fb6882b283e673f9e70333e67c1ca94d,True
tw66gw02/MDK-ARM/tw66gw02_ota_v101/stm32f0xx_hal_pwr.d,3396,6d418b62e643ec82525b69b9b2fcf56f2bda35ae7e6e3c218a2e569a89515e10,6d418b62e643ec82525b69b9b2fcf56f2bda35ae7e6e3c218a2e569a89515e10,True
tw66gw02/MDK-ARM/tw66gw02_ota_v101/stm32f0xx_hal_pwr.o,482048,f3b0d950d6844c565adf3aa3ba089257750f080da2f97d25b13212eae980dad6,f3b0d950d6844c565adf3aa3ba089257750f080da2f97d25b13212eae980dad6,True
tw66gw02/MDK-ARM/tw66gw02_ota_v101/stm32f0xx_hal_pwr_ex.crf,402022,d2839b9bf5702445b19e563db81324bfca5d09604cf482a7ea0df754e44fbf6c,d2839b9bf5702445b19e563db81324bfca5d09604cf482a7ea0df754e44fbf6c,True
tw66gw02/MDK-ARM/tw66gw02_ota_v101/stm32f0xx_hal_pwr_ex.d,3504,f53a6d0b81d84e52be8d7cfc22bb349bce15cb2449c71b6b071f4411873accf2,f53a6d0b81d84e52be8d7cfc22bb349bce15cb2449c71b6b071f4411873accf2,True
tw66gw02/MDK-ARM/tw66gw02_ota_v101/stm32f0xx_hal_pwr_ex.o,465448,4550acd224e8d9c8b9bcdd30453702109df85fe72e2be5be008dbb65396cd548,4550acd224e8d9c8b9bcdd30453702109df85fe72e2be5be008dbb65396cd548,True
tw66gw02/MDK-ARM/tw66gw02_ota_v101/stm32f0xx_hal_rcc.crf,415480,cf528c246aef48c80e09eec94fe4124afb739bea74bd46d7c1633c094af51a5a,cf528c246aef48c80e09eec94fe4124afb739bea74bd46d7c1633c094af51a5a,True
tw66gw02/MDK-ARM/tw66gw02_ota_v101/stm32f0xx_hal_rcc.d,3396,a719adac1b70ba239714eaea7d7df0f26ba6809eee2df05df731e573e8514ce9,a719adac1b70ba239714eaea7d7df0f26ba6809eee2df05df731e573e8514ce9,True
tw66gw02/MDK-ARM/tw66gw02_ota_v101/stm32f0xx_hal_rcc.o,489700,4d1432d4376f6400f2698bac433e523a3f4ce05ac58809d4aaaf62418514ea07,4d1432d4376f6400f2698bac433e523a3f4ce05ac58809d4aaaf62418514ea07,True
tw66gw02/MDK-ARM/tw66gw02_ota_v101/stm32f0xx_hal_rcc_ex.crf,404498,c312909c6fb3eb94e441afb3dcc88d8bf854be4acbeaea9466f2b9493f3ff4b0,c312909c6fb3eb94e441afb3dcc88d8bf854be4acbeaea9466f2b9493f3ff4b0,True
tw66gw02/MDK-ARM/tw66gw02_ota_v101/stm32f0xx_hal_rcc_ex.d,3504,e11295c7c1db30b5edd23583431d41b4210f4652667e17c25ec4e6c08103090a,e11295c7c1db30b5edd23583431d41b4210f4652667e17c25ec4e6c08103090a,True
tw66gw02/MDK-ARM/tw66gw02_ota_v101/stm32f0xx_hal_rcc_ex.o,471612,d77792707144981f7643468a62edf3575134b978057f6fbedd2bc8ef8d5557eb,d77792707144981f7643468a62edf3575134b978057f6fbedd2bc8ef8d5557eb,True
tw66gw02/MDK-ARM/tw66gw02_ota_v101/stm32f0xx_hal_tim.crf,469176,467364bdf4791d5c89ddaeff2e500915096ade3084b8e014098ee02a740874ab,467364bdf4791d5c89ddaeff2e500915096ade3084b8e014098ee02a740874ab,True
tw66gw02/MDK-ARM/tw66gw02_ota_v101/stm32f0xx_hal_tim.d,3396,c84a74c38f6edb22baf97653a49fdf29992664f9fd09c0fec6512d78cba35346,c84a74c38f6edb22baf97653a49fdf29992664f9fd09c0fec6512d78cba35346,True
tw66gw02/MDK-ARM/tw66gw02_ota_v101/stm32f0xx_hal_tim.o,670060,4c2970307cbc4c65ff047729abbdba9b10b3ec32cd5fcf254826c135a7606565,4c2970307cbc4c65ff047729abbdba9b10b3ec32cd5fcf254826c135a7606565,True
tw66gw02/MDK-ARM/tw66gw02_ota_v101/stm32f0xx_hal_tim_ex.crf,428203,ac25ba3da8490f0006999a179f3a0d0da9a0e92a018c84eb80f55285e06f13d5,ac25ba3da8490f0006999a179f3a0d0da9a0e92a018c84eb80f55285e06f13d5,True
tw66gw02/MDK-ARM/tw66gw02_ota_v101/stm32f0xx_hal_tim_ex.d,3504,0a6b8d3b1a75fd3f6d31426eb3fa4d1eb2ce865ae6ecf3e3f260cc5fa7277662,0a6b8d3b1a75fd3f6d31426eb3fa4d1eb2ce865ae6ecf3e3f260cc5fa7277662,True
tw66gw02/MDK-ARM/tw66gw02_ota_v101/stm32f0xx_hal_tim_ex.o,541788,556b7a70265f503538225ab0cbc7703b2121bb791af534d7092b1dca90eaa431,556b7a70265f503538225ab0cbc7703b2121bb791af534d7092b1dca90eaa431,True
tw66gw02/MDK-ARM/tw66gw02_ota_v101/stm32f0xx_hal_uart.crf,431061,2c4400a3bb1f49d71d1c8c7aab21fe309cb488b1e375b0879e84378242f48f42,2c4400a3bb1f49d71d1c8c7aab21fe309cb488b1e375b0879e84378242f48f42,True
tw66gw02/MDK-ARM/tw66gw02_ota_v101/stm32f0xx_hal_uart.d,3432,f4d8fd69d501c7e9f6c265a30dba4c07883216e22842598a7b855779d373cf78,f4d8fd69d501c7e9f6c265a30dba4c07883216e22842598a7b855779d373cf78,True
tw66gw02/MDK-ARM/tw66gw02_ota_v101/stm32f0xx_hal_uart.o,597844,9c61e716df465b224694281b297f1f92330362a8e04d677a827be9ea79f0d518,9c61e716df465b224694281b297f1f92330362a8e04d677a827be9ea79f0d518,True
tw66gw02/MDK-ARM/tw66gw02_ota_v101/stm32f0xx_hal_uart_ex.crf,404784,c4267352ad84196e29d824576d54693460343037587901d0845b428efe3cb192,c4267352ad84196e29d824576d54693460343037587901d0845b428efe3cb192,True
tw66gw02/MDK-ARM/tw66gw02_ota_v101/stm32f0xx_hal_uart_ex.d,3540,a2466252df7a8f9101f48eea9f9fffcdd507ffd8dbd37a2d194264bb904468dd,a2466252df7a8f9101f48eea9f9fffcdd507ffd8dbd37a2d194264bb904468dd,True
tw66gw02/MDK-ARM/tw66gw02_ota_v101/stm32f0xx_hal_uart_ex.o,478572,1b1ef0d431ae8bd33213df25904ad991ee1ffdd1c2009bb94c648fa6abefe4a3,1b1ef0d431ae8bd33213df25904ad991ee1ffdd1c2009bb94c648fa6abefe4a3,True
tw66gw02/MDK-ARM/tw66gw02_ota_v101/stm32f0xx_it.crf,446488,9fed4b8351f06b836db20e73751931f034be17e0304d9b7d883882608075e1a9,9fed4b8351f06b836db20e73751931f034be17e0304d9b7d883882608075e1a9,True
tw66gw02/MDK-ARM/tw66gw02_ota_v101/stm32f0xx_it.d,4622,67547680c53cebdb6f6fad052577db9c996daca3afe951fef7450697d3a614c8,67547680c53cebdb6f6fad052577db9c996daca3afe951fef7450697d3a614c8,True
tw66gw02/MDK-ARM/tw66gw02_ota_v101/stm32f0xx_it.o,520472,bcb71457824bfa9210ce75f72d57be5114a3528f23e2bbd32ddade3047aa6f30,bcb71457824bfa9210ce75f72d57be5114a3528f23e2bbd32ddade3047aa6f30,True
tw66gw02/MDK-ARM/tw66gw02_ota_v101/system_stm32f0xx.crf,402603,fd56b110967460e7c96c69bd5b1ff3c004b57ceaa24148f9ded351ff0a69c044,fd56b110967460e7c96c69bd5b1ff3c004b57ceaa24148f9ded351ff0a69c044,True
tw66gw02/MDK-ARM/tw66gw02_ota_v101/system_stm32f0xx.d,3341,4526633e63f2f749830fea6d0ccaae756115369ec00b4b3cb1fc0031a51eec9d,4526633e63f2f749830fea6d0ccaae756115369ec00b4b3cb1fc0031a51eec9d,True
tw66gw02/MDK-ARM/tw66gw02_ota_v101/system_stm32f0xx.o,469036,b85c319fc0128fadb37a66490b3acdee527faa6b06a58d5836ca9130ea85566d,b85c319fc0128fadb37a66490b3acdee527faa6b06a58d5836ca9130ea85566d,True
tw66gw02/MDK-ARM/tw66gw02_ota_v101/taskscheduler.crf,5688,dce1ed1e7edac01f0b1dac977880c4d21ab847812e30f8d4e7b3cc97821d8136,dce1ed1e7edac01f0b1dac977880c4d21ab847812e30f8d4e7b3cc97821d8136,True
tw66gw02/MDK-ARM/tw66gw02_ota_v101/taskscheduler.d,217,e4831903e25fe3ec346215d57ed574474852d9d990cdfc8d7477b729ce1539a3,e4831903e25fe3ec346215d57ed574474852d9d990cdfc8d7477b729ce1539a3,True
tw66gw02/MDK-ARM/tw66gw02_ota_v101/taskscheduler.o,20572,16ac911f66a556a27393386d2f078d0c88b2d7ae31756756af005f9aa5c1cbfa,16ac911f66a556a27393386d2f078d0c88b2d7ae31756756af005f9aa5c1cbfa,True
tw66gw02/MDK-ARM/tw66gw02_ota_v101/temp.crf,454372,24713575e28ec28f7d2ed7a18c07d42de80831d1847d5f9991c47eb3d1ddf054,24713575e28ec28f7d2ed7a18c07d42de80831d1847d5f9991c47eb3d1ddf054,True
tw66gw02/MDK-ARM/tw66gw02_ota_v101/temp.d,4089,36516aafe96f25e1f573ad0e521ef1173a45887a226c3d9257b7e28767680abd,36516aafe96f25e1f573ad0e521ef1173a45887a226c3d9257b7e28767680abd,True
tw66gw02/MDK-ARM/tw66gw02_ota_v101/temp.o,540320,321f59fcf575735068abb531373bfdadf02a81f2dc131bd77e1bafdf1b2bf146,321f59fcf575735068abb531373bfdadf02a81f2dc131bd77e1bafdf1b2bf146,True
tw66gw02/MDK-ARM/tw66gw02_ota_v101/test.crf,445760,9c57a745038ac748493d4e657cbc4cff511fa20dd371eedfa1a6a7ca35c39395,9c57a745038ac748493d4e657cbc4cff511fa20dd371eedfa1a6a7ca35c39395,True
tw66gw02/MDK-ARM/tw66gw02_ota_v101/test.d,4089,3a683badb0f331e3c490197b61a7685932129ee79c28cca816fe78e041853717,3a683badb0f331e3c490197b61a7685932129ee79c28cca816fe78e041853717,True
tw66gw02/MDK-ARM/tw66gw02_ota_v101/test.o,505372,c481fb38d5e903bdf2d8b97e787f87560b3327482a0021545d960f969ede3668,c481fb38d5e903bdf2d8b97e787f87560b3327482a0021545d960f969ede3668,True
tw66gw02/MDK-ARM/tw66gw02_ota_v101/tim.crf,402688,964969dc527f550237ff132145724b68f30e6c90a3a2ae6cc2c877c1138ac4db,964969dc527f550237ff132145724b68f30e6c90a3a2ae6cc2c877c1138ac4db,True
tw66gw02/MDK-ARM/tw66gw02_ota_v101/tim.d,2961,ed3d9e27a5ca5b76271b42ec3266af82bc3dd2d432885b7b997708881a67ac44,ed3d9e27a5ca5b76271b42ec3266af82bc3dd2d432885b7b997708881a67ac44,True
tw66gw02/MDK-ARM/tw66gw02_ota_v101/tim.o,472040,cd1b77ab567fd7fe365770c98842242a1283d3df848a27d3f92bb1063fa391a4,cd1b77ab567fd7fe365770c98842242a1283d3df848a27d3f92bb1063fa391a4,True
tw66gw02/MDK-ARM/tw66gw02_ota_v101/tw66gw02.axf,567964,90d33782561e9def8bd28f8e374a453343c1155e3a6cd0801781529fe9bfd8ce,90d33782561e9def8bd28f8e374a453343c1155e3a6cd0801781529fe9bfd8ce,True
tw66gw02/MDK-ARM/tw66gw02_ota_v101/tw66gw02.build_log.htm,3614,4a49ad6c51477a857f19f987413e06af782aec38106010a39ac7823633736c48,4a49ad6c51477a857f19f987413e06af782aec38106010a39ac7823633736c48,True
tw66gw02/MDK-ARM/tw66gw02_ota_v101/tw66gw02.hex,64422,8c8f7a046c7fe2a42d3dccf20bc4f94e188d82c26841e5efbc4d93ccbde18956,8c8f7a046c7fe2a42d3dccf20bc4f94e188d82c26841e5efbc4d93ccbde18956,True
tw66gw02/MDK-ARM/tw66gw02_ota_v101/tw66gw02.htm,144615,4e587566ecfad4dbd887e0fa20d28e3cf8627866b32d4e3aaa2e88648148b69f,4e587566ecfad4dbd887e0fa20d28e3cf8627866b32d4e3aaa2e88648148b69f,True
tw66gw02/MDK-ARM/tw66gw02_ota_v101/tw66gw02.lnp,1932,0e235afa3649c5f11f4c861e77d5bfe6413395b2b0394d307a0b6c0e476d515f,0e235afa3649c5f11f4c861e77d5bfe6413395b2b0394d307a0b6c0e476d515f,True
tw66gw02/MDK-ARM/tw66gw02_ota_v101/tw66gw02.map,331917,053c2a6200e0253180e18bd30e8b74e5726817932c6030ac3fbd6b2dde9466af,053c2a6200e0253180e18bd30e8b74e5726817932c6030ac3fbd6b2dde9466af,True
tw66gw02/MDK-ARM/tw66gw02_ota_v101/tw66gw02_ota.generated_tw66gw02.dep,140314,640e0c5bc189f36d33a0dedd3ea971279ec42e9e3528c1b2655380a4a737c039,640e0c5bc189f36d33a0dedd3ea971279ec42e9e3528c1b2655380a4a737c039,True
tw66gw02/MDK-ARM/tw66gw02_ota_v101/usart.crf,450411,2271c5bf24abff65edae7595f33135088f3102c645392412e6026c688ff4ed43,2271c5bf24abff65edae7595f33135088f3102c645392412e6026c688ff4ed43,True
tw66gw02/MDK-ARM/tw66gw02_ota_v101/usart.d,4202,0f127dece6fb7ab625c17ddb1a80df516dbf479fab02ec7ee25dec42d57ef779,0f127dece6fb7ab625c17ddb1a80df516dbf479fab02ec7ee25dec42d57ef779,True
tw66gw02/MDK-ARM/tw66gw02_ota_v101/usart.o,526920,73b92781bb5ec4778e6958864c3c64d0a61e267faf6d00e688b6b56e5e80ec8a,73b92781bb5ec4778e6958864c3c64d0a61e267faf6d00e688b6b56e5e80ec8a,True
tw66gw02/MDK-ARM/tw66gw02_ota_v101/warning.crf,445791,219685b4f7d8daa6564107f26bea4fb802f96816c28b22939e806ed47ea88a63,219685b4f7d8daa6564107f26bea4fb802f96816c28b22939e806ed47ea88a63,True
tw66gw02/MDK-ARM/tw66gw02_ota_v101/warning.d,4263,d01351b279bb57cb069c3e0e3e4a39f9ffcfc75541084e3ea1fca9fa92ab5c94,d01351b279bb57cb069c3e0e3e4a39f9ffcfc75541084e3ea1fca9fa92ab5c94,True
tw66gw02/MDK-ARM/tw66gw02_ota_v101/warning.o,509448,d5fba06cf7816ea5e9a8f4f6259edf5e96413255595bcd80cf93ca71ce8f0a5e,d5fba06cf7816ea5e9a8f4f6259edf5e96413255595bcd80cf93ca71ce8f0a5e,True
tw66gw02/MDK-ARM/tw66gw02_ota_v101/wireless.crf,451866,475cfb4f2c52429f162e37683e244ae426fb0e0a28d7271622e0fce601ce57ff,475cfb4f2c52429f162e37683e244ae426fb0e0a28d7271622e0fce601ce57ff,True
tw66gw02/MDK-ARM/tw66gw02_ota_v101/wireless.d,4374,ce3608ce19cfac28e74f23e4b6201312f4f589def56158e45872ef53d9d0eee5,ce3608ce19cfac28e74f23e4b6201312f4f589def56158e45872ef53d9d0eee5,True
tw66gw02/MDK-ARM/tw66gw02_ota_v101/wireless.o,536792,36fb7514bda0f6d95f8e0d0f4e94fa197d04fb04f3830055b9c9013747d2c353,36fb7514bda0f6d95f8e0d0f4e94fa197d04fb04f3830055b9c9013747d2c353,True
tw66gw02/OS/TaskScheduler.c,5467,b76d41c1074d5ddc4b86d9cbd7ff2fec14a24fa1743418b97a95896c9d356cea,b76d41c1074d5ddc4b86d9cbd7ff2fec14a24fa1743418b97a95896c9d356cea,True
tw66gw02/OS/TaskScheduler.h,919,9c297c2253e6b043935e02bf21d824d081b9db41e0c122232c41986ec62406e8,9c297c2253e6b043935e02bf21d824d081b9db41e0c122232c41986ec62406e8,True
tw66gw02/OTA_Artifacts/Release_v100_to_v101/App_Upload/mathis_ota_v101.manifest.json,483,32dbd34c823153e6ac60136f8fb36efa8c21d5b507d6e77134d7a36611bc28d6,32dbd34c823153e6ac60136f8fb36efa8c21d5b507d6e77134d7a36611bc28d6,True
tw66gw02/OTA_Artifacts/Release_v100_to_v101/App_Upload/mathis_ota_v101.ota,23268,7d72822aa7ad78dde1265e720eed1b003e81f5e70d59e33c9e1a09ce0bb41b8e,7d72822aa7ad78dde1265e720eed1b003e81f5e70d59e33c9e1a09ce0bb41b8e,True
tw66gw02/OTA_Artifacts/Release_v100_to_v101/Debug_Only/mathis_app_v100.bin,22884,4d01c033d78148155f91179886934ec99d3b6d07941f0197c9dfe7235690f935,4d01c033d78148155f91179886934ec99d3b6d07941f0197c9dfe7235690f935,True
tw66gw02/OTA_Artifacts/Release_v100_to_v101/Debug_Only/mathis_app_v100.hex,64422,bdd885ab8a2848ce575e92d2e5abafd87129305c336e2419ffaf2e7afbee4951,bdd885ab8a2848ce575e92d2e5abafd87129305c336e2419ffaf2e7afbee4951,True
tw66gw02/OTA_Artifacts/Release_v100_to_v101/Debug_Only/mathis_app_v101.bin,22884,264edd6ab3f59db8ec053f99466a049a042cb05782a79bb82af354b4f9a095ac,264edd6ab3f59db8ec053f99466a049a042cb05782a79bb82af354b4f9a095ac,True
tw66gw02/OTA_Artifacts/Release_v100_to_v101/Debug_Only/mathis_app_v101.hex,64422,8c8f7a046c7fe2a42d3dccf20bc4f94e188d82c26841e5efbc4d93ccbde18956,8c8f7a046c7fe2a42d3dccf20bc4f94e188d82c26841e5efbc4d93ccbde18956,True
tw66gw02/OTA_Artifacts/Release_v100_to_v101/Factory_Flash/mathis_factory_v100.bin,29028,58aa52601bd24d483e4c036a313cfa4de805237aed065668713f36d1897bcc8b,58aa52601bd24d483e4c036a313cfa4de805237aed065668713f36d1897bcc8b,True
tw66gw02/OTA_Artifacts/Release_v100_to_v101/Factory_Flash/mathis_factory_v100.hex,70564,9f49ed81f977a9933972ac98a29362de664c421164daf127c98f7111336217b8,9f49ed81f977a9933972ac98a29362de664c421164daf127c98f7111336217b8,True
tw66gw02/OTA_Artifacts/Release_v100_to_v101/README.txt,360,d37b68ca7c1b49fa98b91ebab87d39b38386ab66bf57643115b820d709ddc703,d37b68ca7c1b49fa98b91ebab87d39b38386ab66bf57643115b820d709ddc703,True
tw66gw02/OTA_Artifacts/Release_v100_to_v101/SHA256SUMS.txt,416,dcbd57d921e9ecfdfe61205c36fd7e8c64e834f708a8bd8999672cfaf4388505,dcbd57d921e9ecfdfe61205c36fd7e8c64e834f708a8bd8999672cfaf4388505,True
tw66gw02/OTA_Artifacts/build_direct_v100.log,2091,b190c1f802124a98fa3d9fd75ae4859db0ae672508294f5df8a2281c6e2c24b5,b190c1f802124a98fa3d9fd75ae4859db0ae672508294f5df8a2281c6e2c24b5,True
tw66gw02/OTA_Artifacts/build_factory_keil.log,1841,a9684d2136bc765d6d1167b4d7bd19058b5eb15b7ce62499edf0d856847a5682,a9684d2136bc765d6d1167b4d7bd19058b5eb15b7ce62499edf0d856847a5682,True
tw66gw02/OTA_Artifacts/build_v100.log,1853,c88ac5d456b889c3118ef202f9e0a3cb067f495abdd35f966ecf38fa82d352f6,c88ac5d456b889c3118ef202f9e0a3cb067f495abdd35f966ecf38fa82d352f6,True
tw66gw02/OTA_Artifacts/build_v101.log,1853,ba32f7ed806d01171977c1b246407a7c36641fc48922af739b265a56335b3575,ba32f7ed806d01171977c1b246407a7c36641fc48922af739b265a56335b3575,True
tw66gw02/OTA_Artifacts/diagnostic_direct_v100.bin,22884,a175df7e13c5454507d43947a28a5c7500d5b03c137ca0b0e06edb65a782ffa3,a175df7e13c5454507d43947a28a5c7500d5b03c137ca0b0e06edb65a782ffa3,True
tw66gw02/OTA_Artifacts/diagnostic_direct_v100.hex,64422,2d9fd3fbd3bf2177607bebf1b1dfbf2a95c2e68523f518cba6a18eb2be6a4863,2d9fd3fbd3bf2177607bebf1b1dfbf2a95c2e68523f518cba6a18eb2be6a4863,True
tw66gw02/OTA_Artifacts/diagnostic_gpio_alive.bin,560,7ef647b18a942c719137a4590ae714ccbd994e83492604525762c19341e7ec30,7ef647b18a942c719137a4590ae714ccbd994e83492604525762c19341e7ec30,True
tw66gw02/OTA_Artifacts/diagnostic_gpio_alive.hex,1626,e1ecdbbe07dba82678e237588354645248999afd08f5ebecc68ec41f97e077cd,e1ecdbbe07dba82678e237588354645248999afd08f5ebecc68ec41f97e077cd,True
tw66gw02/OTA_Artifacts/diagnostic_minboot_factory_v100.bin,29028,558926da3c4b96c2a9191523f62417522551329e438b067b3a2ca6cc2908ef96,558926da3c4b96c2a9191523f62417522551329e438b067b3a2ca6cc2908ef96,True
tw66gw02/OTA_Artifacts/keil_factory_v100.bin,29028,1bed731a40a9b2195050d865b20d5f0ac0a8be9678f0928de1e8856b396a95d6,1bed731a40a9b2195050d865b20d5f0ac0a8be9678f0928de1e8856b396a95d6,True
tw66gw02/OTA_Artifacts/keil_factory_v100.hex,81702,4c67bfdebbca42c5d5dd8ba57834e0cd70bd3e64de1f41f442094051b15b4125,4c67bfdebbca42c5d5dd8ba57834e0cd70bd3e64de1f41f442094051b15b4125,True
tw66gw02/OTA_Artifacts/mathis_app_v100.bin,22884,4d01c033d78148155f91179886934ec99d3b6d07941f0197c9dfe7235690f935,4d01c033d78148155f91179886934ec99d3b6d07941f0197c9dfe7235690f935,True
tw66gw02/OTA_Artifacts/mathis_app_v100.hex,64422,bdd885ab8a2848ce575e92d2e5abafd87129305c336e2419ffaf2e7afbee4951,bdd885ab8a2848ce575e92d2e5abafd87129305c336e2419ffaf2e7afbee4951,True
tw66gw02/OTA_Artifacts/mathis_app_v101.bin,22884,264edd6ab3f59db8ec053f99466a049a042cb05782a79bb82af354b4f9a095ac,264edd6ab3f59db8ec053f99466a049a042cb05782a79bb82af354b4f9a095ac,True
tw66gw02/OTA_Artifacts/mathis_app_v101.hex,64422,8c8f7a046c7fe2a42d3dccf20bc4f94e188d82c26841e5efbc4d93ccbde18956,8c8f7a046c7fe2a42d3dccf20bc4f94e188d82c26841e5efbc4d93ccbde18956,True
tw66gw02/OTA_Artifacts/mathis_factory_v100.bin,29028,58aa52601bd24d483e4c036a313cfa4de805237aed065668713f36d1897bcc8b,58aa52601bd24d483e4c036a313cfa4de805237aed065668713f36d1897bcc8b,True
tw66gw02/OTA_Artifacts/mathis_factory_v100.hex,70564,9f49ed81f977a9933972ac98a29362de664c421164daf127c98f7111336217b8,9f49ed81f977a9933972ac98a29362de664c421164daf127c98f7111336217b8,True
tw66gw02/OTA_Artifacts/mathis_ota_v101.manifest.json,483,32dbd34c823153e6ac60136f8fb36efa8c21d5b507d6e77134d7a36611bc28d6,32dbd34c823153e6ac60136f8fb36efa8c21d5b507d6e77134d7a36611bc28d6,True
tw66gw02/OTA_Artifacts/mathis_ota_v101.ota,23268,7d72822aa7ad78dde1265e720eed1b003e81f5e70d59e33c9e1a09ce0bb41b8e,7d72822aa7ad78dde1265e720eed1b003e81f5e70d59e33c9e1a09ce0bb41b8e,True
tw66gw02/OTA_DEVELOPMENT_README.md,6929,a76de75ef82f382578fc2d4365f040f0848d65b0b5ba68382a3f478e2bab25fb,a76de75ef82f382578fc2d4365f040f0848d65b0b5ba68382a3f478e2bab25fb,True
tw66gw02/OTA_烧录与APP联调说明.md,4450,9855002155f634d359a551cde896b2a70564cbeb2cf4e98c0c842a5765578c85,9855002155f634d359a551cde896b2a70564cbeb2cf4e98c0c842a5765578c85,True
tw66gw02/PrepareFactoryBootImage.ps1,703,e6bba671feca2344dbd3f4d561a7e70c578b00b7963760a70bc0c2fe5502a171,e6bba671feca2344dbd3f4d561a7e70c578b00b7963760a70bc0c2fe5502a171,True
tw66gw02/ProgramBootloaderOnlyWithJLink.ps1,2424,6971b3953d4a3b30028a7f0055fbfe251c7b055a36344384f0c8c26bdee4060b,6971b3953d4a3b30028a7f0055fbfe251c7b055a36344384f0c8c26bdee4060b,True
tw66gw02/ProgramFactoryWithJLink.ps1,2531,ccbf2fef56fcc0f42980ca81d389a9021550c5526965975a817194807d2f7829,ccbf2fef56fcc0f42980ca81d389a9021550c5526965975a817194807d2f7829,True
tw66gw02/ReadStartupStateWithJLink.ps1,1423,9b379cd8bd5eef8340c1b641887606f931128745fa432f8932eda0f113794043,9b379cd8bd5eef8340c1b641887606f931128745fa432f8932eda0f113794043,True
tw66gw02/tests/test_ota_artifacts.py,6633,b348e65dcc19d35141b27697d45cded75014fbb3e33b2e65ddeec78f5309af2b,b348e65dcc19d35141b27697d45cded75014fbb3e33b2e65ddeec78f5309af2b,True
tw66gw02/tw66gw02.hex,81702,4c67bfdebbca42c5d5dd8ba57834e0cd70bd3e64de1f41f442094051b15b4125,4c67bfdebbca42c5d5dd8ba57834e0cd70bd3e64de1f41f442094051b15b4125,True
tw66gw02/tw66gw02.ioc,8033,d368cbfcb7755b8f94444f4df1dac49c5fb4dc274726093afe32c58dfae1f28d,d368cbfcb7755b8f94444f4df1dac49c5fb4dc274726093afe32c58dfae1f28d,True
