snapshot,relative_path,workspace_path,bytes,sha256,normalized_sha256,normalization
main,Bootloader/boot_main.c,Bootloader/boot_main.c,11380,a9e114855a8fca13113f3b7d68252c33626c46bf627293b71a78b6805084c13d,a9e114855a8fca13113f3b7d68252c33626c46bf627293b71a78b6805084c13d,utf-8 BOM/newlines normalized
main,Bootloader/bootloader.sct,Bootloader/bootloader.sct,259,8d70f5f18a0d4bf89f5d0b368a3ac5f945b73c91978511a67b5139b6e1bfd464,8d70f5f18a0d4bf89f5d0b368a3ac5f945b73c91978511a67b5139b6e1bfd464,utf-8 BOM/newlines normalized
main,Bootloader/build_bootloader.ps1,Bootloader/build_bootloader.ps1,2152,76b5db28284eb61b7b58dab95da7ea468b5fccd051d7fd2f3f42235bc563460d,76b5db28284eb61b7b58dab95da7ea468b5fccd051d7fd2f3f42235bc563460d,utf-8 BOM/newlines normalized
main,Bootloader/build_min_bootloader.ps1,Bootloader/build_min_bootloader.ps1,2152,e381e8417a9b2663cfed0552dd0c992f633758b207fca5dafb73a89ada002867,e381e8417a9b2663cfed0552dd0c992f633758b207fca5dafb73a89ada002867,utf-8 BOM/newlines normalized
main,Bootloader/min_boot_main.c,Bootloader/min_boot_main.c,1830,c0b1db636b5838e27321b7d9a73807a2c5da35ebdf18e408601622245b95e214,c0b1db636b5838e27321b7d9a73807a2c5da35ebdf18e408601622245b95e214,utf-8 BOM/newlines normalized
main,BSP/battery_level.c,BSP/battery_level.c,6493,3a119978004d7d1e9bc8253493ff9f6be67044a6434e12889193ea4e301574fb,e983b98720507c5f65d4170b7a1a87e003dc7fc50716718cee1dba62d949d25e,utf-8 BOM/newlines normalized
main,BSP/battery_level.h,BSP/battery_level.h,1184,b0fe7f6466ccfcfdd043222cc979a34e2d988e4762476bcffa5310f34327337e,ce136753cd467a3a259965318bf92bbc327f4307695da11b88c675788bf33935,utf-8 BOM/newlines normalized
main,BSP/bh66f5242.c,BSP/bh66f5242.c,2017,c49c8c8420a7d54268a294fb74b6a3bd28c0ca671e7b264dbfb674ef9ffb6add,f052891a07b43ce86dae7100d80a7dbc07c275c04a9aa89c2a58bf8159c94be2,utf-8 BOM/newlines normalized
main,BSP/bh66f5242.h,BSP/bh66f5242.h,3461,338f96fc3aca20c9919e169c22856e0e16bf1bf6686c3f40e156d346b059b25c,1c89be0ad9436b48696661c432f0a84d670f0da50ec9c92347df5aed68a14f69,utf-8 BOM/newlines normalized
main,BSP/buzz.c,BSP/buzz.c,755,d4f658cb8fa348122e1fab443de517ad8c024de4a437008405fe303152759786,212c3df9a8149620b19454615bd777136f5372fd44624b159bdbfd163a2060c3,utf-8 BOM/newlines normalized
main,BSP/buzz.h,BSP/buzz.h,370,d6a06eefb3c8d251b1133e5566fbde0a2ba29bb5717e1d67e100e65d91f0662a,0a260bfdbf045a3e66878416ae00ad09bf154b906e4d2bfaa0a56c966b731cab,utf-8 BOM/newlines normalized
main,BSP/C8721.c,BSP/C8721.c,14184,b998065fb433a10b4b896b40d37afdbbae0c732a58a3497770e5595b53095863,d941c5b156ea29e7c2b0eb358b06c64a31c5ed55abb49e641ec50827e5f3cc06,utf-8 BOM/newlines normalized
main,BSP/C8721.h,BSP/C8721.h,9107,d57aa90e30e9071ea37c450008cb89dceccfe8121e5a2fd55151f005e5e544bf,0a8cf77ad855a8ce01ad2c6598862698bd2c85d23e93d3b31c8aeed35de1e24f,utf-8 BOM/newlines normalized
main,BSP/config.h,BSP/config.h,4997,1ac1f0a367a7d433c9cef567d3cc1e4a261842059020a80b21bae4cdd3cc4f76,1ac1f0a367a7d433c9cef567d3cc1e4a261842059020a80b21bae4cdd3cc4f76,utf-8 BOM/newlines normalized
main,BSP/key.c,BSP/key.c,7781,60176aa30184187f18d0418f1007a54e1849addd6c024a66b0bd60852f11909a,63564a59bb0568c22e1c7f2a23a55484f6c8dcde0a11a1a589355cb8547dd9d5,utf-8 BOM/newlines normalized
main,BSP/key.h,BSP/key.h,1161,4c52e123eb6fea0d9635fd338c1a66fc0fa52d4c3ab786ead92822d0a2f01edc,21d855c9cbc1de50210aa207773f14908b514f5373862ee2ca0ef60342f90043,utf-8 BOM/newlines normalized
main,BSP/ota_layout.h,BSP/ota_layout.h,2978,a18034ebfbe219c45718f32b42d889973e6c7d5dd4ef64f4257adcfe75cfc855,a18034ebfbe219c45718f32b42d889973e6c7d5dd4ef64f4257adcfe75cfc855,utf-8 BOM/newlines normalized
main,BSP/screen_c8721.c,BSP/screen_c8721.c,11935,6cdd1853846d18473871e4fe758c7bec47db06bce913b9ade2c4ba160bb7bd6e,5c514e758091271ce3959eae0c01c3dc318ccfad7d3b1bf9997a040dc147e412,utf-8 BOM/newlines normalized
main,BSP/screen_c8721.h,BSP/screen_c8721.h,4145,146a83ab868c7d505338e46546d6e472feaaae6a76f4acdd0c9ec2e2601e17eb,57a2b8df4257bb530078f31368c514c86f5154fabc7c2566a837154e72a156c0,utf-8 BOM/newlines normalized
main,BSP/temp.c,BSP/temp.c,27002,e16b89dd44fb07e9a6c9261a733718a3a005adb55afa8c506daeecaf9b2b6889,cc13d176dc4ee56e261e3fc89fb4e6bff928c8be50cbd8485b81521a22d3f722,utf-8 BOM/newlines normalized
main,BSP/temp.h,BSP/temp.h,1258,4c9153259ce7a5848afd8978fe058671c6964dc6d148b07e0539cf2d6dcddb39,67843a144505762227aefb3277b774f0a7a2977580897ba7f5c54616d8c874f3,utf-8 BOM/newlines normalized
main,BSP/wireless.c,BSP/wireless.c,13781,bda5913ca786880c4c643e4f9398fc629e0ded755fa165f0e3bdb6f2a58ed5a8,bda5913ca786880c4c643e4f9398fc629e0ded755fa165f0e3bdb6f2a58ed5a8,utf-8 BOM/newlines normalized
main,BSP/wireless.h,BSP/wireless.h,1918,e3ea69d7bd93e1bcdf1be27a5531bbe3284a5bed3815952e7b787c0948a024d7,e3ea69d7bd93e1bcdf1be27a5531bbe3284a5bed3815952e7b787c0948a024d7,utf-8 BOM/newlines normalized
main,BuildKeilFactoryTarget.ps1,BuildKeilFactoryTarget.ps1,2656,f98a0dbeec12d393c818c96783f6aad266c396b61c18ec3b054f8e22312d3bdf,f98a0dbeec12d393c818c96783f6aad266c396b61c18ec3b054f8e22312d3bdf,utf-8 BOM/newlines normalized
main,BuildOtaArtifacts.ps1,BuildOtaArtifacts.ps1,9218,89c1d391d7621e4328c521fd3e95ad9c322bdd28f1e3e36ceb2a713ee9261d28,89c1d391d7621e4328c521fd3e95ad9c322bdd28f1e3e36ceb2a713ee9261d28,utf-8 BOM/newlines normalized
main,BuildStartupDiagnostic.ps1,BuildStartupDiagnostic.ps1,4414,d34959753ed8bbe7ad110347269c057b74de2d46dd5ab70754f839a09ea57407,d34959753ed8bbe7ad110347269c057b74de2d46dd5ab70754f839a09ea57407,utf-8 BOM/newlines normalized
main,COP/gagent_md5.c,COP/gagent_md5.c,7411,7c7435c58508a6299040acb0de43aaef02c798973e1653a93b222dbfe0b28044,ed234d99364aa6e3135ad9447000855498d65da999ffcfb77405287d4fa105a0,utf-8 BOM/newlines normalized
main,COP/gagent_md5.h,COP/gagent_md5.h,1552,34f858b2b2f755822bc98fb0389f6f5225448987e033a9d0826f4a6ba655440a,cf5aa41999f60dfee750aaf2e88bb4db90872471ef505b52a55dad1c836ebb7f,utf-8 BOM/newlines normalized
main,COP/idle.c,COP/idle.c,695,1653bfc080f1c1638400c71d2f38038ce53a579e7c80a9318650395e058b73a5,6cf1cfed7cf27006d532fb9a4ebfbc64af64bf1b79f8bee704c12cc780bc52aa,utf-8 BOM/newlines normalized
main,COP/idle.h,COP/idle.h,401,a6cbdb71de115f0709a8f21967e33e6ba5a167b0ade7c5fc6a8f55b5894d6870,b14b5b2fb4b67f3ad1986ebebd5b1c19e57bef70712ffff1ae7c3a5b4d9820c3,utf-8 BOM/newlines normalized
main,COP/main_control.c,COP/main_control.c,31234,f122cea871413a937c84d8126fa627352c8098141cc8a7140331afcfc327a89d,f122cea871413a937c84d8126fa627352c8098141cc8a7140331afcfc327a89d,utf-8 BOM/newlines normalized
main,COP/main_control.h,COP/main_control.h,2128,dc7752e731cc0602547c63338571ff1db080445f32d1fa450240bfd31f2b01d9,a5915bb7e7e7d663a9224eb522fb2af3ede93e5109b1e2f3dacebb92b0504145,utf-8 BOM/newlines normalized
main,COP/ota.c,COP/ota.c,9857,e5a7e011b7ce278b6a1062ffebf0318c828b19f51f4b14a405e002776d453740,cec6884c0a29bfda166e13a591c0da7dda0744e0f45be0c31f4cd1cb40c17036,utf-8 BOM/newlines normalized
main,COP/ota.h,COP/ota.h,1552,a91dcf468bb37197fcbdf1b7f80bbff4941a97769c625455bd274d6fa1507d98,045d94ea29d8bcb1b69af43b6eefacad61c7a63dd83c692a22128e5ca31ff7b8,utf-8 BOM/newlines normalized
main,COP/ota_boot.c,COP/ota_boot.c,1905,4dd3678ceff56d6c1db45c8fa0cbafdc1720b5c4437fa944a4a74ff5e194a82d,4dd3678ceff56d6c1db45c8fa0cbafdc1720b5c4437fa944a4a74ff5e194a82d,utf-8 BOM/newlines normalized
main,COP/ota_boot.h,COP/ota_boot.h,191,19a6c7f2ccbf1d4c1ce9075b724d54645540fb94c2765118c0fb4623547bac30,19a6c7f2ccbf1d4c1ce9075b724d54645540fb94c2765118c0fb4623547bac30,utf-8 BOM/newlines normalized
main,COP/ota_update.c,COP/ota_update.c,11074,8fd276a2cb1c1ca211336c9a4cb3c1a7c06c9cb2c50a33e0d3961e727a2b9446,8fd276a2cb1c1ca211336c9a4cb3c1a7c06c9cb2c50a33e0d3961e727a2b9446,utf-8 BOM/newlines normalized
main,COP/ota_update.h,COP/ota_update.h,303,7dc0a910c841b2f3dd7894c4c701a02d1cd2d598500bcd5fabcdfee477c87b3e,7dc0a910c841b2f3dd7894c4c701a02d1cd2d598500bcd5fabcdfee477c87b3e,utf-8 BOM/newlines normalized
main,COP/pid.c,COP/pid.c,3340,2cd7d229d6234e952a7c0a99d2a2ca83084bf750cb8cddcab47ac0fabc1566f5,0519b524bc670c71041b9be00414b41b27a977f22ea8447db250d57c03d71b1c,utf-8 BOM/newlines normalized
main,COP/pid.h,COP/pid.h,935,0707bc51d0416321d93d3b78e1ee1feca7176b5ed1bddcb35576241e1ae164f1,d23fa6f0d8a207fd220934168bd46c94da3d2a8dcfbc6ccda675704ddf7530b2,utf-8 BOM/newlines normalized
main,COP/run.c,COP/run.c,1591,15ad04788f186e0d60faf5a6be70d2209067f033cf9ca30a0482be615bf79b1a,1212716cc3a01265760ff946a540fa0a5068126b8267e3d13c6424a6c489b4ba,utf-8 BOM/newlines normalized
main,COP/run.h,COP/run.h,397,ea440535e18edbd07c88b6bf689e32eb0be5dd997f29aa6dc68698a86db5713f,3a36a73e94b31f168dc86d99a61eaca594dda1b4c0c26464e06e456e3bb446a2,utf-8 BOM/newlines normalized
main,COP/set.c,COP/set.c,842,57cde9f0a5dbc1bad14e16bf2b615d8457b3ee428995e06e5f60093f1db1d41a,b515d438b4e823f0ebeffa59edf623d0659c2cf953d71535a10b397ff261e30b,utf-8 BOM/newlines normalized
main,COP/set.h,COP/set.h,414,1339a678a5a607baf0678eeab5f7c98ec136d99f27e4b119b3b4f252e655b348,9b53f84b02c227e690f7b1bbd2d7cd7426887f28fabe12a4f40c0f16e2f107ab,utf-8 BOM/newlines normalized
main,COP/shutdown.c,COP/shutdown.c,1267,e5165813723b5271871e38a1b25a30f2f6d5f33711c651a0b0240c957b80d072,e2dfca1cf6e8c7b57b6e5a7b3b2624766b7b788d22829b925bd1df7fa7427e9f,utf-8 BOM/newlines normalized
main,COP/shutdown.h,COP/shutdown.h,448,89a9f886d3843504796942195f858eeb3b241a7bca4f6ac4b98b0b90851d2cc1,34ab3b0a1a416c32849704c56494f346507d615b45145bd1d6c9aebb85fd91a2,utf-8 BOM/newlines normalized
main,COP/start_up.c,COP/start_up.c,1774,1780bca013991de3da40cfcd0bab052b2ce32091234965abfe42e9da72b68ab4,607b34916f09a1cb17d2188d5baaf2841cc63e385c27746cf6e5f72a45af1800,utf-8 BOM/newlines normalized
main,COP/start_up.h,COP/start_up.h,412,754f5a3386f1df67cf379e07b4b5330bcada879c345e71c0bac506d7f9b13706,ba77066eb56dac27107f399669bb699da63c8c72d17328fab60acbb5839c7386,utf-8 BOM/newlines normalized
main,COP/test.c,COP/test.c,687,2c2c9c6f7348a436fe1185026392011d26088abe935ecfe4da80c57234f31f47,a433119fd0b44631362cbb85ba67ea80be62f6f31097205407c9c50e47eb95f0,utf-8 BOM/newlines normalized
main,COP/test.h,COP/test.h,401,fb5533851667c6820aac85f93e32b25272af2cfc1308b1857b40200d382ac6fd,ea145b699f8aecdc8603a7f6721fd907529e940810a0a81be9910a191a2afa9a,utf-8 BOM/newlines normalized
main,COP/warning.c,COP/warning.c,6376,a73227f5ed7dc0dd3d22e06a2f48c18cd089943d0264cf88f9922a277fba147e,881c5789330dcb0108b0ffcd8d98fd8b0a68fce40a3e53d0b6a037f897e6e56c,utf-8 BOM/newlines normalized
main,COP/warning.h,COP/warning.h,731,0d224c347a6cf8083e199cab96c1bddddc7b9f1a664aca9f01f1a03e12b31f5d,4e55abafa3f4fcaa971ca63ccbc04349b8c23b32369c938b9bc0bb57994778d8,utf-8 BOM/newlines normalized
main,Core/Inc/adc.h,Core/Inc/adc.h,1372,4052f2e6bc5b3bcb85d083dc16c9dfc2d851564d319e918b6621ea01d4aea37b,da412e86da525a59df37d79a3f232096a71d035b7d5ba414bb97fd43e7988030,utf-8 BOM/newlines normalized
main,Core/Inc/dma.h,Core/Inc/dma.h,1393,7cf6f7450a29d26303cbba5a3ca8c6cb24a02635d6a5ba4d05141fdfc75c4c49,f3190614531c4bd5af6cfcee9cc29aea0321863613eba43266dadb615e6f1036,utf-8 BOM/newlines normalized
main,Core/Inc/gpio.h,Core/Inc/gpio.h,1313,e2d62f964a0b7f238384ed6a20a181d09df9647240a268dc547acf5b35099f74,cd5a5f75903537cba4460073b40e3b0d18d4af6dd7522c5a0756f0b9261e03af,utf-8 BOM/newlines normalized
main,Core/Inc/main.h,Core/Inc/main.h,2003,ef067e8a4e2e9040720af5e7cb8d1e3d9360d46a3debf11da9771bb0104293c8,2ce048de1cae9009b13f034822a6a9e45ff0aadb00605f1203c24d68ca2069a2,utf-8 BOM/newlines normalized
main,Core/Inc/stm32f0xx_hal_conf.h,Core/Inc/stm32f0xx_hal_conf.h,12370,b7548d75ac43ec9efefd83c00491df3450962801b384b33657e76d98b0a3548d,73f912abc5e66e64eaabf962856be222532d28109eaef075684149f52f4e0b76,utf-8 BOM/newlines normalized
main,Core/Inc/stm32f0xx_it.h,Core/Inc/stm32f0xx_it.h,2011,8803ae7942dd9046fc3f5556d67776fa879282014d6f4eb417dcd38610a19c28,a171dad582b92589d640e8b7979996d6c281a90d767511f338f3fdfa724249a3,utf-8 BOM/newlines normalized
main,Core/Inc/tim.h,Core/Inc/tim.h,1345,b060d62de6437c2e1be10eb11aa9c07afba7588e10491d67739df5bacda5d4bd,0fcf34a7240f07510e6a37667a8ef0fa38e4a416f824c03476924c38ccbe174f,utf-8 BOM/newlines normalized
main,Core/Inc/usart.h,Core/Inc/usart.h,3193,26b6598a423ae5c5767ea5798b83db8e192166bc34a60b3fb311a9bbb3070877,f6ee13764eb6fb6997440fcc33367cd75f9d7eabd4cb07de04387f49aff167e1,utf-8 BOM/newlines normalized
main,Core/Src/adc.c,Core/Src/adc.c,4720,8908b5138ca35ebe901a8381d9ec7a8d874e0bece07b2b86544025f09774aae5,a9075d1c2d655c280d363e0402e608361712e2850b402383f8e8c4d34c2a649f,utf-8 BOM/newlines normalized
main,Core/Src/dma.c,Core/Src/dma.c,1908,69c62ddd8ca5ca7f16d57cc767580c42229a650ad1a4f2f564b9ffa7452e96af,277cce436238a8d4494d917cfef452a895fbc4f4d319cd4eb1ad1928b40e9040,utf-8 BOM/newlines normalized
main,Core/Src/gpio.c,Core/Src/gpio.c,2989,39cdde8fa6e00c0aa8b41a114f806c0c20a340d336ac171757f7d8df04193c96,db8f0acf11aa079c2dfd329d04bf1fb106bc1a1380abc43b467c6e96f2917e5d,utf-8 BOM/newlines normalized
main,Core/Src/main.c,Core/Src/main.c,6801,e4f10f2049187a2ea79ba1eedc50550ced5bed4fbdaa91919c87988c8676bd40,e4f10f2049187a2ea79ba1eedc50550ced5bed4fbdaa91919c87988c8676bd40,utf-8 BOM/newlines normalized
main,Core/Src/stm32f0xx_hal_msp.c,Core/Src/stm32f0xx_hal_msp.c,2231,0d3c29e612ee305efeb5006b3b1335bd67fea4c6a4888b2fe6075cec5e5dda81,5711e4e1612d4a26067e34b856c6d421ecd981f59bc64e6518af30c7da7dc53a,utf-8 BOM/newlines normalized
main,Core/Src/stm32f0xx_it.c,Core/Src/stm32f0xx_it.c,6599,3c127187ea4f230c91ff2a77689d89a027de6c659e546d055e569c30fbbe8400,b92665bbdd79b4abd663e33c37ecaccdc9955610e98518025abeb349f9e39572,utf-8 BOM/newlines normalized
main,Core/Src/system_stm32f0xx.c,Core/Src/system_stm32f0xx.c,9262,a5257cd1f7c7f099a2acaafb669a5af2b22b96f5d34a06d33ba212e52a275ea9,a5257cd1f7c7f099a2acaafb669a5af2b22b96f5d34a06d33ba212e52a275ea9,utf-8 BOM/newlines normalized
main,Core/Src/tim.c,Core/Src/tim.c,2977,ef3d834916271c53858be3887ea3ad7932a8d1a8a59dff0f199f083ae9c96e49,5a3f20e5416a450c6b7301482d84c44f5f4ad1db9648467128002457f816c0bb,utf-8 BOM/newlines normalized
main,Core/Src/usart.c,Core/Src/usart.c,11881,a38e1cd2a7a7c7537d2e8bfa51f2753b498792d9666837e17888f3cd3d4f4088,04622ce654894b60734a6b5bcd3092c90fba2a151cce9837fe6612c608b46f5c,utf-8 BOM/newlines normalized
main,Diagnostics/build_gpio_alive.ps1,Diagnostics/build_gpio_alive.ps1,2166,98ea8729441becc27af0149e6adb815a81ffba3a590727dca30fd80d37abf2c0,98ea8729441becc27af0149e6adb815a81ffba3a590727dca30fd80d37abf2c0,utf-8 BOM/newlines normalized
main,Diagnostics/gpio_alive.c,Diagnostics/gpio_alive.c,1007,e6083f0e4d6dc2c0da599716bea241c5af67666c770ba527d4e3fea6091165fb,e6083f0e4d6dc2c0da599716bea241c5af67666c770ba527d4e3fea6091165fb,utf-8 BOM/newlines normalized
main,Drivers/CMSIS/Device/ST/STM32F0xx/Include/stm32f030x8.h,Drivers/CMSIS/Device/ST/STM32F0xx/Include/stm32f030x8.h,431448,cd18a6eca343810482d09b4ac32fda7ef0c56b05250a2e87402d3a1a2b4c35e8,cd18a6eca343810482d09b4ac32fda7ef0c56b05250a2e87402d3a1a2b4c35e8,utf-8 BOM/newlines normalized
main,Drivers/CMSIS/Device/ST/STM32F0xx/Include/stm32f0xx.h,Drivers/CMSIS/Device/ST/STM32F0xx/Include/stm32f0xx.h,10976,6014250efdc39dad8e7f2d74be95db323e4cccd21fcd862ebf5fdd363d6db634,6014250efdc39dad8e7f2d74be95db323e4cccd21fcd862ebf5fdd363d6db634,raw bytes
main,Drivers/CMSIS/Device/ST/STM32F0xx/Include/system_stm32f0xx.h,Drivers/CMSIS/Device/ST/STM32F0xx/Include/system_stm32f0xx.h,2201,d7773a877737eee25efd275f32046c67f473fd23f5278e53004490f48096dbfb,d7773a877737eee25efd275f32046c67f473fd23f5278e53004490f48096dbfb,utf-8 BOM/newlines normalized
main,Drivers/CMSIS/Include/cmsis_armcc.h,Drivers/CMSIS/Include/cmsis_armcc.h,27343,3371c679298b7db7caae23215ab8efdb95fe3b5c6c1a793f8004e5be16940149,3371c679298b7db7caae23215ab8efdb95fe3b5c6c1a793f8004e5be16940149,utf-8 BOM/newlines normalized
main,Drivers/CMSIS/Include/cmsis_armclang.h,Drivers/CMSIS/Include/cmsis_armclang.h,54628,3a33c83dd7533cd2827164b89e66dc7c0f8376ef4e2d255ec50c1a58b36f670b,3a33c83dd7533cd2827164b89e66dc7c0f8376ef4e2d255ec50c1a58b36f670b,utf-8 BOM/newlines normalized
main,Drivers/CMSIS/Include/cmsis_compiler.h,Drivers/CMSIS/Include/cmsis_compiler.h,8748,03ab80c426a8360eaaad833ac816462a9f38cb2e4dbdc490914880ad071181fe,03ab80c426a8360eaaad833ac816462a9f38cb2e4dbdc490914880ad071181fe,utf-8 BOM/newlines normalized
main,Drivers/CMSIS/Include/cmsis_gcc.h,Drivers/CMSIS/Include/cmsis_gcc.h,60259,341982e6d6c91119214c47d7a04b31f1f8ce0970c45e2c9fe0870c80d0876e28,341982e6d6c91119214c47d7a04b31f1f8ce0970c45e2c9fe0870c80d0876e28,utf-8 BOM/newlines normalized
main,Drivers/CMSIS/Include/cmsis_iccarm.h,Drivers/CMSIS/Include/cmsis_iccarm.h,27479,03e120db362480dc0c57b9eb2574972029321fb8d9e993e458dbff69e6f4f91e,03e120db362480dc0c57b9eb2574972029321fb8d9e993e458dbff69e6f4f91e,utf-8 BOM/newlines normalized
main,Drivers/CMSIS/Include/cmsis_version.h,Drivers/CMSIS/Include/cmsis_version.h,1677,c2570d56ee85d4f2ec0fb62f31d080d3cddf3a015500a4ed5a006a571637b43c,c2570d56ee85d4f2ec0fb62f31d080d3cddf3a015500a4ed5a006a571637b43c,utf-8 BOM/newlines normalized
main,Drivers/CMSIS/Include/core_armv8mbl.h,Drivers/CMSIS/Include/core_armv8mbl.h,96077,6b1a61685f498b80becd4df1219c50fd47f1e8ec23ee28184585b1025387764b,6b1a61685f498b80becd4df1219c50fd47f1e8ec23ee28184585b1025387764b,utf-8 BOM/newlines normalized
main,Drivers/CMSIS/Include/core_armv8mml.h,Drivers/CMSIS/Include/core_armv8mml.h,165987,2a9f702aebde491b5a7b96d539413b2ddef1ea6872b09f9397638389aea86d0c,2a9f702aebde491b5a7b96d539413b2ddef1ea6872b09f9397638389aea86d0c,utf-8 BOM/newlines normalized
main,Drivers/CMSIS/Include/core_cm0.h,Drivers/CMSIS/Include/core_cm0.h,41259,1fedf79e11c6c7f7c02fc2c6d93add0f86b62fadbcb913daece240d97a70720c,1fedf79e11c6c7f7c02fc2c6d93add0f86b62fadbcb913daece240d97a70720c,utf-8 BOM/newlines normalized
main,Drivers/CMSIS/Include/core_cm0plus.h,Drivers/CMSIS/Include/core_cm0plus.h,49381,9fd6ebad79f26eeb25f5cba28fd87bedc9e13213cd44269b049cf1f379d5ab36,9fd6ebad79f26eeb25f5cba28fd87bedc9e13213cd44269b049cf1f379d5ab36,utf-8 BOM/newlines normalized
main,Drivers/CMSIS/Include/core_cm1.h,Drivers/CMSIS/Include/core_cm1.h,42480,1ca25034076f4952af4d235f2c4302bdc81d123cf55bc329d2fa964d9bc0ece1,1ca25034076f4952af4d235f2c4302bdc81d123cf55bc329d2fa964d9bc0ece1,utf-8 BOM/newlines normalized
main,Drivers/CMSIS/Include/core_cm23.h,Drivers/CMSIS/Include/core_cm23.h,102635,492e9eebccc634173a92826966c40c98061878daae73c67597e370a8def685f5,492e9eebccc634173a92826966c40c98061878daae73c67597e370a8def685f5,utf-8 BOM/newlines normalized
main,Drivers/CMSIS/Include/core_cm3.h,Drivers/CMSIS/Include/core_cm3.h,109913,655bb08e9474438dec8b1874ea6c63749dc2787b85f06a0987c4870bcb580f21,655bb08e9474438dec8b1874ea6c63749dc2787b85f06a0987c4870bcb580f21,utf-8 BOM/newlines normalized
main,Drivers/CMSIS/Include/core_cm33.h,Drivers/CMSIS/Include/core_cm33.h,172598,f4b8df5e3327f38497b1893c4b6d75ef9758a5443423f19b45f1ffe1f51ecffe,f4b8df5e3327f38497b1893c4b6d75ef9758a5443423f19b45f1ffe1f51ecffe,utf-8 BOM/newlines normalized
main,Drivers/CMSIS/Include/core_cm4.h,Drivers/CMSIS/Include/core_cm4.h,121478,53712d8aefacaebf3faa2370be8c7c6065328a974242f9e315ffc86b3ee852c5,53712d8aefacaebf3faa2370be8c7c6065328a974242f9e315ffc86b3ee852c5,utf-8 BOM/newlines normalized
main,Drivers/CMSIS/Include/core_cm7.h,Drivers/CMSIS/Include/core_cm7.h,145917,4e67355b28417febaa955120abd51fcdcf4d581c5e1522ece1e673c38cd17728,4e67355b28417febaa955120abd51fcdcf4d581c5e1522ece1e673c38cd17728,utf-8 BOM/newlines normalized
main,Drivers/CMSIS/Include/core_sc000.h,Drivers/CMSIS/Include/core_sc000.h,46227,cb3a0b87bdbb70f552773bc442fdacb6c59b06233b5f0d6b2e0e8f56fd561396,cb3a0b87bdbb70f552773bc442fdacb6c59b06233b5f0d6b2e0e8f56fd561396,utf-8 BOM/newlines normalized
main,Drivers/CMSIS/Include/core_sc300.h,Drivers/CMSIS/Include/core_sc300.h,108608,2a3ec02d4b947d6eb09a7b9860a4fbe9b9f45ee1a911f1674a424fd6d3faa683,2a3ec02d4b947d6eb09a7b9860a4fbe9b9f45ee1a911f1674a424fd6d3faa683,utf-8 BOM/newlines normalized
main,Drivers/CMSIS/Include/mpu_armv7.h,Drivers/CMSIS/Include/mpu_armv7.h,11441,e4968e627df085e4ebf46be5140be657e035d978ae1938c1c2e3ee49fbde5030,e4968e627df085e4ebf46be5140be657e035d978ae1938c1c2e3ee49fbde5030,utf-8 BOM/newlines normalized
main,Drivers/CMSIS/Include/mpu_armv8.h,Drivers/CMSIS/Include/mpu_armv8.h,10625,8e5a84b186f303eb3f2ece0cd84f013ac31ed68bffde4feea502acd0b474c40f,8e5a84b186f303eb3f2ece0cd84f013ac31ed68bffde4feea502acd0b474c40f,utf-8 BOM/newlines normalized
main,Drivers/CMSIS/Include/tz_context.h,Drivers/CMSIS/Include/tz_context.h,2687,45565c8cb04c653aabaf3cceddfc848b6a0de28c20d4f7e3d475a992c7eee788,45565c8cb04c653aabaf3cceddfc848b6a0de28c20d4f7e3d475a992c7eee788,utf-8 BOM/newlines normalized
main,Drivers/STM32F0xx_HAL_Driver/Inc/Legacy/stm32_hal_legacy.h,Drivers/STM32F0xx_HAL_Driver/Inc/Legacy/stm32_hal_legacy.h,236949,3ac002c4df98f17ed8e6802508357643cf72540de7222f903f5bfdc402ab7b44,3ac002c4df98f17ed8e6802508357643cf72540de7222f903f5bfdc402ab7b44,utf-8 BOM/newlines normalized
main,Drivers/STM32F0xx_HAL_Driver/Inc/stm32f0xx_hal.h,Drivers/STM32F0xx_HAL_Driver/Inc/stm32f0xx_hal.h,32497,29e3c732a39e22b5fa3d7197e0d96b3a9cf32b205268c45a517511b9c9ab1292,29e3c732a39e22b5fa3d7197e0d96b3a9cf32b205268c45a517511b9c9ab1292,utf-8 BOM/newlines normalized
main,Drivers/STM32F0xx_HAL_Driver/Inc/stm32f0xx_hal_adc.h,Drivers/STM32F0xx_HAL_Driver/Inc/stm32f0xx_hal_adc.h,52001,874527f39efa00625ca966e51a26b46dcd4aa957a2d39f2afb900f8a484d881e,874527f39efa00625ca966e51a26b46dcd4aa957a2d39f2afb900f8a484d881e,utf-8 BOM/newlines normalized
main,Drivers/STM32F0xx_HAL_Driver/Inc/stm32f0xx_hal_adc_ex.h,Drivers/STM32F0xx_HAL_Driver/Inc/stm32f0xx_hal_adc_ex.h,13053,57e515316bf65b84a8635f15fb22850ae4ec0197ea9907a14902dbc780bca6b9,57e515316bf65b84a8635f15fb22850ae4ec0197ea9907a14902dbc780bca6b9,utf-8 BOM/newlines normalized
main,Drivers/STM32F0xx_HAL_Driver/Inc/stm32f0xx_hal_cortex.h,Drivers/STM32F0xx_HAL_Driver/Inc/stm32f0xx_hal_cortex.h,3669,6051101b3b55b460ef98bfc854c42ca4cc5b5bb6eba6dda2426c5fd3889b9bbb,6051101b3b55b460ef98bfc854c42ca4cc5b5bb6eba6dda2426c5fd3889b9bbb,utf-8 BOM/newlines normalized
main,Drivers/STM32F0xx_HAL_Driver/Inc/stm32f0xx_hal_def.h,Drivers/STM32F0xx_HAL_Driver/Inc/stm32f0xx_hal_def.h,6565,7c831c91bb3ed127dd52b842b919649129095c06eeeef185da6c15ccf9718bcf,7c831c91bb3ed127dd52b842b919649129095c06eeeef185da6c15ccf9718bcf,utf-8 BOM/newlines normalized
main,Drivers/STM32F0xx_HAL_Driver/Inc/stm32f0xx_hal_dma.h,Drivers/STM32F0xx_HAL_Driver/Inc/stm32f0xx_hal_dma.h,28317,404be6c6d36948b786025327cfffa42254e6ee48e7910db2fa665030a2a7e475,404be6c6d36948b786025327cfffa42254e6ee48e7910db2fa665030a2a7e475,utf-8 BOM/newlines normalized
main,Drivers/STM32F0xx_HAL_Driver/Inc/stm32f0xx_hal_dma_ex.h,Drivers/STM32F0xx_HAL_Driver/Inc/stm32f0xx_hal_dma_ex.h,58343,a7dcbd01b2ea86fdb23bd7e898d2c212a17722f19984e9cdf2f341f2f886ee3d,a7dcbd01b2ea86fdb23bd7e898d2c212a17722f19984e9cdf2f341f2f886ee3d,utf-8 BOM/newlines normalized
main,Drivers/STM32F0xx_HAL_Driver/Inc/stm32f0xx_hal_exti.h,Drivers/STM32F0xx_HAL_Driver/Inc/stm32f0xx_hal_exti.h,14274,e73dc38722d586062b7437067f9e6990f9952cbcb823696bbbf2d2e61a5b3878,e73dc38722d586062b7437067f9e6990f9952cbcb823696bbbf2d2e61a5b3878,utf-8 BOM/newlines normalized
main,Drivers/STM32F0xx_HAL_Driver/Inc/stm32f0xx_hal_flash.h,Drivers/STM32F0xx_HAL_Driver/Inc/stm32f0xx_hal_flash.h,10077,3bed899f71156113108277ca5282293d03664028bb7e50d4c302f955961d7500,3bed899f71156113108277ca5282293d03664028bb7e50d4c302f955961d7500,utf-8 BOM/newlines normalized
main,Drivers/STM32F0xx_HAL_Driver/Inc/stm32f0xx_hal_flash_ex.h,Drivers/STM32F0xx_HAL_Driver/Inc/stm32f0xx_hal_flash_ex.h,19175,1e94d0081874d25cd182957103e5e46dba211577e45aa9835020f0b56f248042,1e94d0081874d25cd182957103e5e46dba211577e45aa9835020f0b56f248042,utf-8 BOM/newlines normalized
main,Drivers/STM32F0xx_HAL_Driver/Inc/stm32f0xx_hal_gpio.h,Drivers/STM32F0xx_HAL_Driver/Inc/stm32f0xx_hal_gpio.h,13686,1211e581c187d6fdb37bf14753e10073c4c7118f9ffb140977c1f535c702ab73,1211e581c187d6fdb37bf14753e10073c4c7118f9ffb140977c1f535c702ab73,utf-8 BOM/newlines normalized
main,Drivers/STM32F0xx_HAL_Driver/Inc/stm32f0xx_hal_gpio_ex.h,Drivers/STM32F0xx_HAL_Driver/Inc/stm32f0xx_hal_gpio_ex.h,51121,2c219ba343b4d30fcc1c682805cd823c16c7076dc26253c2e4d135d752c06007,2c219ba343b4d30fcc1c682805cd823c16c7076dc26253c2e4d135d752c06007,utf-8 BOM/newlines normalized
main,Drivers/STM32F0xx_HAL_Driver/Inc/stm32f0xx_hal_i2c.h,Drivers/STM32F0xx_HAL_Driver/Inc/stm32f0xx_hal_i2c.h,38822,deecbe1b8386fee66a0a6cf262b87b269e3acba4796670cf156cf2bf12bc5964,deecbe1b8386fee66a0a6cf262b87b269e3acba4796670cf156cf2bf12bc5964,utf-8 BOM/newlines normalized
main,Drivers/STM32F0xx_HAL_Driver/Inc/stm32f0xx_hal_i2c_ex.h,Drivers/STM32F0xx_HAL_Driver/Inc/stm32f0xx_hal_i2c_ex.h,6863,f466424c93867d7b42a184a622de48eb47be2b50fb8766b36bf88eb3c5be1656,f466424c93867d7b42a184a622de48eb47be2b50fb8766b36bf88eb3c5be1656,utf-8 BOM/newlines normalized
main,Drivers/STM32F0xx_HAL_Driver/Inc/stm32f0xx_hal_pwr.h,Drivers/STM32F0xx_HAL_Driver/Inc/stm32f0xx_hal_pwr.h,5690,271e3b144808b0a93ff0113e5e1c3821efc622e00e7fcc33b8f24e744360c26f,271e3b144808b0a93ff0113e5e1c3821efc622e00e7fcc33b8f24e744360c26f,utf-8 BOM/newlines normalized
main,Drivers/STM32F0xx_HAL_Driver/Inc/stm32f0xx_hal_pwr_ex.h,Drivers/STM32F0xx_HAL_Driver/Inc/stm32f0xx_hal_pwr_ex.h,17330,49f0336c35719052670809bbad1487f73dbf0b26db63c0c9b6d44a6d8270a8c4,49f0336c35719052670809bbad1487f73dbf0b26db63c0c9b6d44a6d8270a8c4,utf-8 BOM/newlines normalized
main,Drivers/STM32F0xx_HAL_Driver/Inc/stm32f0xx_hal_rcc.h,Drivers/STM32F0xx_HAL_Driver/Inc/stm32f0xx_hal_rcc.h,82447,b91f3fcb137b91be8556cf26017ecc62b53771b3b9cb7fbd0a43e1e8fb5676bc,b91f3fcb137b91be8556cf26017ecc62b53771b3b9cb7fbd0a43e1e8fb5676bc,utf-8 BOM/newlines normalized
main,Drivers/STM32F0xx_HAL_Driver/Inc/stm32f0xx_hal_rcc_ex.h,Drivers/STM32F0xx_HAL_Driver/Inc/stm32f0xx_hal_rcc_ex.h,92125,52232e808e6028a811563ca44e25a9cb104838a946ce4f3121121d5d6ba8e0f1,52232e808e6028a811563ca44e25a9cb104838a946ce4f3121121d5d6ba8e0f1,utf-8 BOM/newlines normalized
main,Drivers/STM32F0xx_HAL_Driver/Inc/stm32f0xx_hal_tim.h,Drivers/STM32F0xx_HAL_Driver/Inc/stm32f0xx_hal_tim.h,123178,e2f34e5ddd2437830e355c6afcdb479134da4037702a9800c707fcabb62ae66d,e2f34e5ddd2437830e355c6afcdb479134da4037702a9800c707fcabb62ae66d,utf-8 BOM/newlines normalized
main,Drivers/STM32F0xx_HAL_Driver/Inc/stm32f0xx_hal_tim_ex.h,Drivers/STM32F0xx_HAL_Driver/Inc/stm32f0xx_hal_tim_ex.h,10151,26b61b357edfb63467fd6af7a91d0de4fc07d50adcc4e00e1d6177d3ef2630a4,26b61b357edfb63467fd6af7a91d0de4fc07d50adcc4e00e1d6177d3ef2630a4,utf-8 BOM/newlines normalized
main,Drivers/STM32F0xx_HAL_Driver/Inc/stm32f0xx_hal_uart.h,Drivers/STM32F0xx_HAL_Driver/Inc/stm32f0xx_hal_uart.h,82667,794d891aa4cf9b1743904ad2f1a129962f3a6faccb20d5879890a89b480be74a,794d891aa4cf9b1743904ad2f1a129962f3a6faccb20d5879890a89b480be74a,utf-8 BOM/newlines normalized
main,Drivers/STM32F0xx_HAL_Driver/Inc/stm32f0xx_hal_uart_ex.h,Drivers/STM32F0xx_HAL_Driver/Inc/stm32f0xx_hal_uart_ex.h,30466,be6ee1becaa418eb58d357c8021885df19865722c72bbabf0b44c800e6c2934a,be6ee1becaa418eb58d357c8021885df19865722c72bbabf0b44c800e6c2934a,utf-8 BOM/newlines normalized
main,Drivers/STM32F0xx_HAL_Driver/Inc/stm32f0xx_ll_adc.h,Drivers/STM32F0xx_HAL_Driver/Inc/stm32f0xx_ll_adc.h,180734,c1e849a895ad4e06742eb73b1c32e564881399508bc6d624a2c4aded007f0d6f,c1e849a895ad4e06742eb73b1c32e564881399508bc6d624a2c4aded007f0d6f,utf-8 BOM/newlines normalized
main,Drivers/STM32F0xx_HAL_Driver/Inc/stm32f0xx_ll_bus.h,Drivers/STM32F0xx_HAL_Driver/Inc/stm32f0xx_ll_bus.h,36431,e3e9c9a4f1089f3dc933187297c36ad23fe4943b035ffc94917d0c54b1379ba4,e3e9c9a4f1089f3dc933187297c36ad23fe4943b035ffc94917d0c54b1379ba4,utf-8 BOM/newlines normalized
main,Drivers/STM32F0xx_HAL_Driver/Inc/stm32f0xx_ll_cortex.h,Drivers/STM32F0xx_HAL_Driver/Inc/stm32f0xx_ll_cortex.h,9196,a704f2b1f39936dbb705c40e329107fcf612ecd0fcbed25bfeebbadba7c6a027,a704f2b1f39936dbb705c40e329107fcf612ecd0fcbed25bfeebbadba7c6a027,utf-8 BOM/newlines normalized
main,Drivers/STM32F0xx_HAL_Driver/Inc/stm32f0xx_ll_crs.h,Drivers/STM32F0xx_HAL_Driver/Inc/stm32f0xx_ll_crs.h,24104,0e4cead6a63d9b7dd9791eea1b9fc6cc49d9a561f69d40ca52d9f3fd91e34073,0e4cead6a63d9b7dd9791eea1b9fc6cc49d9a561f69d40ca52d9f3fd91e34073,utf-8 BOM/newlines normalized
main,Drivers/STM32F0xx_HAL_Driver/Inc/stm32f0xx_ll_dma.h,Drivers/STM32F0xx_HAL_Driver/Inc/stm32f0xx_ll_dma.h,90925,3f333021413746ac4b1243978d7c96e3d50291fc9c97de440293e511018dde7c,3f333021413746ac4b1243978d7c96e3d50291fc9c97de440293e511018dde7c,utf-8 BOM/newlines normalized
main,Drivers/STM32F0xx_HAL_Driver/Inc/stm32f0xx_ll_exti.h,Drivers/STM32F0xx_HAL_Driver/Inc/stm32f0xx_ll_exti.h,36167,3564164aca3102c8fd49020ac93cffd5358fd390b5f5ddb78622192f9e145d72,3564164aca3102c8fd49020ac93cffd5358fd390b5f5ddb78622192f9e145d72,utf-8 BOM/newlines normalized
main,Drivers/STM32F0xx_HAL_Driver/Inc/stm32f0xx_ll_gpio.h,Drivers/STM32F0xx_HAL_Driver/Inc/stm32f0xx_ll_gpio.h,35216,cf73dfcae00250a540be22d4c954ce728a477c2c6b3cef347ac7e724c101b429,cf73dfcae00250a540be22d4c954ce728a477c2c6b3cef347ac7e724c101b429,utf-8 BOM/newlines normalized
main,Drivers/STM32F0xx_HAL_Driver/Inc/stm32f0xx_ll_pwr.h,Drivers/STM32F0xx_HAL_Driver/Inc/stm32f0xx_ll_pwr.h,17505,82df9f38fde9cda27a57dbbf61d5ee82c5c9d83cb01cfad149636e3e9547fa4c,82df9f38fde9cda27a57dbbf61d5ee82c5c9d83cb01cfad149636e3e9547fa4c,utf-8 BOM/newlines normalized
main,Drivers/STM32F0xx_HAL_Driver/Inc/stm32f0xx_ll_rcc.h,Drivers/STM32F0xx_HAL_Driver/Inc/stm32f0xx_ll_rcc.h,77854,a9e44989596f30e24d7939ea670eb9158737664845d824128b6311a35c335007,a9e44989596f30e24d7939ea670eb9158737664845d824128b6311a35c335007,utf-8 BOM/newlines normalized
main,Drivers/STM32F0xx_HAL_Driver/Inc/stm32f0xx_ll_system.h,Drivers/STM32F0xx_HAL_Driver/Inc/stm32f0xx_ll_system.h,75575,b7253d6ac27af7ee42aad18e0bf6d4775cd8c7c351379648f7ab73bba8a82e57,b7253d6ac27af7ee42aad18e0bf6d4775cd8c7c351379648f7ab73bba8a82e57,utf-8 BOM/newlines normalized
main,Drivers/STM32F0xx_HAL_Driver/Inc/stm32f0xx_ll_tim.h,Drivers/STM32F0xx_HAL_Driver/Inc/stm32f0xx_ll_tim.h,170605,802642c6737161b3d85c4ef6cb8c5a87d6526ebbb2de1bf94a3ef4033d919ca7,802642c6737161b3d85c4ef6cb8c5a87d6526ebbb2de1bf94a3ef4033d919ca7,utf-8 BOM/newlines normalized
main,Drivers/STM32F0xx_HAL_Driver/Inc/stm32f0xx_ll_usart.h,Drivers/STM32F0xx_HAL_Driver/Inc/stm32f0xx_ll_usart.h,149571,c9f179059e5a6cfc01f8c7e7fd34344e7bcde4542f9e934d1367e88360187f31,c9f179059e5a6cfc01f8c7e7fd34344e7bcde4542f9e934d1367e88360187f31,utf-8 BOM/newlines normalized
main,Drivers/STM32F0xx_HAL_Driver/Inc/stm32f0xx_ll_utils.h,Drivers/STM32F0xx_HAL_Driver/Inc/stm32f0xx_ll_utils.h,8688,2e82b3778341a414dc75c7c6cdd944a906c4abdd9ac96b29163c5f1cbe0b2b94,2e82b3778341a414dc75c7c6cdd944a906c4abdd9ac96b29163c5f1cbe0b2b94,utf-8 BOM/newlines normalized
main,Drivers/STM32F0xx_HAL_Driver/Src/stm32f0xx_hal.c,Drivers/STM32F0xx_HAL_Driver/Src/stm32f0xx_hal.c,15360,79c8fc228207c4ae967cb5e3bed81fd36e6cacc6a2d9f59809c8f369e1bf979c,79c8fc228207c4ae967cb5e3bed81fd36e6cacc6a2d9f59809c8f369e1bf979c,utf-8 BOM/newlines normalized
main,Drivers/STM32F0xx_HAL_Driver/Src/stm32f0xx_hal_adc.c,Drivers/STM32F0xx_HAL_Driver/Src/stm32f0xx_hal_adc.c,94475,14e28654d0ce09d23e411e9ad1f7e43701095df5dd5771b561cbb862618e375b,14e28654d0ce09d23e411e9ad1f7e43701095df5dd5771b561cbb862618e375b,utf-8 BOM/newlines normalized
main,Drivers/STM32F0xx_HAL_Driver/Src/stm32f0xx_hal_adc_ex.c,Drivers/STM32F0xx_HAL_Driver/Src/stm32f0xx_hal_adc_ex.c,6387,6d7a4e63940bd47e24da89847a777ca570441188f974e70e021e64e3a9cba5af,6d7a4e63940bd47e24da89847a777ca570441188f974e70e021e64e3a9cba5af,utf-8 BOM/newlines normalized
main,Drivers/STM32F0xx_HAL_Driver/Src/stm32f0xx_hal_cortex.c,Drivers/STM32F0xx_HAL_Driver/Src/stm32f0xx_hal_cortex.c,11697,6ec6b338f389a593c316bb22a0110446f92cb063d56ab9c8f56fea4c2adca681,6ec6b338f389a593c316bb22a0110446f92cb063d56ab9c8f56fea4c2adca681,utf-8 BOM/newlines normalized
main,Drivers/STM32F0xx_HAL_Driver/Src/stm32f0xx_hal_dma.c,Drivers/STM32F0xx_HAL_Driver/Src/stm32f0xx_hal_dma.c,26648,cbe5a6ce8add054c1fe40f7492fd1f32c028f8ca2490c3798c5087295ecce4d9,cbe5a6ce8add054c1fe40f7492fd1f32c028f8ca2490c3798c5087295ecce4d9,utf-8 BOM/newlines normalized
main,Drivers/STM32F0xx_HAL_Driver/Src/stm32f0xx_hal_exti.c,Drivers/STM32F0xx_HAL_Driver/Src/stm32f0xx_hal_exti.c,14928,a15713e9f0371cbdde5cf4f3e283564307a4eacdb9674cf7f667357f5c5aac71,a15713e9f0371cbdde5cf4f3e283564307a4eacdb9674cf7f667357f5c5aac71,utf-8 BOM/newlines normalized
main,Drivers/STM32F0xx_HAL_Driver/Src/stm32f0xx_hal_flash.c,Drivers/STM32F0xx_HAL_Driver/Src/stm32f0xx_hal_flash.c,20591,298b60f12f91cbc43dbe16258cff53879b90faf5ef0e3897a5f3d1d187d575fe,298b60f12f91cbc43dbe16258cff53879b90faf5ef0e3897a5f3d1d187d575fe,utf-8 BOM/newlines normalized
main,Drivers/STM32F0xx_HAL_Driver/Src/stm32f0xx_hal_flash_ex.c,Drivers/STM32F0xx_HAL_Driver/Src/stm32f0xx_hal_flash_ex.c,31012,0b74fafa6fc9534c38ef65bcb62a7cf07b425a315bbff9f0aaea3bdfc66b55d8,0b74fafa6fc9534c38ef65bcb62a7cf07b425a315bbff9f0aaea3bdfc66b55d8,utf-8 BOM/newlines normalized
main,Drivers/STM32F0xx_HAL_Driver/Src/stm32f0xx_hal_gpio.c,Drivers/STM32F0xx_HAL_Driver/Src/stm32f0xx_hal_gpio.c,18831,2cd38c437a9a1d0c32fd65394bf49ebcc31a56de0c73d9e517539503068021f5,2cd38c437a9a1d0c32fd65394bf49ebcc31a56de0c73d9e517539503068021f5,utf-8 BOM/newlines normalized
main,Drivers/STM32F0xx_HAL_Driver/Src/stm32f0xx_hal_i2c.c,Drivers/STM32F0xx_HAL_Driver/Src/stm32f0xx_hal_i2c.c,244721,7b71d97c597e6cc482380f64fd1db96295c12428063d97f30ac830340ddaf326,7b71d97c597e6cc482380f64fd1db96295c12428063d97f30ac830340ddaf326,utf-8 BOM/newlines normalized
main,Drivers/STM32F0xx_HAL_Driver/Src/stm32f0xx_hal_i2c_ex.c,Drivers/STM32F0xx_HAL_Driver/Src/stm32f0xx_hal_i2c_ex.c,10908,163a2aef2446c901a75a4dcc772cf67a1bf187ea395834a68a5a97108c677adb,163a2aef2446c901a75a4dcc772cf67a1bf187ea395834a68a5a97108c677adb,utf-8 BOM/newlines normalized
main,Drivers/STM32F0xx_HAL_Driver/Src/stm32f0xx_hal_pwr.c,Drivers/STM32F0xx_HAL_Driver/Src/stm32f0xx_hal_pwr.c,16478,7e8e6ba7de3384a501b7b50f3ac7feb1b1b475849611c03e4bc8e78c8d21337d,7e8e6ba7de3384a501b7b50f3ac7feb1b1b475849611c03e4bc8e78c8d21337d,utf-8 BOM/newlines normalized
main,Drivers/STM32F0xx_HAL_Driver/Src/stm32f0xx_hal_pwr_ex.c,Drivers/STM32F0xx_HAL_Driver/Src/stm32f0xx_hal_pwr_ex.c,8348,d8f0df6ce780c413937a9949c850ddb88fde905725516546e062c2f2abbc63cf,d8f0df6ce780c413937a9949c850ddb88fde905725516546e062c2f2abbc63cf,utf-8 BOM/newlines normalized
main,Drivers/STM32F0xx_HAL_Driver/Src/stm32f0xx_hal_rcc.c,Drivers/STM32F0xx_HAL_Driver/Src/stm32f0xx_hal_rcc.c,49821,fe601fa20f95e48d4bb2a9dd7409ff4d0637e184d6b3c4be4207777b246b2856,fe601fa20f95e48d4bb2a9dd7409ff4d0637e184d6b3c4be4207777b246b2856,utf-8 BOM/newlines normalized
main,Drivers/STM32F0xx_HAL_Driver/Src/stm32f0xx_hal_rcc_ex.c,Drivers/STM32F0xx_HAL_Driver/Src/stm32f0xx_hal_rcc_ex.c,34931,128a32f4ee22c9741b76c25eaebca1269aab92669721e8ca0bac80643f1be0b5,128a32f4ee22c9741b76c25eaebca1269aab92669721e8ca0bac80643f1be0b5,utf-8 BOM/newlines normalized
main,Drivers/STM32F0xx_HAL_Driver/Src/stm32f0xx_hal_tim.c,Drivers/STM32F0xx_HAL_Driver/Src/stm32f0xx_hal_tim.c,244487,63c42e6957bc759da4bff4c375752c8f963132efc28b7889fada70cdf1d887f1,63c42e6957bc759da4bff4c375752c8f963132efc28b7889fada70cdf1d887f1,utf-8 BOM/newlines normalized
main,Drivers/STM32F0xx_HAL_Driver/Src/stm32f0xx_hal_tim_ex.c,Drivers/STM32F0xx_HAL_Driver/Src/stm32f0xx_hal_tim_ex.c,79487,0e43f2621c8b0583c14dd0d38865cd6b64e206b71f1cec62724894f19f6a1768,0e43f2621c8b0583c14dd0d38865cd6b64e206b71f1cec62724894f19f6a1768,utf-8 BOM/newlines normalized
main,Drivers/STM32F0xx_HAL_Driver/Src/stm32f0xx_hal_uart.c,Drivers/STM32F0xx_HAL_Driver/Src/stm32f0xx_hal_uart.c,142797,0724ea2e1d4e53da86562e0eb8be43c0cecdab369ce27ac312bb9b4d883545df,0724ea2e1d4e53da86562e0eb8be43c0cecdab369ce27ac312bb9b4d883545df,utf-8 BOM/newlines normalized
main,Drivers/STM32F0xx_HAL_Driver/Src/stm32f0xx_hal_uart_ex.c,Drivers/STM32F0xx_HAL_Driver/Src/stm32f0xx_hal_uart_ex.c,31796,6f70a7275719d4c745411e9c1531c32d6ee9a80e13c978e2bcbda8d39153d4c3,6f70a7275719d4c745411e9c1531c32d6ee9a80e13c978e2bcbda8d39153d4c3,utf-8 BOM/newlines normalized
main,MDK-ARM/startup_stm32f030x8.s,MDK-ARM/startup_stm32f030x8.s,9525,ced5779d000dc89b58cd8e05373f5b315aed1f3a2dd1a7450e1c81fa19231dd0,2b576bda300fb088c3855773b2421249029870451786dc0d99e0b9a6faae8e6e,utf-8 BOM/newlines normalized
main,MDK-ARM/tw66gw02.uvprojx,MDK-ARM/tw66gw02.uvprojx,45437,c1b313d01aa8da653aa3c116e5aab768a9da660a64dcb22f17edd41375f22222,c1b313d01aa8da653aa3c116e5aab768a9da660a64dcb22f17edd41375f22222,utf-8 BOM/newlines normalized
main,MDK-ARM/tw66gw02_app.sct,MDK-ARM/tw66gw02_app.sct,336,4572905ea080f928996a9bc0cd89a594c82f48edf0a9063771291b7e57a98706,4572905ea080f928996a9bc0cd89a594c82f48edf0a9063771291b7e57a98706,utf-8 BOM/newlines normalized
main,MDK-ARM/tw66gw02_direct.sct,MDK-ARM/tw66gw02_direct.sct,268,3dac24cd69ecdb1b533440d464189a34b7150f3cd89766cda02e794c13ee4e01,3dac24cd69ecdb1b533440d464189a34b7150f3cd89766cda02e794c13ee4e01,utf-8 BOM/newlines normalized
main,MDK-ARM/tw66gw02_factory.sct,MDK-ARM/tw66gw02_factory.sct,367,28642fb9822b6558a3f4ef7da85fed37adfffe3f96c1d0e624cc094ec2138cd4,28642fb9822b6558a3f4ef7da85fed37adfffe3f96c1d0e624cc094ec2138cd4,utf-8 BOM/newlines normalized
main,OS/TaskScheduler.c,OS/TaskScheduler.c,5467,b76d41c1074d5ddc4b86d9cbd7ff2fec14a24fa1743418b97a95896c9d356cea,b76d41c1074d5ddc4b86d9cbd7ff2fec14a24fa1743418b97a95896c9d356cea,raw bytes
main,OS/TaskScheduler.h,OS/TaskScheduler.h,919,9c297c2253e6b043935e02bf21d824d081b9db41e0c122232c41986ec62406e8,9c297c2253e6b043935e02bf21d824d081b9db41e0c122232c41986ec62406e8,raw bytes
main,PrepareFactoryBootImage.ps1,PrepareFactoryBootImage.ps1,703,e6bba671feca2344dbd3f4d561a7e70c578b00b7963760a70bc0c2fe5502a171,e6bba671feca2344dbd3f4d561a7e70c578b00b7963760a70bc0c2fe5502a171,utf-8 BOM/newlines normalized
main,ProgramBootloaderOnlyWithJLink.ps1,ProgramBootloaderOnlyWithJLink.ps1,2424,6971b3953d4a3b30028a7f0055fbfe251c7b055a36344384f0c8c26bdee4060b,6971b3953d4a3b30028a7f0055fbfe251c7b055a36344384f0c8c26bdee4060b,utf-8 BOM/newlines normalized
main,ProgramFactoryWithJLink.ps1,ProgramFactoryWithJLink.ps1,2531,ccbf2fef56fcc0f42980ca81d389a9021550c5526965975a817194807d2f7829,ccbf2fef56fcc0f42980ca81d389a9021550c5526965975a817194807d2f7829,utf-8 BOM/newlines normalized
main,ReadStartupStateWithJLink.ps1,ReadStartupStateWithJLink.ps1,1423,9b379cd8bd5eef8340c1b641887606f931128745fa432f8932eda0f113794043,9b379cd8bd5eef8340c1b641887606f931128745fa432f8932eda0f113794043,utf-8 BOM/newlines normalized
main,tests/test_ota_artifacts.py,tests/test_ota_artifacts.py,6633,b348e65dcc19d35141b27697d45cded75014fbb3e33b2e65ddeec78f5309af2b,b348e65dcc19d35141b27697d45cded75014fbb3e33b2e65ddeec78f5309af2b,utf-8 BOM/newlines normalized
main,tw66gw02.ioc,tw66gw02.ioc,8033,d368cbfcb7755b8f94444f4df1dac49c5fb4dc274726093afe32c58dfae1f28d,05ae1cf0cc24227187df25ef22dfcf6b4136705d66fc71d2f175731e76af53f7,utf-8 BOM/newlines normalized
snapshot-10,Bootloader/boot_main.c,10/tw66gw02/Bootloader/boot_main.c,11380,a9e114855a8fca13113f3b7d68252c33626c46bf627293b71a78b6805084c13d,a9e114855a8fca13113f3b7d68252c33626c46bf627293b71a78b6805084c13d,utf-8 BOM/newlines normalized
snapshot-10,Bootloader/bootloader.sct,10/tw66gw02/Bootloader/bootloader.sct,259,8d70f5f18a0d4bf89f5d0b368a3ac5f945b73c91978511a67b5139b6e1bfd464,8d70f5f18a0d4bf89f5d0b368a3ac5f945b73c91978511a67b5139b6e1bfd464,utf-8 BOM/newlines normalized
snapshot-10,Bootloader/build_bootloader.ps1,10/tw66gw02/Bootloader/build_bootloader.ps1,2152,76b5db28284eb61b7b58dab95da7ea468b5fccd051d7fd2f3f42235bc563460d,76b5db28284eb61b7b58dab95da7ea468b5fccd051d7fd2f3f42235bc563460d,utf-8 BOM/newlines normalized
snapshot-10,Bootloader/build_min_bootloader.ps1,10/tw66gw02/Bootloader/build_min_bootloader.ps1,2152,e381e8417a9b2663cfed0552dd0c992f633758b207fca5dafb73a89ada002867,e381e8417a9b2663cfed0552dd0c992f633758b207fca5dafb73a89ada002867,utf-8 BOM/newlines normalized
snapshot-10,Bootloader/min_boot_main.c,10/tw66gw02/Bootloader/min_boot_main.c,1830,c0b1db636b5838e27321b7d9a73807a2c5da35ebdf18e408601622245b95e214,c0b1db636b5838e27321b7d9a73807a2c5da35ebdf18e408601622245b95e214,utf-8 BOM/newlines normalized
snapshot-10,BSP/battery_level.c,10/tw66gw02/BSP/battery_level.c,6493,3a119978004d7d1e9bc8253493ff9f6be67044a6434e12889193ea4e301574fb,e983b98720507c5f65d4170b7a1a87e003dc7fc50716718cee1dba62d949d25e,utf-8 BOM/newlines normalized
snapshot-10,BSP/battery_level.h,10/tw66gw02/BSP/battery_level.h,1184,b0fe7f6466ccfcfdd043222cc979a34e2d988e4762476bcffa5310f34327337e,ce136753cd467a3a259965318bf92bbc327f4307695da11b88c675788bf33935,utf-8 BOM/newlines normalized
snapshot-10,BSP/bh66f5242.c,10/tw66gw02/BSP/bh66f5242.c,2017,c49c8c8420a7d54268a294fb74b6a3bd28c0ca671e7b264dbfb674ef9ffb6add,f052891a07b43ce86dae7100d80a7dbc07c275c04a9aa89c2a58bf8159c94be2,utf-8 BOM/newlines normalized
snapshot-10,BSP/bh66f5242.h,10/tw66gw02/BSP/bh66f5242.h,3461,338f96fc3aca20c9919e169c22856e0e16bf1bf6686c3f40e156d346b059b25c,1c89be0ad9436b48696661c432f0a84d670f0da50ec9c92347df5aed68a14f69,utf-8 BOM/newlines normalized
snapshot-10,BSP/buzz.c,10/tw66gw02/BSP/buzz.c,755,d4f658cb8fa348122e1fab443de517ad8c024de4a437008405fe303152759786,212c3df9a8149620b19454615bd777136f5372fd44624b159bdbfd163a2060c3,utf-8 BOM/newlines normalized
snapshot-10,BSP/buzz.h,10/tw66gw02/BSP/buzz.h,370,d6a06eefb3c8d251b1133e5566fbde0a2ba29bb5717e1d67e100e65d91f0662a,0a260bfdbf045a3e66878416ae00ad09bf154b906e4d2bfaa0a56c966b731cab,utf-8 BOM/newlines normalized
snapshot-10,BSP/C8721.c,10/tw66gw02/BSP/C8721.c,14184,b998065fb433a10b4b896b40d37afdbbae0c732a58a3497770e5595b53095863,d941c5b156ea29e7c2b0eb358b06c64a31c5ed55abb49e641ec50827e5f3cc06,utf-8 BOM/newlines normalized
snapshot-10,BSP/C8721.h,10/tw66gw02/BSP/C8721.h,9107,d57aa90e30e9071ea37c450008cb89dceccfe8121e5a2fd55151f005e5e544bf,0a8cf77ad855a8ce01ad2c6598862698bd2c85d23e93d3b31c8aeed35de1e24f,utf-8 BOM/newlines normalized
snapshot-10,BSP/config.h,10/tw66gw02/BSP/config.h,4997,1ac1f0a367a7d433c9cef567d3cc1e4a261842059020a80b21bae4cdd3cc4f76,1ac1f0a367a7d433c9cef567d3cc1e4a261842059020a80b21bae4cdd3cc4f76,utf-8 BOM/newlines normalized
snapshot-10,BSP/key.c,10/tw66gw02/BSP/key.c,7781,60176aa30184187f18d0418f1007a54e1849addd6c024a66b0bd60852f11909a,63564a59bb0568c22e1c7f2a23a55484f6c8dcde0a11a1a589355cb8547dd9d5,utf-8 BOM/newlines normalized
snapshot-10,BSP/key.h,10/tw66gw02/BSP/key.h,1161,4c52e123eb6fea0d9635fd338c1a66fc0fa52d4c3ab786ead92822d0a2f01edc,21d855c9cbc1de50210aa207773f14908b514f5373862ee2ca0ef60342f90043,utf-8 BOM/newlines normalized
snapshot-10,BSP/ota_layout.h,10/tw66gw02/BSP/ota_layout.h,2978,a18034ebfbe219c45718f32b42d889973e6c7d5dd4ef64f4257adcfe75cfc855,a18034ebfbe219c45718f32b42d889973e6c7d5dd4ef64f4257adcfe75cfc855,utf-8 BOM/newlines normalized
snapshot-10,BSP/screen_c8721.c,10/tw66gw02/BSP/screen_c8721.c,11935,6cdd1853846d18473871e4fe758c7bec47db06bce913b9ade2c4ba160bb7bd6e,5c514e758091271ce3959eae0c01c3dc318ccfad7d3b1bf9997a040dc147e412,utf-8 BOM/newlines normalized
snapshot-10,BSP/screen_c8721.h,10/tw66gw02/BSP/screen_c8721.h,4145,146a83ab868c7d505338e46546d6e472feaaae6a76f4acdd0c9ec2e2601e17eb,57a2b8df4257bb530078f31368c514c86f5154fabc7c2566a837154e72a156c0,utf-8 BOM/newlines normalized
snapshot-10,BSP/temp.c,10/tw66gw02/BSP/temp.c,27002,e16b89dd44fb07e9a6c9261a733718a3a005adb55afa8c506daeecaf9b2b6889,cc13d176dc4ee56e261e3fc89fb4e6bff928c8be50cbd8485b81521a22d3f722,utf-8 BOM/newlines normalized
snapshot-10,BSP/temp.h,10/tw66gw02/BSP/temp.h,1258,4c9153259ce7a5848afd8978fe058671c6964dc6d148b07e0539cf2d6dcddb39,67843a144505762227aefb3277b774f0a7a2977580897ba7f5c54616d8c874f3,utf-8 BOM/newlines normalized
snapshot-10,BSP/wireless.c,10/tw66gw02/BSP/wireless.c,13781,bda5913ca786880c4c643e4f9398fc629e0ded755fa165f0e3bdb6f2a58ed5a8,bda5913ca786880c4c643e4f9398fc629e0ded755fa165f0e3bdb6f2a58ed5a8,utf-8 BOM/newlines normalized
snapshot-10,BSP/wireless.h,10/tw66gw02/BSP/wireless.h,1918,e3ea69d7bd93e1bcdf1be27a5531bbe3284a5bed3815952e7b787c0948a024d7,e3ea69d7bd93e1bcdf1be27a5531bbe3284a5bed3815952e7b787c0948a024d7,utf-8 BOM/newlines normalized
snapshot-10,BuildKeilFactoryTarget.ps1,10/tw66gw02/BuildKeilFactoryTarget.ps1,2656,f98a0dbeec12d393c818c96783f6aad266c396b61c18ec3b054f8e22312d3bdf,f98a0dbeec12d393c818c96783f6aad266c396b61c18ec3b054f8e22312d3bdf,utf-8 BOM/newlines normalized
snapshot-10,BuildOtaArtifacts.ps1,10/tw66gw02/BuildOtaArtifacts.ps1,9218,89c1d391d7621e4328c521fd3e95ad9c322bdd28f1e3e36ceb2a713ee9261d28,89c1d391d7621e4328c521fd3e95ad9c322bdd28f1e3e36ceb2a713ee9261d28,utf-8 BOM/newlines normalized
snapshot-10,BuildStartupDiagnostic.ps1,10/tw66gw02/BuildStartupDiagnostic.ps1,4414,d34959753ed8bbe7ad110347269c057b74de2d46dd5ab70754f839a09ea57407,d34959753ed8bbe7ad110347269c057b74de2d46dd5ab70754f839a09ea57407,utf-8 BOM/newlines normalized
snapshot-10,COP/gagent_md5.c,10/tw66gw02/COP/gagent_md5.c,7411,7c7435c58508a6299040acb0de43aaef02c798973e1653a93b222dbfe0b28044,ed234d99364aa6e3135ad9447000855498d65da999ffcfb77405287d4fa105a0,utf-8 BOM/newlines normalized
snapshot-10,COP/gagent_md5.h,10/tw66gw02/COP/gagent_md5.h,1552,34f858b2b2f755822bc98fb0389f6f5225448987e033a9d0826f4a6ba655440a,cf5aa41999f60dfee750aaf2e88bb4db90872471ef505b52a55dad1c836ebb7f,utf-8 BOM/newlines normalized
snapshot-10,COP/idle.c,10/tw66gw02/COP/idle.c,695,1653bfc080f1c1638400c71d2f38038ce53a579e7c80a9318650395e058b73a5,6cf1cfed7cf27006d532fb9a4ebfbc64af64bf1b79f8bee704c12cc780bc52aa,utf-8 BOM/newlines normalized
snapshot-10,COP/idle.h,10/tw66gw02/COP/idle.h,401,a6cbdb71de115f0709a8f21967e33e6ba5a167b0ade7c5fc6a8f55b5894d6870,b14b5b2fb4b67f3ad1986ebebd5b1c19e57bef70712ffff1ae7c3a5b4d9820c3,utf-8 BOM/newlines normalized
snapshot-10,COP/main_control.c,10/tw66gw02/COP/main_control.c,31234,f122cea871413a937c84d8126fa627352c8098141cc8a7140331afcfc327a89d,f122cea871413a937c84d8126fa627352c8098141cc8a7140331afcfc327a89d,utf-8 BOM/newlines normalized
snapshot-10,COP/main_control.h,10/tw66gw02/COP/main_control.h,2128,dc7752e731cc0602547c63338571ff1db080445f32d1fa450240bfd31f2b01d9,a5915bb7e7e7d663a9224eb522fb2af3ede93e5109b1e2f3dacebb92b0504145,utf-8 BOM/newlines normalized
snapshot-10,COP/ota.c,10/tw66gw02/COP/ota.c,9857,e5a7e011b7ce278b6a1062ffebf0318c828b19f51f4b14a405e002776d453740,cec6884c0a29bfda166e13a591c0da7dda0744e0f45be0c31f4cd1cb40c17036,utf-8 BOM/newlines normalized
snapshot-10,COP/ota.h,10/tw66gw02/COP/ota.h,1552,a91dcf468bb37197fcbdf1b7f80bbff4941a97769c625455bd274d6fa1507d98,045d94ea29d8bcb1b69af43b6eefacad61c7a63dd83c692a22128e5ca31ff7b8,utf-8 BOM/newlines normalized
snapshot-10,COP/ota_boot.c,10/tw66gw02/COP/ota_boot.c,1905,4dd3678ceff56d6c1db45c8fa0cbafdc1720b5c4437fa944a4a74ff5e194a82d,4dd3678ceff56d6c1db45c8fa0cbafdc1720b5c4437fa944a4a74ff5e194a82d,utf-8 BOM/newlines normalized
snapshot-10,COP/ota_boot.h,10/tw66gw02/COP/ota_boot.h,191,19a6c7f2ccbf1d4c1ce9075b724d54645540fb94c2765118c0fb4623547bac30,19a6c7f2ccbf1d4c1ce9075b724d54645540fb94c2765118c0fb4623547bac30,utf-8 BOM/newlines normalized
snapshot-10,COP/ota_update.c,10/tw66gw02/COP/ota_update.c,11074,8fd276a2cb1c1ca211336c9a4cb3c1a7c06c9cb2c50a33e0d3961e727a2b9446,8fd276a2cb1c1ca211336c9a4cb3c1a7c06c9cb2c50a33e0d3961e727a2b9446,utf-8 BOM/newlines normalized
snapshot-10,COP/ota_update.h,10/tw66gw02/COP/ota_update.h,303,7dc0a910c841b2f3dd7894c4c701a02d1cd2d598500bcd5fabcdfee477c87b3e,7dc0a910c841b2f3dd7894c4c701a02d1cd2d598500bcd5fabcdfee477c87b3e,utf-8 BOM/newlines normalized
snapshot-10,COP/pid.c,10/tw66gw02/COP/pid.c,3340,2cd7d229d6234e952a7c0a99d2a2ca83084bf750cb8cddcab47ac0fabc1566f5,0519b524bc670c71041b9be00414b41b27a977f22ea8447db250d57c03d71b1c,utf-8 BOM/newlines normalized
snapshot-10,COP/pid.h,10/tw66gw02/COP/pid.h,935,0707bc51d0416321d93d3b78e1ee1feca7176b5ed1bddcb35576241e1ae164f1,d23fa6f0d8a207fd220934168bd46c94da3d2a8dcfbc6ccda675704ddf7530b2,utf-8 BOM/newlines normalized
snapshot-10,COP/run.c,10/tw66gw02/COP/run.c,1591,15ad04788f186e0d60faf5a6be70d2209067f033cf9ca30a0482be615bf79b1a,1212716cc3a01265760ff946a540fa0a5068126b8267e3d13c6424a6c489b4ba,utf-8 BOM/newlines normalized
snapshot-10,COP/run.h,10/tw66gw02/COP/run.h,397,ea440535e18edbd07c88b6bf689e32eb0be5dd997f29aa6dc68698a86db5713f,3a36a73e94b31f168dc86d99a61eaca594dda1b4c0c26464e06e456e3bb446a2,utf-8 BOM/newlines normalized
snapshot-10,COP/set.c,10/tw66gw02/COP/set.c,842,57cde9f0a5dbc1bad14e16bf2b615d8457b3ee428995e06e5f60093f1db1d41a,b515d438b4e823f0ebeffa59edf623d0659c2cf953d71535a10b397ff261e30b,utf-8 BOM/newlines normalized
snapshot-10,COP/set.h,10/tw66gw02/COP/set.h,414,1339a678a5a607baf0678eeab5f7c98ec136d99f27e4b119b3b4f252e655b348,9b53f84b02c227e690f7b1bbd2d7cd7426887f28fabe12a4f40c0f16e2f107ab,utf-8 BOM/newlines normalized
snapshot-10,COP/shutdown.c,10/tw66gw02/COP/shutdown.c,1267,e5165813723b5271871e38a1b25a30f2f6d5f33711c651a0b0240c957b80d072,e2dfca1cf6e8c7b57b6e5a7b3b2624766b7b788d22829b925bd1df7fa7427e9f,utf-8 BOM/newlines normalized
snapshot-10,COP/shutdown.h,10/tw66gw02/COP/shutdown.h,448,89a9f886d3843504796942195f858eeb3b241a7bca4f6ac4b98b0b90851d2cc1,34ab3b0a1a416c32849704c56494f346507d615b45145bd1d6c9aebb85fd91a2,utf-8 BOM/newlines normalized
snapshot-10,COP/start_up.c,10/tw66gw02/COP/start_up.c,1774,1780bca013991de3da40cfcd0bab052b2ce32091234965abfe42e9da72b68ab4,607b34916f09a1cb17d2188d5baaf2841cc63e385c27746cf6e5f72a45af1800,utf-8 BOM/newlines normalized
snapshot-10,COP/start_up.h,10/tw66gw02/COP/start_up.h,412,754f5a3386f1df67cf379e07b4b5330bcada879c345e71c0bac506d7f9b13706,ba77066eb56dac27107f399669bb699da63c8c72d17328fab60acbb5839c7386,utf-8 BOM/newlines normalized
snapshot-10,COP/test.c,10/tw66gw02/COP/test.c,687,2c2c9c6f7348a436fe1185026392011d26088abe935ecfe4da80c57234f31f47,a433119fd0b44631362cbb85ba67ea80be62f6f31097205407c9c50e47eb95f0,utf-8 BOM/newlines normalized
snapshot-10,COP/test.h,10/tw66gw02/COP/test.h,401,fb5533851667c6820aac85f93e32b25272af2cfc1308b1857b40200d382ac6fd,ea145b699f8aecdc8603a7f6721fd907529e940810a0a81be9910a191a2afa9a,utf-8 BOM/newlines normalized
snapshot-10,COP/warning.c,10/tw66gw02/COP/warning.c,6376,a73227f5ed7dc0dd3d22e06a2f48c18cd089943d0264cf88f9922a277fba147e,881c5789330dcb0108b0ffcd8d98fd8b0a68fce40a3e53d0b6a037f897e6e56c,utf-8 BOM/newlines normalized
snapshot-10,COP/warning.h,10/tw66gw02/COP/warning.h,731,0d224c347a6cf8083e199cab96c1bddddc7b9f1a664aca9f01f1a03e12b31f5d,4e55abafa3f4fcaa971ca63ccbc04349b8c23b32369c938b9bc0bb57994778d8,utf-8 BOM/newlines normalized
snapshot-10,Core/Inc/adc.h,10/tw66gw02/Core/Inc/adc.h,1372,4052f2e6bc5b3bcb85d083dc16c9dfc2d851564d319e918b6621ea01d4aea37b,da412e86da525a59df37d79a3f232096a71d035b7d5ba414bb97fd43e7988030,utf-8 BOM/newlines normalized
snapshot-10,Core/Inc/dma.h,10/tw66gw02/Core/Inc/dma.h,1393,7cf6f7450a29d26303cbba5a3ca8c6cb24a02635d6a5ba4d05141fdfc75c4c49,f3190614531c4bd5af6cfcee9cc29aea0321863613eba43266dadb615e6f1036,utf-8 BOM/newlines normalized
snapshot-10,Core/Inc/gpio.h,10/tw66gw02/Core/Inc/gpio.h,1313,e2d62f964a0b7f238384ed6a20a181d09df9647240a268dc547acf5b35099f74,cd5a5f75903537cba4460073b40e3b0d18d4af6dd7522c5a0756f0b9261e03af,utf-8 BOM/newlines normalized
snapshot-10,Core/Inc/main.h,10/tw66gw02/Core/Inc/main.h,2003,ef067e8a4e2e9040720af5e7cb8d1e3d9360d46a3debf11da9771bb0104293c8,2ce048de1cae9009b13f034822a6a9e45ff0aadb00605f1203c24d68ca2069a2,utf-8 BOM/newlines normalized
snapshot-10,Core/Inc/stm32f0xx_hal_conf.h,10/tw66gw02/Core/Inc/stm32f0xx_hal_conf.h,12370,b7548d75ac43ec9efefd83c00491df3450962801b384b33657e76d98b0a3548d,73f912abc5e66e64eaabf962856be222532d28109eaef075684149f52f4e0b76,utf-8 BOM/newlines normalized
snapshot-10,Core/Inc/stm32f0xx_it.h,10/tw66gw02/Core/Inc/stm32f0xx_it.h,2011,8803ae7942dd9046fc3f5556d67776fa879282014d6f4eb417dcd38610a19c28,a171dad582b92589d640e8b7979996d6c281a90d767511f338f3fdfa724249a3,utf-8 BOM/newlines normalized
snapshot-10,Core/Inc/tim.h,10/tw66gw02/Core/Inc/tim.h,1345,b060d62de6437c2e1be10eb11aa9c07afba7588e10491d67739df5bacda5d4bd,0fcf34a7240f07510e6a37667a8ef0fa38e4a416f824c03476924c38ccbe174f,utf-8 BOM/newlines normalized
snapshot-10,Core/Inc/usart.h,10/tw66gw02/Core/Inc/usart.h,3193,26b6598a423ae5c5767ea5798b83db8e192166bc34a60b3fb311a9bbb3070877,f6ee13764eb6fb6997440fcc33367cd75f9d7eabd4cb07de04387f49aff167e1,utf-8 BOM/newlines normalized
snapshot-10,Core/Src/adc.c,10/tw66gw02/Core/Src/adc.c,4720,8908b5138ca35ebe901a8381d9ec7a8d874e0bece07b2b86544025f09774aae5,a9075d1c2d655c280d363e0402e608361712e2850b402383f8e8c4d34c2a649f,utf-8 BOM/newlines normalized
snapshot-10,Core/Src/dma.c,10/tw66gw02/Core/Src/dma.c,1908,69c62ddd8ca5ca7f16d57cc767580c42229a650ad1a4f2f564b9ffa7452e96af,277cce436238a8d4494d917cfef452a895fbc4f4d319cd4eb1ad1928b40e9040,utf-8 BOM/newlines normalized
snapshot-10,Core/Src/gpio.c,10/tw66gw02/Core/Src/gpio.c,2989,39cdde8fa6e00c0aa8b41a114f806c0c20a340d336ac171757f7d8df04193c96,db8f0acf11aa079c2dfd329d04bf1fb106bc1a1380abc43b467c6e96f2917e5d,utf-8 BOM/newlines normalized
snapshot-10,Core/Src/main.c,10/tw66gw02/Core/Src/main.c,6801,e4f10f2049187a2ea79ba1eedc50550ced5bed4fbdaa91919c87988c8676bd40,e4f10f2049187a2ea79ba1eedc50550ced5bed4fbdaa91919c87988c8676bd40,utf-8 BOM/newlines normalized
snapshot-10,Core/Src/stm32f0xx_hal_msp.c,10/tw66gw02/Core/Src/stm32f0xx_hal_msp.c,2231,0d3c29e612ee305efeb5006b3b1335bd67fea4c6a4888b2fe6075cec5e5dda81,5711e4e1612d4a26067e34b856c6d421ecd981f59bc64e6518af30c7da7dc53a,utf-8 BOM/newlines normalized
snapshot-10,Core/Src/stm32f0xx_it.c,10/tw66gw02/Core/Src/stm32f0xx_it.c,6599,3c127187ea4f230c91ff2a77689d89a027de6c659e546d055e569c30fbbe8400,b92665bbdd79b4abd663e33c37ecaccdc9955610e98518025abeb349f9e39572,utf-8 BOM/newlines normalized
snapshot-10,Core/Src/system_stm32f0xx.c,10/tw66gw02/Core/Src/system_stm32f0xx.c,9262,a5257cd1f7c7f099a2acaafb669a5af2b22b96f5d34a06d33ba212e52a275ea9,a5257cd1f7c7f099a2acaafb669a5af2b22b96f5d34a06d33ba212e52a275ea9,utf-8 BOM/newlines normalized
snapshot-10,Core/Src/tim.c,10/tw66gw02/Core/Src/tim.c,2977,ef3d834916271c53858be3887ea3ad7932a8d1a8a59dff0f199f083ae9c96e49,5a3f20e5416a450c6b7301482d84c44f5f4ad1db9648467128002457f816c0bb,utf-8 BOM/newlines normalized
snapshot-10,Core/Src/usart.c,10/tw66gw02/Core/Src/usart.c,11881,a38e1cd2a7a7c7537d2e8bfa51f2753b498792d9666837e17888f3cd3d4f4088,04622ce654894b60734a6b5bcd3092c90fba2a151cce9837fe6612c608b46f5c,utf-8 BOM/newlines normalized
snapshot-10,Diagnostics/build_gpio_alive.ps1,10/tw66gw02/Diagnostics/build_gpio_alive.ps1,2166,98ea8729441becc27af0149e6adb815a81ffba3a590727dca30fd80d37abf2c0,98ea8729441becc27af0149e6adb815a81ffba3a590727dca30fd80d37abf2c0,utf-8 BOM/newlines normalized
snapshot-10,Diagnostics/gpio_alive.c,10/tw66gw02/Diagnostics/gpio_alive.c,1007,e6083f0e4d6dc2c0da599716bea241c5af67666c770ba527d4e3fea6091165fb,e6083f0e4d6dc2c0da599716bea241c5af67666c770ba527d4e3fea6091165fb,utf-8 BOM/newlines normalized
snapshot-10,Drivers/CMSIS/Device/ST/STM32F0xx/Include/stm32f030x8.h,10/tw66gw02/Drivers/CMSIS/Device/ST/STM32F0xx/Include/stm32f030x8.h,431448,cd18a6eca343810482d09b4ac32fda7ef0c56b05250a2e87402d3a1a2b4c35e8,cd18a6eca343810482d09b4ac32fda7ef0c56b05250a2e87402d3a1a2b4c35e8,utf-8 BOM/newlines normalized
snapshot-10,Drivers/CMSIS/Device/ST/STM32F0xx/Include/stm32f0xx.h,10/tw66gw02/Drivers/CMSIS/Device/ST/STM32F0xx/Include/stm32f0xx.h,10976,6014250efdc39dad8e7f2d74be95db323e4cccd21fcd862ebf5fdd363d6db634,6014250efdc39dad8e7f2d74be95db323e4cccd21fcd862ebf5fdd363d6db634,raw bytes
snapshot-10,Drivers/CMSIS/Device/ST/STM32F0xx/Include/system_stm32f0xx.h,10/tw66gw02/Drivers/CMSIS/Device/ST/STM32F0xx/Include/system_stm32f0xx.h,2201,d7773a877737eee25efd275f32046c67f473fd23f5278e53004490f48096dbfb,d7773a877737eee25efd275f32046c67f473fd23f5278e53004490f48096dbfb,utf-8 BOM/newlines normalized
snapshot-10,Drivers/CMSIS/Include/cmsis_armcc.h,10/tw66gw02/Drivers/CMSIS/Include/cmsis_armcc.h,27343,3371c679298b7db7caae23215ab8efdb95fe3b5c6c1a793f8004e5be16940149,3371c679298b7db7caae23215ab8efdb95fe3b5c6c1a793f8004e5be16940149,utf-8 BOM/newlines normalized
snapshot-10,Drivers/CMSIS/Include/cmsis_armclang.h,10/tw66gw02/Drivers/CMSIS/Include/cmsis_armclang.h,54628,3a33c83dd7533cd2827164b89e66dc7c0f8376ef4e2d255ec50c1a58b36f670b,3a33c83dd7533cd2827164b89e66dc7c0f8376ef4e2d255ec50c1a58b36f670b,utf-8 BOM/newlines normalized
snapshot-10,Drivers/CMSIS/Include/cmsis_compiler.h,10/tw66gw02/Drivers/CMSIS/Include/cmsis_compiler.h,8748,03ab80c426a8360eaaad833ac816462a9f38cb2e4dbdc490914880ad071181fe,03ab80c426a8360eaaad833ac816462a9f38cb2e4dbdc490914880ad071181fe,utf-8 BOM/newlines normalized
snapshot-10,Drivers/CMSIS/Include/cmsis_gcc.h,10/tw66gw02/Drivers/CMSIS/Include/cmsis_gcc.h,60259,341982e6d6c91119214c47d7a04b31f1f8ce0970c45e2c9fe0870c80d0876e28,341982e6d6c91119214c47d7a04b31f1f8ce0970c45e2c9fe0870c80d0876e28,utf-8 BOM/newlines normalized
snapshot-10,Drivers/CMSIS/Include/cmsis_iccarm.h,10/tw66gw02/Drivers/CMSIS/Include/cmsis_iccarm.h,27479,03e120db362480dc0c57b9eb2574972029321fb8d9e993e458dbff69e6f4f91e,03e120db362480dc0c57b9eb2574972029321fb8d9e993e458dbff69e6f4f91e,utf-8 BOM/newlines normalized
snapshot-10,Drivers/CMSIS/Include/cmsis_version.h,10/tw66gw02/Drivers/CMSIS/Include/cmsis_version.h,1677,c2570d56ee85d4f2ec0fb62f31d080d3cddf3a015500a4ed5a006a571637b43c,c2570d56ee85d4f2ec0fb62f31d080d3cddf3a015500a4ed5a006a571637b43c,utf-8 BOM/newlines normalized
snapshot-10,Drivers/CMSIS/Include/core_armv8mbl.h,10/tw66gw02/Drivers/CMSIS/Include/core_armv8mbl.h,96077,6b1a61685f498b80becd4df1219c50fd47f1e8ec23ee28184585b1025387764b,6b1a61685f498b80becd4df1219c50fd47f1e8ec23ee28184585b1025387764b,utf-8 BOM/newlines normalized
snapshot-10,Drivers/CMSIS/Include/core_armv8mml.h,10/tw66gw02/Drivers/CMSIS/Include/core_armv8mml.h,165987,2a9f702aebde491b5a7b96d539413b2ddef1ea6872b09f9397638389aea86d0c,2a9f702aebde491b5a7b96d539413b2ddef1ea6872b09f9397638389aea86d0c,utf-8 BOM/newlines normalized
snapshot-10,Drivers/CMSIS/Include/core_cm0.h,10/tw66gw02/Drivers/CMSIS/Include/core_cm0.h,41259,1fedf79e11c6c7f7c02fc2c6d93add0f86b62fadbcb913daece240d97a70720c,1fedf79e11c6c7f7c02fc2c6d93add0f86b62fadbcb913daece240d97a70720c,utf-8 BOM/newlines normalized
snapshot-10,Drivers/CMSIS/Include/core_cm0plus.h,10/tw66gw02/Drivers/CMSIS/Include/core_cm0plus.h,49381,9fd6ebad79f26eeb25f5cba28fd87bedc9e13213cd44269b049cf1f379d5ab36,9fd6ebad79f26eeb25f5cba28fd87bedc9e13213cd44269b049cf1f379d5ab36,utf-8 BOM/newlines normalized
snapshot-10,Drivers/CMSIS/Include/core_cm1.h,10/tw66gw02/Drivers/CMSIS/Include/core_cm1.h,42480,1ca25034076f4952af4d235f2c4302bdc81d123cf55bc329d2fa964d9bc0ece1,1ca25034076f4952af4d235f2c4302bdc81d123cf55bc329d2fa964d9bc0ece1,utf-8 BOM/newlines normalized
snapshot-10,Drivers/CMSIS/Include/core_cm23.h,10/tw66gw02/Drivers/CMSIS/Include/core_cm23.h,102635,492e9eebccc634173a92826966c40c98061878daae73c67597e370a8def685f5,492e9eebccc634173a92826966c40c98061878daae73c67597e370a8def685f5,utf-8 BOM/newlines normalized
snapshot-10,Drivers/CMSIS/Include/core_cm3.h,10/tw66gw02/Drivers/CMSIS/Include/core_cm3.h,109913,655bb08e9474438dec8b1874ea6c63749dc2787b85f06a0987c4870bcb580f21,655bb08e9474438dec8b1874ea6c63749dc2787b85f06a0987c4870bcb580f21,utf-8 BOM/newlines normalized
snapshot-10,Drivers/CMSIS/Include/core_cm33.h,10/tw66gw02/Drivers/CMSIS/Include/core_cm33.h,172598,f4b8df5e3327f38497b1893c4b6d75ef9758a5443423f19b45f1ffe1f51ecffe,f4b8df5e3327f38497b1893c4b6d75ef9758a5443423f19b45f1ffe1f51ecffe,utf-8 BOM/newlines normalized
snapshot-10,Drivers/CMSIS/Include/core_cm4.h,10/tw66gw02/Drivers/CMSIS/Include/core_cm4.h,121478,53712d8aefacaebf3faa2370be8c7c6065328a974242f9e315ffc86b3ee852c5,53712d8aefacaebf3faa2370be8c7c6065328a974242f9e315ffc86b3ee852c5,utf-8 BOM/newlines normalized
snapshot-10,Drivers/CMSIS/Include/core_cm7.h,10/tw66gw02/Drivers/CMSIS/Include/core_cm7.h,145917,4e67355b28417febaa955120abd51fcdcf4d581c5e1522ece1e673c38cd17728,4e67355b28417febaa955120abd51fcdcf4d581c5e1522ece1e673c38cd17728,utf-8 BOM/newlines normalized
snapshot-10,Drivers/CMSIS/Include/core_sc000.h,10/tw66gw02/Drivers/CMSIS/Include/core_sc000.h,46227,cb3a0b87bdbb70f552773bc442fdacb6c59b06233b5f0d6b2e0e8f56fd561396,cb3a0b87bdbb70f552773bc442fdacb6c59b06233b5f0d6b2e0e8f56fd561396,utf-8 BOM/newlines normalized
snapshot-10,Drivers/CMSIS/Include/core_sc300.h,10/tw66gw02/Drivers/CMSIS/Include/core_sc300.h,108608,2a3ec02d4b947d6eb09a7b9860a4fbe9b9f45ee1a911f1674a424fd6d3faa683,2a3ec02d4b947d6eb09a7b9860a4fbe9b9f45ee1a911f1674a424fd6d3faa683,utf-8 BOM/newlines normalized
snapshot-10,Drivers/CMSIS/Include/mpu_armv7.h,10/tw66gw02/Drivers/CMSIS/Include/mpu_armv7.h,11441,e4968e627df085e4ebf46be5140be657e035d978ae1938c1c2e3ee49fbde5030,e4968e627df085e4ebf46be5140be657e035d978ae1938c1c2e3ee49fbde5030,utf-8 BOM/newlines normalized
snapshot-10,Drivers/CMSIS/Include/mpu_armv8.h,10/tw66gw02/Drivers/CMSIS/Include/mpu_armv8.h,10625,8e5a84b186f303eb3f2ece0cd84f013ac31ed68bffde4feea502acd0b474c40f,8e5a84b186f303eb3f2ece0cd84f013ac31ed68bffde4feea502acd0b474c40f,utf-8 BOM/newlines normalized
snapshot-10,Drivers/CMSIS/Include/tz_context.h,10/tw66gw02/Drivers/CMSIS/Include/tz_context.h,2687,45565c8cb04c653aabaf3cceddfc848b6a0de28c20d4f7e3d475a992c7eee788,45565c8cb04c653aabaf3cceddfc848b6a0de28c20d4f7e3d475a992c7eee788,utf-8 BOM/newlines normalized
snapshot-10,Drivers/STM32F0xx_HAL_Driver/Inc/Legacy/stm32_hal_legacy.h,10/tw66gw02/Drivers/STM32F0xx_HAL_Driver/Inc/Legacy/stm32_hal_legacy.h,236949,3ac002c4df98f17ed8e6802508357643cf72540de7222f903f5bfdc402ab7b44,3ac002c4df98f17ed8e6802508357643cf72540de7222f903f5bfdc402ab7b44,utf-8 BOM/newlines normalized
snapshot-10,Drivers/STM32F0xx_HAL_Driver/Inc/stm32f0xx_hal.h,10/tw66gw02/Drivers/STM32F0xx_HAL_Driver/Inc/stm32f0xx_hal.h,32497,29e3c732a39e22b5fa3d7197e0d96b3a9cf32b205268c45a517511b9c9ab1292,29e3c732a39e22b5fa3d7197e0d96b3a9cf32b205268c45a517511b9c9ab1292,utf-8 BOM/newlines normalized
snapshot-10,Drivers/STM32F0xx_HAL_Driver/Inc/stm32f0xx_hal_adc.h,10/tw66gw02/Drivers/STM32F0xx_HAL_Driver/Inc/stm32f0xx_hal_adc.h,52001,874527f39efa00625ca966e51a26b46dcd4aa957a2d39f2afb900f8a484d881e,874527f39efa00625ca966e51a26b46dcd4aa957a2d39f2afb900f8a484d881e,utf-8 BOM/newlines normalized
snapshot-10,Drivers/STM32F0xx_HAL_Driver/Inc/stm32f0xx_hal_adc_ex.h,10/tw66gw02/Drivers/STM32F0xx_HAL_Driver/Inc/stm32f0xx_hal_adc_ex.h,13053,57e515316bf65b84a8635f15fb22850ae4ec0197ea9907a14902dbc780bca6b9,57e515316bf65b84a8635f15fb22850ae4ec0197ea9907a14902dbc780bca6b9,utf-8 BOM/newlines normalized
snapshot-10,Drivers/STM32F0xx_HAL_Driver/Inc/stm32f0xx_hal_cortex.h,10/tw66gw02/Drivers/STM32F0xx_HAL_Driver/Inc/stm32f0xx_hal_cortex.h,3669,6051101b3b55b460ef98bfc854c42ca4cc5b5bb6eba6dda2426c5fd3889b9bbb,6051101b3b55b460ef98bfc854c42ca4cc5b5bb6eba6dda2426c5fd3889b9bbb,utf-8 BOM/newlines normalized
snapshot-10,Drivers/STM32F0xx_HAL_Driver/Inc/stm32f0xx_hal_def.h,10/tw66gw02/Drivers/STM32F0xx_HAL_Driver/Inc/stm32f0xx_hal_def.h,6565,7c831c91bb3ed127dd52b842b919649129095c06eeeef185da6c15ccf9718bcf,7c831c91bb3ed127dd52b842b919649129095c06eeeef185da6c15ccf9718bcf,utf-8 BOM/newlines normalized
snapshot-10,Drivers/STM32F0xx_HAL_Driver/Inc/stm32f0xx_hal_dma.h,10/tw66gw02/Drivers/STM32F0xx_HAL_Driver/Inc/stm32f0xx_hal_dma.h,28317,404be6c6d36948b786025327cfffa42254e6ee48e7910db2fa665030a2a7e475,404be6c6d36948b786025327cfffa42254e6ee48e7910db2fa665030a2a7e475,utf-8 BOM/newlines normalized
snapshot-10,Drivers/STM32F0xx_HAL_Driver/Inc/stm32f0xx_hal_dma_ex.h,10/tw66gw02/Drivers/STM32F0xx_HAL_Driver/Inc/stm32f0xx_hal_dma_ex.h,58343,a7dcbd01b2ea86fdb23bd7e898d2c212a17722f19984e9cdf2f341f2f886ee3d,a7dcbd01b2ea86fdb23bd7e898d2c212a17722f19984e9cdf2f341f2f886ee3d,utf-8 BOM/newlines normalized
snapshot-10,Drivers/STM32F0xx_HAL_Driver/Inc/stm32f0xx_hal_exti.h,10/tw66gw02/Drivers/STM32F0xx_HAL_Driver/Inc/stm32f0xx_hal_exti.h,14274,e73dc38722d586062b7437067f9e6990f9952cbcb823696bbbf2d2e61a5b3878,e73dc38722d586062b7437067f9e6990f9952cbcb823696bbbf2d2e61a5b3878,utf-8 BOM/newlines normalized
snapshot-10,Drivers/STM32F0xx_HAL_Driver/Inc/stm32f0xx_hal_flash.h,10/tw66gw02/Drivers/STM32F0xx_HAL_Driver/Inc/stm32f0xx_hal_flash.h,10077,3bed899f71156113108277ca5282293d03664028bb7e50d4c302f955961d7500,3bed899f71156113108277ca5282293d03664028bb7e50d4c302f955961d7500,utf-8 BOM/newlines normalized
snapshot-10,Drivers/STM32F0xx_HAL_Driver/Inc/stm32f0xx_hal_flash_ex.h,10/tw66gw02/Drivers/STM32F0xx_HAL_Driver/Inc/stm32f0xx_hal_flash_ex.h,19175,1e94d0081874d25cd182957103e5e46dba211577e45aa9835020f0b56f248042,1e94d0081874d25cd182957103e5e46dba211577e45aa9835020f0b56f248042,utf-8 BOM/newlines normalized
snapshot-10,Drivers/STM32F0xx_HAL_Driver/Inc/stm32f0xx_hal_gpio.h,10/tw66gw02/Drivers/STM32F0xx_HAL_Driver/Inc/stm32f0xx_hal_gpio.h,13686,1211e581c187d6fdb37bf14753e10073c4c7118f9ffb140977c1f535c702ab73,1211e581c187d6fdb37bf14753e10073c4c7118f9ffb140977c1f535c702ab73,utf-8 BOM/newlines normalized
snapshot-10,Drivers/STM32F0xx_HAL_Driver/Inc/stm32f0xx_hal_gpio_ex.h,10/tw66gw02/Drivers/STM32F0xx_HAL_Driver/Inc/stm32f0xx_hal_gpio_ex.h,51121,2c219ba343b4d30fcc1c682805cd823c16c7076dc26253c2e4d135d752c06007,2c219ba343b4d30fcc1c682805cd823c16c7076dc26253c2e4d135d752c06007,utf-8 BOM/newlines normalized
snapshot-10,Drivers/STM32F0xx_HAL_Driver/Inc/stm32f0xx_hal_i2c.h,10/tw66gw02/Drivers/STM32F0xx_HAL_Driver/Inc/stm32f0xx_hal_i2c.h,38822,deecbe1b8386fee66a0a6cf262b87b269e3acba4796670cf156cf2bf12bc5964,deecbe1b8386fee66a0a6cf262b87b269e3acba4796670cf156cf2bf12bc5964,utf-8 BOM/newlines normalized
snapshot-10,Drivers/STM32F0xx_HAL_Driver/Inc/stm32f0xx_hal_i2c_ex.h,10/tw66gw02/Drivers/STM32F0xx_HAL_Driver/Inc/stm32f0xx_hal_i2c_ex.h,6863,f466424c93867d7b42a184a622de48eb47be2b50fb8766b36bf88eb3c5be1656,f466424c93867d7b42a184a622de48eb47be2b50fb8766b36bf88eb3c5be1656,utf-8 BOM/newlines normalized
snapshot-10,Drivers/STM32F0xx_HAL_Driver/Inc/stm32f0xx_hal_pwr.h,10/tw66gw02/Drivers/STM32F0xx_HAL_Driver/Inc/stm32f0xx_hal_pwr.h,5690,271e3b144808b0a93ff0113e5e1c3821efc622e00e7fcc33b8f24e744360c26f,271e3b144808b0a93ff0113e5e1c3821efc622e00e7fcc33b8f24e744360c26f,utf-8 BOM/newlines normalized
snapshot-10,Drivers/STM32F0xx_HAL_Driver/Inc/stm32f0xx_hal_pwr_ex.h,10/tw66gw02/Drivers/STM32F0xx_HAL_Driver/Inc/stm32f0xx_hal_pwr_ex.h,17330,49f0336c35719052670809bbad1487f73dbf0b26db63c0c9b6d44a6d8270a8c4,49f0336c35719052670809bbad1487f73dbf0b26db63c0c9b6d44a6d8270a8c4,utf-8 BOM/newlines normalized
snapshot-10,Drivers/STM32F0xx_HAL_Driver/Inc/stm32f0xx_hal_rcc.h,10/tw66gw02/Drivers/STM32F0xx_HAL_Driver/Inc/stm32f0xx_hal_rcc.h,82447,b91f3fcb137b91be8556cf26017ecc62b53771b3b9cb7fbd0a43e1e8fb5676bc,b91f3fcb137b91be8556cf26017ecc62b53771b3b9cb7fbd0a43e1e8fb5676bc,utf-8 BOM/newlines normalized
snapshot-10,Drivers/STM32F0xx_HAL_Driver/Inc/stm32f0xx_hal_rcc_ex.h,10/tw66gw02/Drivers/STM32F0xx_HAL_Driver/Inc/stm32f0xx_hal_rcc_ex.h,92125,52232e808e6028a811563ca44e25a9cb104838a946ce4f3121121d5d6ba8e0f1,52232e808e6028a811563ca44e25a9cb104838a946ce4f3121121d5d6ba8e0f1,utf-8 BOM/newlines normalized
snapshot-10,Drivers/STM32F0xx_HAL_Driver/Inc/stm32f0xx_hal_tim.h,10/tw66gw02/Drivers/STM32F0xx_HAL_Driver/Inc/stm32f0xx_hal_tim.h,123178,e2f34e5ddd2437830e355c6afcdb479134da4037702a9800c707fcabb62ae66d,e2f34e5ddd2437830e355c6afcdb479134da4037702a9800c707fcabb62ae66d,utf-8 BOM/newlines normalized
snapshot-10,Drivers/STM32F0xx_HAL_Driver/Inc/stm32f0xx_hal_tim_ex.h,10/tw66gw02/Drivers/STM32F0xx_HAL_Driver/Inc/stm32f0xx_hal_tim_ex.h,10151,26b61b357edfb63467fd6af7a91d0de4fc07d50adcc4e00e1d6177d3ef2630a4,26b61b357edfb63467fd6af7a91d0de4fc07d50adcc4e00e1d6177d3ef2630a4,utf-8 BOM/newlines normalized
snapshot-10,Drivers/STM32F0xx_HAL_Driver/Inc/stm32f0xx_hal_uart.h,10/tw66gw02/Drivers/STM32F0xx_HAL_Driver/Inc/stm32f0xx_hal_uart.h,82667,794d891aa4cf9b1743904ad2f1a129962f3a6faccb20d5879890a89b480be74a,794d891aa4cf9b1743904ad2f1a129962f3a6faccb20d5879890a89b480be74a,utf-8 BOM/newlines normalized
snapshot-10,Drivers/STM32F0xx_HAL_Driver/Inc/stm32f0xx_hal_uart_ex.h,10/tw66gw02/Drivers/STM32F0xx_HAL_Driver/Inc/stm32f0xx_hal_uart_ex.h,30466,be6ee1becaa418eb58d357c8021885df19865722c72bbabf0b44c800e6c2934a,be6ee1becaa418eb58d357c8021885df19865722c72bbabf0b44c800e6c2934a,utf-8 BOM/newlines normalized
snapshot-10,Drivers/STM32F0xx_HAL_Driver/Inc/stm32f0xx_ll_adc.h,10/tw66gw02/Drivers/STM32F0xx_HAL_Driver/Inc/stm32f0xx_ll_adc.h,180734,c1e849a895ad4e06742eb73b1c32e564881399508bc6d624a2c4aded007f0d6f,c1e849a895ad4e06742eb73b1c32e564881399508bc6d624a2c4aded007f0d6f,utf-8 BOM/newlines normalized
snapshot-10,Drivers/STM32F0xx_HAL_Driver/Inc/stm32f0xx_ll_bus.h,10/tw66gw02/Drivers/STM32F0xx_HAL_Driver/Inc/stm32f0xx_ll_bus.h,36431,e3e9c9a4f1089f3dc933187297c36ad23fe4943b035ffc94917d0c54b1379ba4,e3e9c9a4f1089f3dc933187297c36ad23fe4943b035ffc94917d0c54b1379ba4,utf-8 BOM/newlines normalized
snapshot-10,Drivers/STM32F0xx_HAL_Driver/Inc/stm32f0xx_ll_cortex.h,10/tw66gw02/Drivers/STM32F0xx_HAL_Driver/Inc/stm32f0xx_ll_cortex.h,9196,a704f2b1f39936dbb705c40e329107fcf612ecd0fcbed25bfeebbadba7c6a027,a704f2b1f39936dbb705c40e329107fcf612ecd0fcbed25bfeebbadba7c6a027,utf-8 BOM/newlines normalized
snapshot-10,Drivers/STM32F0xx_HAL_Driver/Inc/stm32f0xx_ll_crs.h,10/tw66gw02/Drivers/STM32F0xx_HAL_Driver/Inc/stm32f0xx_ll_crs.h,24104,0e4cead6a63d9b7dd9791eea1b9fc6cc49d9a561f69d40ca52d9f3fd91e34073,0e4cead6a63d9b7dd9791eea1b9fc6cc49d9a561f69d40ca52d9f3fd91e34073,utf-8 BOM/newlines normalized
snapshot-10,Drivers/STM32F0xx_HAL_Driver/Inc/stm32f0xx_ll_dma.h,10/tw66gw02/Drivers/STM32F0xx_HAL_Driver/Inc/stm32f0xx_ll_dma.h,90925,3f333021413746ac4b1243978d7c96e3d50291fc9c97de440293e511018dde7c,3f333021413746ac4b1243978d7c96e3d50291fc9c97de440293e511018dde7c,utf-8 BOM/newlines normalized
snapshot-10,Drivers/STM32F0xx_HAL_Driver/Inc/stm32f0xx_ll_exti.h,10/tw66gw02/Drivers/STM32F0xx_HAL_Driver/Inc/stm32f0xx_ll_exti.h,36167,3564164aca3102c8fd49020ac93cffd5358fd390b5f5ddb78622192f9e145d72,3564164aca3102c8fd49020ac93cffd5358fd390b5f5ddb78622192f9e145d72,utf-8 BOM/newlines normalized
snapshot-10,Drivers/STM32F0xx_HAL_Driver/Inc/stm32f0xx_ll_gpio.h,10/tw66gw02/Drivers/STM32F0xx_HAL_Driver/Inc/stm32f0xx_ll_gpio.h,35216,cf73dfcae00250a540be22d4c954ce728a477c2c6b3cef347ac7e724c101b429,cf73dfcae00250a540be22d4c954ce728a477c2c6b3cef347ac7e724c101b429,utf-8 BOM/newlines normalized
snapshot-10,Drivers/STM32F0xx_HAL_Driver/Inc/stm32f0xx_ll_pwr.h,10/tw66gw02/Drivers/STM32F0xx_HAL_Driver/Inc/stm32f0xx_ll_pwr.h,17505,82df9f38fde9cda27a57dbbf61d5ee82c5c9d83cb01cfad149636e3e9547fa4c,82df9f38fde9cda27a57dbbf61d5ee82c5c9d83cb01cfad149636e3e9547fa4c,utf-8 BOM/newlines normalized
snapshot-10,Drivers/STM32F0xx_HAL_Driver/Inc/stm32f0xx_ll_rcc.h,10/tw66gw02/Drivers/STM32F0xx_HAL_Driver/Inc/stm32f0xx_ll_rcc.h,77854,a9e44989596f30e24d7939ea670eb9158737664845d824128b6311a35c335007,a9e44989596f30e24d7939ea670eb9158737664845d824128b6311a35c335007,utf-8 BOM/newlines normalized
snapshot-10,Drivers/STM32F0xx_HAL_Driver/Inc/stm32f0xx_ll_system.h,10/tw66gw02/Drivers/STM32F0xx_HAL_Driver/Inc/stm32f0xx_ll_system.h,75575,b7253d6ac27af7ee42aad18e0bf6d4775cd8c7c351379648f7ab73bba8a82e57,b7253d6ac27af7ee42aad18e0bf6d4775cd8c7c351379648f7ab73bba8a82e57,utf-8 BOM/newlines normalized
snapshot-10,Drivers/STM32F0xx_HAL_Driver/Inc/stm32f0xx_ll_tim.h,10/tw66gw02/Drivers/STM32F0xx_HAL_Driver/Inc/stm32f0xx_ll_tim.h,170605,802642c6737161b3d85c4ef6cb8c5a87d6526ebbb2de1bf94a3ef4033d919ca7,802642c6737161b3d85c4ef6cb8c5a87d6526ebbb2de1bf94a3ef4033d919ca7,utf-8 BOM/newlines normalized
snapshot-10,Drivers/STM32F0xx_HAL_Driver/Inc/stm32f0xx_ll_usart.h,10/tw66gw02/Drivers/STM32F0xx_HAL_Driver/Inc/stm32f0xx_ll_usart.h,149571,c9f179059e5a6cfc01f8c7e7fd34344e7bcde4542f9e934d1367e88360187f31,c9f179059e5a6cfc01f8c7e7fd34344e7bcde4542f9e934d1367e88360187f31,utf-8 BOM/newlines normalized
snapshot-10,Drivers/STM32F0xx_HAL_Driver/Inc/stm32f0xx_ll_utils.h,10/tw66gw02/Drivers/STM32F0xx_HAL_Driver/Inc/stm32f0xx_ll_utils.h,8688,2e82b3778341a414dc75c7c6cdd944a906c4abdd9ac96b29163c5f1cbe0b2b94,2e82b3778341a414dc75c7c6cdd944a906c4abdd9ac96b29163c5f1cbe0b2b94,utf-8 BOM/newlines normalized
snapshot-10,Drivers/STM32F0xx_HAL_Driver/Src/stm32f0xx_hal.c,10/tw66gw02/Drivers/STM32F0xx_HAL_Driver/Src/stm32f0xx_hal.c,15360,79c8fc228207c4ae967cb5e3bed81fd36e6cacc6a2d9f59809c8f369e1bf979c,79c8fc228207c4ae967cb5e3bed81fd36e6cacc6a2d9f59809c8f369e1bf979c,utf-8 BOM/newlines normalized
snapshot-10,Drivers/STM32F0xx_HAL_Driver/Src/stm32f0xx_hal_adc.c,10/tw66gw02/Drivers/STM32F0xx_HAL_Driver/Src/stm32f0xx_hal_adc.c,94475,14e28654d0ce09d23e411e9ad1f7e43701095df5dd5771b561cbb862618e375b,14e28654d0ce09d23e411e9ad1f7e43701095df5dd5771b561cbb862618e375b,utf-8 BOM/newlines normalized
snapshot-10,Drivers/STM32F0xx_HAL_Driver/Src/stm32f0xx_hal_adc_ex.c,10/tw66gw02/Drivers/STM32F0xx_HAL_Driver/Src/stm32f0xx_hal_adc_ex.c,6387,6d7a4e63940bd47e24da89847a777ca570441188f974e70e021e64e3a9cba5af,6d7a4e63940bd47e24da89847a777ca570441188f974e70e021e64e3a9cba5af,utf-8 BOM/newlines normalized
snapshot-10,Drivers/STM32F0xx_HAL_Driver/Src/stm32f0xx_hal_cortex.c,10/tw66gw02/Drivers/STM32F0xx_HAL_Driver/Src/stm32f0xx_hal_cortex.c,11697,6ec6b338f389a593c316bb22a0110446f92cb063d56ab9c8f56fea4c2adca681,6ec6b338f389a593c316bb22a0110446f92cb063d56ab9c8f56fea4c2adca681,utf-8 BOM/newlines normalized
snapshot-10,Drivers/STM32F0xx_HAL_Driver/Src/stm32f0xx_hal_dma.c,10/tw66gw02/Drivers/STM32F0xx_HAL_Driver/Src/stm32f0xx_hal_dma.c,26648,cbe5a6ce8add054c1fe40f7492fd1f32c028f8ca2490c3798c5087295ecce4d9,cbe5a6ce8add054c1fe40f7492fd1f32c028f8ca2490c3798c5087295ecce4d9,utf-8 BOM/newlines normalized
snapshot-10,Drivers/STM32F0xx_HAL_Driver/Src/stm32f0xx_hal_exti.c,10/tw66gw02/Drivers/STM32F0xx_HAL_Driver/Src/stm32f0xx_hal_exti.c,14928,a15713e9f0371cbdde5cf4f3e283564307a4eacdb9674cf7f667357f5c5aac71,a15713e9f0371cbdde5cf4f3e283564307a4eacdb9674cf7f667357f5c5aac71,utf-8 BOM/newlines normalized
snapshot-10,Drivers/STM32F0xx_HAL_Driver/Src/stm32f0xx_hal_flash.c,10/tw66gw02/Drivers/STM32F0xx_HAL_Driver/Src/stm32f0xx_hal_flash.c,20591,298b60f12f91cbc43dbe16258cff53879b90faf5ef0e3897a5f3d1d187d575fe,298b60f12f91cbc43dbe16258cff53879b90faf5ef0e3897a5f3d1d187d575fe,utf-8 BOM/newlines normalized
snapshot-10,Drivers/STM32F0xx_HAL_Driver/Src/stm32f0xx_hal_flash_ex.c,10/tw66gw02/Drivers/STM32F0xx_HAL_Driver/Src/stm32f0xx_hal_flash_ex.c,31012,0b74fafa6fc9534c38ef65bcb62a7cf07b425a315bbff9f0aaea3bdfc66b55d8,0b74fafa6fc9534c38ef65bcb62a7cf07b425a315bbff9f0aaea3bdfc66b55d8,utf-8 BOM/newlines normalized
snapshot-10,Drivers/STM32F0xx_HAL_Driver/Src/stm32f0xx_hal_gpio.c,10/tw66gw02/Drivers/STM32F0xx_HAL_Driver/Src/stm32f0xx_hal_gpio.c,18831,2cd38c437a9a1d0c32fd65394bf49ebcc31a56de0c73d9e517539503068021f5,2cd38c437a9a1d0c32fd65394bf49ebcc31a56de0c73d9e517539503068021f5,utf-8 BOM/newlines normalized
snapshot-10,Drivers/STM32F0xx_HAL_Driver/Src/stm32f0xx_hal_i2c.c,10/tw66gw02/Drivers/STM32F0xx_HAL_Driver/Src/stm32f0xx_hal_i2c.c,244721,7b71d97c597e6cc482380f64fd1db96295c12428063d97f30ac830340ddaf326,7b71d97c597e6cc482380f64fd1db96295c12428063d97f30ac830340ddaf326,utf-8 BOM/newlines normalized
snapshot-10,Drivers/STM32F0xx_HAL_Driver/Src/stm32f0xx_hal_i2c_ex.c,10/tw66gw02/Drivers/STM32F0xx_HAL_Driver/Src/stm32f0xx_hal_i2c_ex.c,10908,163a2aef2446c901a75a4dcc772cf67a1bf187ea395834a68a5a97108c677adb,163a2aef2446c901a75a4dcc772cf67a1bf187ea395834a68a5a97108c677adb,utf-8 BOM/newlines normalized
snapshot-10,Drivers/STM32F0xx_HAL_Driver/Src/stm32f0xx_hal_pwr.c,10/tw66gw02/Drivers/STM32F0xx_HAL_Driver/Src/stm32f0xx_hal_pwr.c,16478,7e8e6ba7de3384a501b7b50f3ac7feb1b1b475849611c03e4bc8e78c8d21337d,7e8e6ba7de3384a501b7b50f3ac7feb1b1b475849611c03e4bc8e78c8d21337d,utf-8 BOM/newlines normalized
snapshot-10,Drivers/STM32F0xx_HAL_Driver/Src/stm32f0xx_hal_pwr_ex.c,10/tw66gw02/Drivers/STM32F0xx_HAL_Driver/Src/stm32f0xx_hal_pwr_ex.c,8348,d8f0df6ce780c413937a9949c850ddb88fde905725516546e062c2f2abbc63cf,d8f0df6ce780c413937a9949c850ddb88fde905725516546e062c2f2abbc63cf,utf-8 BOM/newlines normalized
snapshot-10,Drivers/STM32F0xx_HAL_Driver/Src/stm32f0xx_hal_rcc.c,10/tw66gw02/Drivers/STM32F0xx_HAL_Driver/Src/stm32f0xx_hal_rcc.c,49821,fe601fa20f95e48d4bb2a9dd7409ff4d0637e184d6b3c4be4207777b246b2856,fe601fa20f95e48d4bb2a9dd7409ff4d0637e184d6b3c4be4207777b246b2856,utf-8 BOM/newlines normalized
snapshot-10,Drivers/STM32F0xx_HAL_Driver/Src/stm32f0xx_hal_rcc_ex.c,10/tw66gw02/Drivers/STM32F0xx_HAL_Driver/Src/stm32f0xx_hal_rcc_ex.c,34931,128a32f4ee22c9741b76c25eaebca1269aab92669721e8ca0bac80643f1be0b5,128a32f4ee22c9741b76c25eaebca1269aab92669721e8ca0bac80643f1be0b5,utf-8 BOM/newlines normalized
snapshot-10,Drivers/STM32F0xx_HAL_Driver/Src/stm32f0xx_hal_tim.c,10/tw66gw02/Drivers/STM32F0xx_HAL_Driver/Src/stm32f0xx_hal_tim.c,244487,63c42e6957bc759da4bff4c375752c8f963132efc28b7889fada70cdf1d887f1,63c42e6957bc759da4bff4c375752c8f963132efc28b7889fada70cdf1d887f1,utf-8 BOM/newlines normalized
snapshot-10,Drivers/STM32F0xx_HAL_Driver/Src/stm32f0xx_hal_tim_ex.c,10/tw66gw02/Drivers/STM32F0xx_HAL_Driver/Src/stm32f0xx_hal_tim_ex.c,79487,0e43f2621c8b0583c14dd0d38865cd6b64e206b71f1cec62724894f19f6a1768,0e43f2621c8b0583c14dd0d38865cd6b64e206b71f1cec62724894f19f6a1768,utf-8 BOM/newlines normalized
snapshot-10,Drivers/STM32F0xx_HAL_Driver/Src/stm32f0xx_hal_uart.c,10/tw66gw02/Drivers/STM32F0xx_HAL_Driver/Src/stm32f0xx_hal_uart.c,142797,0724ea2e1d4e53da86562e0eb8be43c0cecdab369ce27ac312bb9b4d883545df,0724ea2e1d4e53da86562e0eb8be43c0cecdab369ce27ac312bb9b4d883545df,utf-8 BOM/newlines normalized
snapshot-10,Drivers/STM32F0xx_HAL_Driver/Src/stm32f0xx_hal_uart_ex.c,10/tw66gw02/Drivers/STM32F0xx_HAL_Driver/Src/stm32f0xx_hal_uart_ex.c,31796,6f70a7275719d4c745411e9c1531c32d6ee9a80e13c978e2bcbda8d39153d4c3,6f70a7275719d4c745411e9c1531c32d6ee9a80e13c978e2bcbda8d39153d4c3,utf-8 BOM/newlines normalized
snapshot-10,MDK-ARM/startup_stm32f030x8.s,10/tw66gw02/MDK-ARM/startup_stm32f030x8.s,9525,ced5779d000dc89b58cd8e05373f5b315aed1f3a2dd1a7450e1c81fa19231dd0,2b576bda300fb088c3855773b2421249029870451786dc0d99e0b9a6faae8e6e,utf-8 BOM/newlines normalized
snapshot-10,MDK-ARM/tw66gw02.uvprojx,10/tw66gw02/MDK-ARM/tw66gw02.uvprojx,45437,c1b313d01aa8da653aa3c116e5aab768a9da660a64dcb22f17edd41375f22222,c1b313d01aa8da653aa3c116e5aab768a9da660a64dcb22f17edd41375f22222,utf-8 BOM/newlines normalized
snapshot-10,MDK-ARM/tw66gw02_app.sct,10/tw66gw02/MDK-ARM/tw66gw02_app.sct,336,4572905ea080f928996a9bc0cd89a594c82f48edf0a9063771291b7e57a98706,4572905ea080f928996a9bc0cd89a594c82f48edf0a9063771291b7e57a98706,utf-8 BOM/newlines normalized
snapshot-10,MDK-ARM/tw66gw02_direct.sct,10/tw66gw02/MDK-ARM/tw66gw02_direct.sct,268,3dac24cd69ecdb1b533440d464189a34b7150f3cd89766cda02e794c13ee4e01,3dac24cd69ecdb1b533440d464189a34b7150f3cd89766cda02e794c13ee4e01,utf-8 BOM/newlines normalized
snapshot-10,MDK-ARM/tw66gw02_factory.sct,10/tw66gw02/MDK-ARM/tw66gw02_factory.sct,367,28642fb9822b6558a3f4ef7da85fed37adfffe3f96c1d0e624cc094ec2138cd4,28642fb9822b6558a3f4ef7da85fed37adfffe3f96c1d0e624cc094ec2138cd4,utf-8 BOM/newlines normalized
snapshot-10,OS/TaskScheduler.c,10/tw66gw02/OS/TaskScheduler.c,5467,b76d41c1074d5ddc4b86d9cbd7ff2fec14a24fa1743418b97a95896c9d356cea,b76d41c1074d5ddc4b86d9cbd7ff2fec14a24fa1743418b97a95896c9d356cea,raw bytes
snapshot-10,OS/TaskScheduler.h,10/tw66gw02/OS/TaskScheduler.h,919,9c297c2253e6b043935e02bf21d824d081b9db41e0c122232c41986ec62406e8,9c297c2253e6b043935e02bf21d824d081b9db41e0c122232c41986ec62406e8,raw bytes
snapshot-10,PrepareFactoryBootImage.ps1,10/tw66gw02/PrepareFactoryBootImage.ps1,703,e6bba671feca2344dbd3f4d561a7e70c578b00b7963760a70bc0c2fe5502a171,e6bba671feca2344dbd3f4d561a7e70c578b00b7963760a70bc0c2fe5502a171,utf-8 BOM/newlines normalized
snapshot-10,ProgramBootloaderOnlyWithJLink.ps1,10/tw66gw02/ProgramBootloaderOnlyWithJLink.ps1,2424,6971b3953d4a3b30028a7f0055fbfe251c7b055a36344384f0c8c26bdee4060b,6971b3953d4a3b30028a7f0055fbfe251c7b055a36344384f0c8c26bdee4060b,utf-8 BOM/newlines normalized
snapshot-10,ProgramFactoryWithJLink.ps1,10/tw66gw02/ProgramFactoryWithJLink.ps1,2531,ccbf2fef56fcc0f42980ca81d389a9021550c5526965975a817194807d2f7829,ccbf2fef56fcc0f42980ca81d389a9021550c5526965975a817194807d2f7829,utf-8 BOM/newlines normalized
snapshot-10,ReadStartupStateWithJLink.ps1,10/tw66gw02/ReadStartupStateWithJLink.ps1,1423,9b379cd8bd5eef8340c1b641887606f931128745fa432f8932eda0f113794043,9b379cd8bd5eef8340c1b641887606f931128745fa432f8932eda0f113794043,utf-8 BOM/newlines normalized
snapshot-10,tests/test_ota_artifacts.py,10/tw66gw02/tests/test_ota_artifacts.py,6633,b348e65dcc19d35141b27697d45cded75014fbb3e33b2e65ddeec78f5309af2b,b348e65dcc19d35141b27697d45cded75014fbb3e33b2e65ddeec78f5309af2b,utf-8 BOM/newlines normalized
snapshot-10,tw66gw02.ioc,10/tw66gw02/tw66gw02.ioc,8033,d368cbfcb7755b8f94444f4df1dac49c5fb4dc274726093afe32c58dfae1f28d,05ae1cf0cc24227187df25ef22dfcf6b4136705d66fc71d2f175731e76af53f7,utf-8 BOM/newlines normalized
snapshot-14,Bootloader/boot_main.c,14/tw66gw02/Bootloader/boot_main.c,11341,04adf711e8348c4dcf34a162964666d6550459c8b73a26953748870e2e60fce7,e0a6c54b306b47456de550d8984277aa745821d585b1b6271dc304f9b570e25b,utf-8 BOM/newlines normalized
snapshot-14,Bootloader/bootloader.sct,14/tw66gw02/Bootloader/bootloader.sct,259,8d70f5f18a0d4bf89f5d0b368a3ac5f945b73c91978511a67b5139b6e1bfd464,8d70f5f18a0d4bf89f5d0b368a3ac5f945b73c91978511a67b5139b6e1bfd464,utf-8 BOM/newlines normalized
snapshot-14,Bootloader/build_bootloader.ps1,14/tw66gw02/Bootloader/build_bootloader.ps1,510,7a10b0cb869febcb8f9b97c1cde1435fbda414d1fae30b628be16cc5f7721e8e,b2087331bd713625f5b18e7903b6ab3ab1a31f937b4917f0d1e8a13ae06006f6,utf-8 BOM/newlines normalized
snapshot-14,Bootloader/build_min_bootloader.ps1,14/tw66gw02/Bootloader/build_min_bootloader.ps1,508,54f0635bc67995832060456b5b3807ee12d2d5da995a1f2c49166608b00a0371,ce5ebf60286f5bcb55412f8604322ab91953d2da1b1f96df8ac65b938adb963d,utf-8 BOM/newlines normalized
snapshot-14,Bootloader/min_boot_main.c,14/tw66gw02/Bootloader/min_boot_main.c,1830,c0b1db636b5838e27321b7d9a73807a2c5da35ebdf18e408601622245b95e214,c0b1db636b5838e27321b7d9a73807a2c5da35ebdf18e408601622245b95e214,utf-8 BOM/newlines normalized
snapshot-14,BSP/battery_level.c,14/tw66gw02/BSP/battery_level.c,6521,e46a5e6a78ff6d2f5c4962829b13d296d5347cc09937bf54bbcd77eb331e1822,42f51e274911b84e63cef434eb2ee20b8d75eae931014888efea0fc057687ab2,utf-8 BOM/newlines normalized
snapshot-14,BSP/battery_level.h,14/tw66gw02/BSP/battery_level.h,1184,38b50065d71212335c748d30f3aa15c1f169f997fc2b87bce48e3d0762a95265,c5dfc221465e791bf8f978d8362c38b8b2c13e77bf4197148d0aa8afaf38abe2,utf-8 BOM/newlines normalized
snapshot-14,BSP/bh66f5242.c,14/tw66gw02/BSP/bh66f5242.c,2020,38b95ad6653c330e50a591d568765ca74c300939d4b18789eed796cfb87228d6,3765d3a14c29d6dbe67ade62bad4004afeb4c58b786c0276e4d1dd27069423de,utf-8 BOM/newlines normalized
snapshot-14,BSP/bh66f5242.h,14/tw66gw02/BSP/bh66f5242.h,424,e49a990bf4e98daed71199a21dfacbc6c80569cc19b661755f353494182e12fa,aa37faf0d45df0f9b7f5a35efd3dc423eac9bf7318d281c90b96e573735f8c2f,utf-8 BOM/newlines normalized
snapshot-14,BSP/buzz.c,14/tw66gw02/BSP/buzz.c,774,5ade413f076fedb56be14c5930ed20ac74d54550306044f842ab6c46e7cc122f,a49a00fe023e2db4898db7d972c86126f3f51bd3cc7852671456992fb0a3a04d,utf-8 BOM/newlines normalized
snapshot-14,BSP/buzz.h,14/tw66gw02/BSP/buzz.h,370,b300890d8197d1acbfc9ecda6613c077e011b21e206a454e499384d8ce3bb3f2,fdc1b4d9cc861f730d0b53f73228d984af97b5c4bb8eaeadbdb2ccae9c778ba9,utf-8 BOM/newlines normalized
snapshot-14,BSP/C8721.c,14/tw66gw02/BSP/C8721.c,13404,5b93f2a3177f146a691aaa5aebcce1a40659c6e4364ab0fd42992751651921a8,e7809fc565d41afbcf64e8f631c2730691b00f9438967d7c87f29da7ad21b8ea,utf-8 BOM/newlines normalized
snapshot-14,BSP/C8721.h,14/tw66gw02/BSP/C8721.h,9128,466ea445284d85b322d5596953b6f709098b03bc07f65a0e32a3dccdf1c10315,3508ea99ac81f8a39656e8ba79aa1acbd77e1c2c0cf37348ac704e19b1bb33e2,utf-8 BOM/newlines normalized
snapshot-14,BSP/config.h,14/tw66gw02/BSP/config.h,4363,520fc6cdb1180f26a7792f9272ed5606e0e1ffe83e0885048a009bd73bb7358e,35637b7437c5df1aba2e1aedc92d02d99e47648d2a9a8d0bbb9c0b225a4477ea,utf-8 BOM/newlines normalized
snapshot-14,BSP/key.c,14/tw66gw02/BSP/key.c,8021,e7c62f18097c1387164f00b0dae46af204221eda1424a7718bbbde01292204e8,573145e5aabcc28261a56032c574dc1fcf3fbd2dbd9536803ac9c7587985f531,utf-8 BOM/newlines normalized
snapshot-14,BSP/key.h,14/tw66gw02/BSP/key.h,1185,e3bb4c070f3f4c3ba863e7f05a67615fb6738178d7c7fa31f641264fb6adbc79,c5b66ac6c9436270c821f9a83be2fefda852efa23dff670ab8423c1ca9ea4c8c,utf-8 BOM/newlines normalized
snapshot-14,BSP/mathis_util.c,14/tw66gw02/BSP/mathis_util.c,2083,8bd0541839751c226d3a92d64c100c1389cd222d309af67a8371e91c78acdf1e,e34207b7a444dbd6c5ca91d9f132462ea716456250221e633352965c621cfc6f,utf-8 BOM/newlines normalized
snapshot-14,BSP/mathis_util.h,14/tw66gw02/BSP/mathis_util.h,667,3989fa511aab5a28bd0c33507df92a1b02b3dc31e0d3a7f1ed798a2bd3ed26fd,57343f3b3b2a37a4bba61cc681bf4b4ee7d23447fb4924ce61832605a06f8c2c,utf-8 BOM/newlines normalized
snapshot-14,BSP/ota_layout.h,14/tw66gw02/BSP/ota_layout.h,2978,a18034ebfbe219c45718f32b42d889973e6c7d5dd4ef64f4257adcfe75cfc855,a18034ebfbe219c45718f32b42d889973e6c7d5dd4ef64f4257adcfe75cfc855,utf-8 BOM/newlines normalized
snapshot-14,BSP/screen_c8721.c,14/tw66gw02/BSP/screen_c8721.c,11935,6cdd1853846d18473871e4fe758c7bec47db06bce913b9ade2c4ba160bb7bd6e,5c514e758091271ce3959eae0c01c3dc318ccfad7d3b1bf9997a040dc147e412,utf-8 BOM/newlines normalized
snapshot-14,BSP/screen_c8721.h,14/tw66gw02/BSP/screen_c8721.h,4145,146a83ab868c7d505338e46546d6e472feaaae6a76f4acdd0c9ec2e2601e17eb,57a2b8df4257bb530078f31368c514c86f5154fabc7c2566a837154e72a156c0,utf-8 BOM/newlines normalized
snapshot-14,BSP/system_types.h,14/tw66gw02/BSP/system_types.h,627,22c1a23ca6a3d65ebac8982e8a7567472b6cb044640bde63790d4551e3cf7ac1,454ec5a677843ce0e6eed9278b52f1ed0555a491c2723d4930ea7dd28c01e5b5,utf-8 BOM/newlines normalized
snapshot-14,BSP/temp.c,14/tw66gw02/BSP/temp.c,29700,5b77c5901c9e5e0a18d79f8c8909b4296f16d3ad657bc32b99c9ea43eb197501,72d8acd9c13881112031c5a76e6ac878e1efc17f709bdf6d287b3c1d1d29dc45,utf-8 BOM/newlines normalized
snapshot-14,BSP/temp.h,14/tw66gw02/BSP/temp.h,1792,89fa47efa8ce8a93ed97509674bdd86731de8a92879378bbf6bc2066ce4d6c51,77880d8477e638c89f056f938734df6a76510a47d7670b5f8e77a095a7950f75,utf-8 BOM/newlines normalized
snapshot-14,BSP/wireless.c,14/tw66gw02/BSP/wireless.c,13393,352385c32f312fff32c82d50bb7c1bd1ad013036a6085468f54cf870b7b0e19b,5de80d912956825b5e3f0b67ace3ff1f9f5b702f9939b0266dd34bb2477fc29c,utf-8 BOM/newlines normalized
snapshot-14,BSP/wireless.h,14/tw66gw02/BSP/wireless.h,1974,9e1d1825736ac851181f8e3181821dce26716efca74791a9fae828ac69c6a855,a165d890a2577c36a10d204c9a66fea09a5c5d785ae0948ae3e019a159ce75f5,utf-8 BOM/newlines normalized
snapshot-14,BuildKeilFactoryTarget.ps1,14/tw66gw02/BuildKeilFactoryTarget.ps1,735,5a3faf297a9a01fa68e213fb3dc23e5e21c53e979866ea880af0f240266ed46d,302913f50aa64c4c273418cce111c9ce9cc2a65f52857632cc7f7535ec9bc2bc,utf-8 BOM/newlines normalized
snapshot-14,BuildOtaArtifacts.ps1,14/tw66gw02/BuildOtaArtifacts.ps1,5846,968e9879ddca7f57a34829e9f2339d81011281c99885271d4e709ff2c7b60266,aabbaa9fc3cb6d237f0a93e90fc3038a3ab4c155f01e05a35a050af74f2b4723,utf-8 BOM/newlines normalized
snapshot-14,BuildStartupDiagnostic.ps1,14/tw66gw02/BuildStartupDiagnostic.ps1,1515,e5abd530a04c5a63c7c53d172d3e5318bc28d79b9e1223abbbd1fdf6f769b2f1,b31b5d3c76c235416542363ca312baced711d65880baf82550e9b81051aa28ed,utf-8 BOM/newlines normalized
snapshot-14,COP/gagent_md5.c,14/tw66gw02/COP/gagent_md5.c,7436,f17ae1b4fbe1c7dec27fe4fc42b953df95905f1eb57efdc123425028d72a0948,5b90dc45994baf6dd91c8f72d13ba81afad54372ab8ece02c68bd2a680e9ec99,utf-8 BOM/newlines normalized
snapshot-14,COP/gagent_md5.h,14/tw66gw02/COP/gagent_md5.h,1552,c465c71780272da6d2a20f8b309482f96b849572947300c32b6147bf65a01807,c7b3e4ef5317872fc8965ad74729a31ee23b73307d5d112351d8ae95884c33bd,utf-8 BOM/newlines normalized
snapshot-14,COP/idle.c,14/tw66gw02/COP/idle.c,714,4822ecd545c3d2dcb40a093ff59b18e5f09ff23baccc25556c3f16c09553e1ac,b7e3070a40b838d9519606766d7963c83a4e9bd74c4bf63dd765afdaadf71d0d,utf-8 BOM/newlines normalized
snapshot-14,COP/idle.h,14/tw66gw02/COP/idle.h,401,c54f153a25eb2cfd3a3f1ed72ed1c71a2c8bd2842335726d7fc4c9b9c6a622b8,b8140ee63bf88e418acb9868d624544ca35bf800330a092fd72f7efeb47ddbe7,utf-8 BOM/newlines normalized
snapshot-14,COP/main_control.c,14/tw66gw02/COP/main_control.c,24871,ec216ddfe1b2801303ff3c98e462848db28d5b8621afab75a326ad85fa82243e,57ce2b501be24576202d132353c90d50b6115bc80bae146a5052c9f94d5810f8,utf-8 BOM/newlines normalized
snapshot-14,COP/main_control.h,14/tw66gw02/COP/main_control.h,2350,895f09e61cb57103b78cceaee4e16bd4d1d91b34c0f1036f073ad90023ac3249,8c68be6d6b7e0f068fc1554fe413100e8bf87b08aac9160249aaaeb5cee63e95,utf-8 BOM/newlines normalized
snapshot-14,COP/ota.c,14/tw66gw02/COP/ota.c,9875,c6ec3de223039298137382ee3557a299f659a6c34761d0d49d96243214274853,aaf03d4cc94829c3f323e9f4c868353cbae9efef9104ea803556bf027cee9b15,utf-8 BOM/newlines normalized
snapshot-14,COP/ota.h,14/tw66gw02/COP/ota.h,1552,05390480a98b0bcd735216eeb72d1b3d68efe01709957c333e2b7d78fee792fb,1a40b0197a452b1571bdf7c633ad51f1c2d6df3a4c2c76a350b72cb09780b0da,utf-8 BOM/newlines normalized
snapshot-14,COP/ota_boot.c,14/tw66gw02/COP/ota_boot.c,1905,4dd3678ceff56d6c1db45c8fa0cbafdc1720b5c4437fa944a4a74ff5e194a82d,4dd3678ceff56d6c1db45c8fa0cbafdc1720b5c4437fa944a4a74ff5e194a82d,utf-8 BOM/newlines normalized
snapshot-14,COP/ota_boot.h,14/tw66gw02/COP/ota_boot.h,191,19a6c7f2ccbf1d4c1ce9075b724d54645540fb94c2765118c0fb4623547bac30,19a6c7f2ccbf1d4c1ce9075b724d54645540fb94c2765118c0fb4623547bac30,utf-8 BOM/newlines normalized
snapshot-14,COP/ota_update.c,14/tw66gw02/COP/ota_update.c,11616,aa1f790c989d87607e6c098f4330a7673b81582e62439449eb9135a1527bf958,4f400a63362ced52f5d42a41a4cb603b84cc0afc93ff52709440f8a7add46ede,utf-8 BOM/newlines normalized
snapshot-14,COP/ota_update.h,14/tw66gw02/COP/ota_update.h,303,7dc0a910c841b2f3dd7894c4c701a02d1cd2d598500bcd5fabcdfee477c87b3e,7dc0a910c841b2f3dd7894c4c701a02d1cd2d598500bcd5fabcdfee477c87b3e,utf-8 BOM/newlines normalized
snapshot-14,COP/pid.c,14/tw66gw02/COP/pid.c,3358,e01a11fba13833d34d60eb11c09135e88bac0c8d15b241a651c8e68e13b21ab1,f8ad096eddaa7a8fb6484093e782ab845f013657ac5adefb3f18c2bc34a8a694,utf-8 BOM/newlines normalized
snapshot-14,COP/pid.h,14/tw66gw02/COP/pid.h,935,77b3771fa47bbef344b2a3f27b1a4d0e63adc60938e62cdff0ea6d1f59d9ee47,21e952d5d2846a4f099cb0555fc73fddda0cd69fdf627cd6b96a9f1ce2b89db6,utf-8 BOM/newlines normalized
snapshot-14,COP/run.c,14/tw66gw02/COP/run.c,1609,0ca8294ae13d64d79c7a01f906a207c2be39ec32c110079bf788705395a55f24,72b0ecc2059c8777344f4fed343e039e99cdac1cdb4f4e04f75202fa06268327,utf-8 BOM/newlines normalized
snapshot-14,COP/run.h,14/tw66gw02/COP/run.h,397,7026182a34aaf3fc391fdd41eca083297e482bf98454a7a4c9911f876d7f6348,14ae10fc3d71c7a5300fc1fb40a162b5e04326fad0e1f95fd8c591e1b920766b,utf-8 BOM/newlines normalized
snapshot-14,COP/set.c,14/tw66gw02/COP/set.c,860,884d062ad98077846d2a662d5c440f2e0c5bb82cb828166242484d1aceba5e42,1ee69f6fdc814e94633dc668d4aae4e81d2cd8f0fe0c505e09240b028ec66c65,utf-8 BOM/newlines normalized
snapshot-14,COP/set.h,14/tw66gw02/COP/set.h,414,7f128224af8b659e122afce434a4a5553381c2369f070c5d8b3e4dd53cfe0b06,ce041f36463a9bbe5d776599250d7eec8cabde3b32be1b2e120250da1b978dc7,utf-8 BOM/newlines normalized
snapshot-14,COP/shutdown.c,14/tw66gw02/COP/shutdown.c,1290,71f31c0bc4c2b07dd9becbab86822554f8d66654168a162e71c1213e5c8fbe89,6b86e26099c02f7228994f4044b02449acc911667e0ce578ce201918d556ca66,utf-8 BOM/newlines normalized
snapshot-14,COP/shutdown.h,14/tw66gw02/COP/shutdown.h,448,55f5cf044e4b4a0c7f13aa8310ee41b69f99c4aa717523d5eb5113e1cc531a9d,89149b73775a69e98c4c7d02573c5768dff9c7825292b1fcca2aa38164e8a353,utf-8 BOM/newlines normalized
snapshot-14,COP/start_up.c,14/tw66gw02/COP/start_up.c,1797,c68bd06dd500eabea61dc798500395b0ebd9d5edfc4ddba9d4f5f7faa66b03f7,5de7bf50f34c7ae641bca3dd8c0fa312ccbe57f729cd160c86cd117e131a3968,utf-8 BOM/newlines normalized
snapshot-14,COP/start_up.h,14/tw66gw02/COP/start_up.h,477,344ea059919ebcce4535a5c5a34afad5f28aa9e0562ad48773368695e9f5d615,c138d5a4791513b592c7fdbb7910b1840f2ccf10b75c050113148af68650af8a,utf-8 BOM/newlines normalized
snapshot-14,COP/test.c,14/tw66gw02/COP/test.c,706,249d9478585d46f2a954ad722ec59835587ee0fce588c3815f7b70c3a33d15b5,3b5012803220f5a9367e3346b53809a20e9569f04496b6adae25f81d99e5289f,utf-8 BOM/newlines normalized
snapshot-14,COP/test.h,14/tw66gw02/COP/test.h,401,af2b9db6ab64f2a0a673660aaae0fb3fb4df39061859a224bf8588a583d6af05,e0023dad8606a020988e602b06b4ddc5bf6a0267614c6a754d5d6266ebce734d,utf-8 BOM/newlines normalized
snapshot-14,COP/warning.c,14/tw66gw02/COP/warning.c,6398,48d712c4a8755a78765343a11aa228009bff5df638c51871f48af18020be6ee2,a3aa8ad00797cf065f01103bfe7da366256584287b19e1ea7839ed48dd42300b,utf-8 BOM/newlines normalized
snapshot-14,COP/warning.h,14/tw66gw02/COP/warning.h,768,bba20d2b06cf1ede4d37cb72c0f5cc2974d8e372c97b57a138b39e447474a4df,85a2314b6e6ecc14596b02834c87426f8a40c9b9dcb50ca38328f373dc71ba03,utf-8 BOM/newlines normalized
snapshot-14,Core/Inc/adc.h,14/tw66gw02/Core/Inc/adc.h,1372,4052f2e6bc5b3bcb85d083dc16c9dfc2d851564d319e918b6621ea01d4aea37b,da412e86da525a59df37d79a3f232096a71d035b7d5ba414bb97fd43e7988030,utf-8 BOM/newlines normalized
snapshot-14,Core/Inc/dma.h,14/tw66gw02/Core/Inc/dma.h,1393,7cf6f7450a29d26303cbba5a3ca8c6cb24a02635d6a5ba4d05141fdfc75c4c49,f3190614531c4bd5af6cfcee9cc29aea0321863613eba43266dadb615e6f1036,utf-8 BOM/newlines normalized
snapshot-14,Core/Inc/gpio.h,14/tw66gw02/Core/Inc/gpio.h,1313,e2d62f964a0b7f238384ed6a20a181d09df9647240a268dc547acf5b35099f74,cd5a5f75903537cba4460073b40e3b0d18d4af6dd7522c5a0756f0b9261e03af,utf-8 BOM/newlines normalized
snapshot-14,Core/Inc/main.h,14/tw66gw02/Core/Inc/main.h,2003,ef067e8a4e2e9040720af5e7cb8d1e3d9360d46a3debf11da9771bb0104293c8,2ce048de1cae9009b13f034822a6a9e45ff0aadb00605f1203c24d68ca2069a2,utf-8 BOM/newlines normalized
snapshot-14,Core/Inc/stm32f0xx_hal_conf.h,14/tw66gw02/Core/Inc/stm32f0xx_hal_conf.h,12370,b7548d75ac43ec9efefd83c00491df3450962801b384b33657e76d98b0a3548d,73f912abc5e66e64eaabf962856be222532d28109eaef075684149f52f4e0b76,utf-8 BOM/newlines normalized
snapshot-14,Core/Inc/stm32f0xx_it.h,14/tw66gw02/Core/Inc/stm32f0xx_it.h,2011,8803ae7942dd9046fc3f5556d67776fa879282014d6f4eb417dcd38610a19c28,a171dad582b92589d640e8b7979996d6c281a90d767511f338f3fdfa724249a3,utf-8 BOM/newlines normalized
snapshot-14,Core/Inc/tim.h,14/tw66gw02/Core/Inc/tim.h,1345,b060d62de6437c2e1be10eb11aa9c07afba7588e10491d67739df5bacda5d4bd,0fcf34a7240f07510e6a37667a8ef0fa38e4a416f824c03476924c38ccbe174f,utf-8 BOM/newlines normalized
snapshot-14,Core/Inc/usart.h,14/tw66gw02/Core/Inc/usart.h,3204,9de50f62fa1d69ba4f625db56a72f484b0fa7c04f9156f7f2bc903b5041a9a8c,f1a5129fcc505f922442621f20bc9afc8d75a52dd9f088174af65071756d4a18,utf-8 BOM/newlines normalized
snapshot-14,Core/Src/adc.c,14/tw66gw02/Core/Src/adc.c,4720,8908b5138ca35ebe901a8381d9ec7a8d874e0bece07b2b86544025f09774aae5,a9075d1c2d655c280d363e0402e608361712e2850b402383f8e8c4d34c2a649f,utf-8 BOM/newlines normalized
snapshot-14,Core/Src/dma.c,14/tw66gw02/Core/Src/dma.c,1908,69c62ddd8ca5ca7f16d57cc767580c42229a650ad1a4f2f564b9ffa7452e96af,277cce436238a8d4494d917cfef452a895fbc4f4d319cd4eb1ad1928b40e9040,utf-8 BOM/newlines normalized
snapshot-14,Core/Src/gpio.c,14/tw66gw02/Core/Src/gpio.c,2989,39cdde8fa6e00c0aa8b41a114f806c0c20a340d336ac171757f7d8df04193c96,db8f0acf11aa079c2dfd329d04bf1fb106bc1a1380abc43b467c6e96f2917e5d,utf-8 BOM/newlines normalized
snapshot-14,Core/Src/main.c,14/tw66gw02/Core/Src/main.c,7297,5d4c0bb3870aee0472f4becf602bff6cade48785d37cad74a8d6e844df1cf6d9,5fe7b90c2fd07eb5e9e83f59373403d3f040841f94e5a82569ee73e3f107d258,utf-8 BOM/newlines normalized
snapshot-14,Core/Src/stm32f0xx_hal_msp.c,14/tw66gw02/Core/Src/stm32f0xx_hal_msp.c,2231,0d3c29e612ee305efeb5006b3b1335bd67fea4c6a4888b2fe6075cec5e5dda81,5711e4e1612d4a26067e34b856c6d421ecd981f59bc64e6518af30c7da7dc53a,utf-8 BOM/newlines normalized
snapshot-14,Core/Src/stm32f0xx_it.c,14/tw66gw02/Core/Src/stm32f0xx_it.c,6676,c0f9fca0b5dbffd14a9431471c53f655f3931f1215ab5cc2d12c94c9dda63d28,2d33e9377cd1c85b6e6bda111d5581f98cc59be05ee58a448fe2b5a33ef4c641,utf-8 BOM/newlines normalized
snapshot-14,Core/Src/system_stm32f0xx.c,14/tw66gw02/Core/Src/system_stm32f0xx.c,9262,a5257cd1f7c7f099a2acaafb669a5af2b22b96f5d34a06d33ba212e52a275ea9,a5257cd1f7c7f099a2acaafb669a5af2b22b96f5d34a06d33ba212e52a275ea9,utf-8 BOM/newlines normalized
snapshot-14,Core/Src/tim.c,14/tw66gw02/Core/Src/tim.c,2977,ef3d834916271c53858be3887ea3ad7932a8d1a8a59dff0f199f083ae9c96e49,5a3f20e5416a450c6b7301482d84c44f5f4ad1db9648467128002457f816c0bb,utf-8 BOM/newlines normalized
snapshot-14,Core/Src/usart.c,14/tw66gw02/Core/Src/usart.c,12969,2d6f44543b34e1d323ba8509052dcad43905bac8b8003c35ab430db6cef2fd64,dbaa7b472ad9504bff23324cffed12c09c513682945763bd70f69ee6f17dbdcd,utf-8 BOM/newlines normalized
snapshot-14,Diagnostics/build_gpio_alive.ps1,14/tw66gw02/Diagnostics/build_gpio_alive.ps1,820,db25a4087f4ce65a216db23354acc89a8d61ef31d4f85dbf48fbb152f49b5a2b,a1d87722464b5520d79b4bd708c0e0ae7bd96723a802651e70b91ef45a75b826,utf-8 BOM/newlines normalized
snapshot-14,Diagnostics/gpio_alive.c,14/tw66gw02/Diagnostics/gpio_alive.c,1007,e6083f0e4d6dc2c0da599716bea241c5af67666c770ba527d4e3fea6091165fb,e6083f0e4d6dc2c0da599716bea241c5af67666c770ba527d4e3fea6091165fb,utf-8 BOM/newlines normalized
snapshot-14,Drivers/CMSIS/Device/ST/STM32F0xx/Include/stm32f030x8.h,14/tw66gw02/Drivers/CMSIS/Device/ST/STM32F0xx/Include/stm32f030x8.h,431448,cd18a6eca343810482d09b4ac32fda7ef0c56b05250a2e87402d3a1a2b4c35e8,cd18a6eca343810482d09b4ac32fda7ef0c56b05250a2e87402d3a1a2b4c35e8,utf-8 BOM/newlines normalized
snapshot-14,Drivers/CMSIS/Device/ST/STM32F0xx/Include/stm32f0xx.h,14/tw66gw02/Drivers/CMSIS/Device/ST/STM32F0xx/Include/stm32f0xx.h,10976,6014250efdc39dad8e7f2d74be95db323e4cccd21fcd862ebf5fdd363d6db634,6014250efdc39dad8e7f2d74be95db323e4cccd21fcd862ebf5fdd363d6db634,raw bytes
snapshot-14,Drivers/CMSIS/Device/ST/STM32F0xx/Include/system_stm32f0xx.h,14/tw66gw02/Drivers/CMSIS/Device/ST/STM32F0xx/Include/system_stm32f0xx.h,2201,d7773a877737eee25efd275f32046c67f473fd23f5278e53004490f48096dbfb,d7773a877737eee25efd275f32046c67f473fd23f5278e53004490f48096dbfb,utf-8 BOM/newlines normalized
snapshot-14,Drivers/CMSIS/Include/cmsis_armcc.h,14/tw66gw02/Drivers/CMSIS/Include/cmsis_armcc.h,27343,3371c679298b7db7caae23215ab8efdb95fe3b5c6c1a793f8004e5be16940149,3371c679298b7db7caae23215ab8efdb95fe3b5c6c1a793f8004e5be16940149,utf-8 BOM/newlines normalized
snapshot-14,Drivers/CMSIS/Include/cmsis_armclang.h,14/tw66gw02/Drivers/CMSIS/Include/cmsis_armclang.h,54628,3a33c83dd7533cd2827164b89e66dc7c0f8376ef4e2d255ec50c1a58b36f670b,3a33c83dd7533cd2827164b89e66dc7c0f8376ef4e2d255ec50c1a58b36f670b,utf-8 BOM/newlines normalized
snapshot-14,Drivers/CMSIS/Include/cmsis_compiler.h,14/tw66gw02/Drivers/CMSIS/Include/cmsis_compiler.h,8748,03ab80c426a8360eaaad833ac816462a9f38cb2e4dbdc490914880ad071181fe,03ab80c426a8360eaaad833ac816462a9f38cb2e4dbdc490914880ad071181fe,utf-8 BOM/newlines normalized
snapshot-14,Drivers/CMSIS/Include/cmsis_gcc.h,14/tw66gw02/Drivers/CMSIS/Include/cmsis_gcc.h,60259,341982e6d6c91119214c47d7a04b31f1f8ce0970c45e2c9fe0870c80d0876e28,341982e6d6c91119214c47d7a04b31f1f8ce0970c45e2c9fe0870c80d0876e28,utf-8 BOM/newlines normalized
snapshot-14,Drivers/CMSIS/Include/cmsis_iccarm.h,14/tw66gw02/Drivers/CMSIS/Include/cmsis_iccarm.h,27479,03e120db362480dc0c57b9eb2574972029321fb8d9e993e458dbff69e6f4f91e,03e120db362480dc0c57b9eb2574972029321fb8d9e993e458dbff69e6f4f91e,utf-8 BOM/newlines normalized
snapshot-14,Drivers/CMSIS/Include/cmsis_version.h,14/tw66gw02/Drivers/CMSIS/Include/cmsis_version.h,1677,c2570d56ee85d4f2ec0fb62f31d080d3cddf3a015500a4ed5a006a571637b43c,c2570d56ee85d4f2ec0fb62f31d080d3cddf3a015500a4ed5a006a571637b43c,utf-8 BOM/newlines normalized
snapshot-14,Drivers/CMSIS/Include/core_armv8mbl.h,14/tw66gw02/Drivers/CMSIS/Include/core_armv8mbl.h,96077,6b1a61685f498b80becd4df1219c50fd47f1e8ec23ee28184585b1025387764b,6b1a61685f498b80becd4df1219c50fd47f1e8ec23ee28184585b1025387764b,utf-8 BOM/newlines normalized
snapshot-14,Drivers/CMSIS/Include/core_armv8mml.h,14/tw66gw02/Drivers/CMSIS/Include/core_armv8mml.h,165987,2a9f702aebde491b5a7b96d539413b2ddef1ea6872b09f9397638389aea86d0c,2a9f702aebde491b5a7b96d539413b2ddef1ea6872b09f9397638389aea86d0c,utf-8 BOM/newlines normalized
snapshot-14,Drivers/CMSIS/Include/core_cm0.h,14/tw66gw02/Drivers/CMSIS/Include/core_cm0.h,41259,1fedf79e11c6c7f7c02fc2c6d93add0f86b62fadbcb913daece240d97a70720c,1fedf79e11c6c7f7c02fc2c6d93add0f86b62fadbcb913daece240d97a70720c,utf-8 BOM/newlines normalized
snapshot-14,Drivers/CMSIS/Include/core_cm0plus.h,14/tw66gw02/Drivers/CMSIS/Include/core_cm0plus.h,49381,9fd6ebad79f26eeb25f5cba28fd87bedc9e13213cd44269b049cf1f379d5ab36,9fd6ebad79f26eeb25f5cba28fd87bedc9e13213cd44269b049cf1f379d5ab36,utf-8 BOM/newlines normalized
snapshot-14,Drivers/CMSIS/Include/core_cm1.h,14/tw66gw02/Drivers/CMSIS/Include/core_cm1.h,42480,1ca25034076f4952af4d235f2c4302bdc81d123cf55bc329d2fa964d9bc0ece1,1ca25034076f4952af4d235f2c4302bdc81d123cf55bc329d2fa964d9bc0ece1,utf-8 BOM/newlines normalized
snapshot-14,Drivers/CMSIS/Include/core_cm23.h,14/tw66gw02/Drivers/CMSIS/Include/core_cm23.h,102635,492e9eebccc634173a92826966c40c98061878daae73c67597e370a8def685f5,492e9eebccc634173a92826966c40c98061878daae73c67597e370a8def685f5,utf-8 BOM/newlines normalized
snapshot-14,Drivers/CMSIS/Include/core_cm3.h,14/tw66gw02/Drivers/CMSIS/Include/core_cm3.h,109913,655bb08e9474438dec8b1874ea6c63749dc2787b85f06a0987c4870bcb580f21,655bb08e9474438dec8b1874ea6c63749dc2787b85f06a0987c4870bcb580f21,utf-8 BOM/newlines normalized
snapshot-14,Drivers/CMSIS/Include/core_cm33.h,14/tw66gw02/Drivers/CMSIS/Include/core_cm33.h,172598,f4b8df5e3327f38497b1893c4b6d75ef9758a5443423f19b45f1ffe1f51ecffe,f4b8df5e3327f38497b1893c4b6d75ef9758a5443423f19b45f1ffe1f51ecffe,utf-8 BOM/newlines normalized
snapshot-14,Drivers/CMSIS/Include/core_cm4.h,14/tw66gw02/Drivers/CMSIS/Include/core_cm4.h,121478,53712d8aefacaebf3faa2370be8c7c6065328a974242f9e315ffc86b3ee852c5,53712d8aefacaebf3faa2370be8c7c6065328a974242f9e315ffc86b3ee852c5,utf-8 BOM/newlines normalized
snapshot-14,Drivers/CMSIS/Include/core_cm7.h,14/tw66gw02/Drivers/CMSIS/Include/core_cm7.h,145917,4e67355b28417febaa955120abd51fcdcf4d581c5e1522ece1e673c38cd17728,4e67355b28417febaa955120abd51fcdcf4d581c5e1522ece1e673c38cd17728,utf-8 BOM/newlines normalized
snapshot-14,Drivers/CMSIS/Include/core_sc000.h,14/tw66gw02/Drivers/CMSIS/Include/core_sc000.h,46227,cb3a0b87bdbb70f552773bc442fdacb6c59b06233b5f0d6b2e0e8f56fd561396,cb3a0b87bdbb70f552773bc442fdacb6c59b06233b5f0d6b2e0e8f56fd561396,utf-8 BOM/newlines normalized
snapshot-14,Drivers/CMSIS/Include/core_sc300.h,14/tw66gw02/Drivers/CMSIS/Include/core_sc300.h,108608,2a3ec02d4b947d6eb09a7b9860a4fbe9b9f45ee1a911f1674a424fd6d3faa683,2a3ec02d4b947d6eb09a7b9860a4fbe9b9f45ee1a911f1674a424fd6d3faa683,utf-8 BOM/newlines normalized
snapshot-14,Drivers/CMSIS/Include/mpu_armv7.h,14/tw66gw02/Drivers/CMSIS/Include/mpu_armv7.h,11441,e4968e627df085e4ebf46be5140be657e035d978ae1938c1c2e3ee49fbde5030,e4968e627df085e4ebf46be5140be657e035d978ae1938c1c2e3ee49fbde5030,utf-8 BOM/newlines normalized
snapshot-14,Drivers/CMSIS/Include/mpu_armv8.h,14/tw66gw02/Drivers/CMSIS/Include/mpu_armv8.h,10625,8e5a84b186f303eb3f2ece0cd84f013ac31ed68bffde4feea502acd0b474c40f,8e5a84b186f303eb3f2ece0cd84f013ac31ed68bffde4feea502acd0b474c40f,utf-8 BOM/newlines normalized
snapshot-14,Drivers/CMSIS/Include/tz_context.h,14/tw66gw02/Drivers/CMSIS/Include/tz_context.h,2687,45565c8cb04c653aabaf3cceddfc848b6a0de28c20d4f7e3d475a992c7eee788,45565c8cb04c653aabaf3cceddfc848b6a0de28c20d4f7e3d475a992c7eee788,utf-8 BOM/newlines normalized
snapshot-14,Drivers/STM32F0xx_HAL_Driver/Inc/Legacy/stm32_hal_legacy.h,14/tw66gw02/Drivers/STM32F0xx_HAL_Driver/Inc/Legacy/stm32_hal_legacy.h,236949,3ac002c4df98f17ed8e6802508357643cf72540de7222f903f5bfdc402ab7b44,3ac002c4df98f17ed8e6802508357643cf72540de7222f903f5bfdc402ab7b44,utf-8 BOM/newlines normalized
snapshot-14,Drivers/STM32F0xx_HAL_Driver/Inc/stm32f0xx_hal.h,14/tw66gw02/Drivers/STM32F0xx_HAL_Driver/Inc/stm32f0xx_hal.h,32497,29e3c732a39e22b5fa3d7197e0d96b3a9cf32b205268c45a517511b9c9ab1292,29e3c732a39e22b5fa3d7197e0d96b3a9cf32b205268c45a517511b9c9ab1292,utf-8 BOM/newlines normalized
snapshot-14,Drivers/STM32F0xx_HAL_Driver/Inc/stm32f0xx_hal_adc.h,14/tw66gw02/Drivers/STM32F0xx_HAL_Driver/Inc/stm32f0xx_hal_adc.h,52001,874527f39efa00625ca966e51a26b46dcd4aa957a2d39f2afb900f8a484d881e,874527f39efa00625ca966e51a26b46dcd4aa957a2d39f2afb900f8a484d881e,utf-8 BOM/newlines normalized
snapshot-14,Drivers/STM32F0xx_HAL_Driver/Inc/stm32f0xx_hal_adc_ex.h,14/tw66gw02/Drivers/STM32F0xx_HAL_Driver/Inc/stm32f0xx_hal_adc_ex.h,13053,57e515316bf65b84a8635f15fb22850ae4ec0197ea9907a14902dbc780bca6b9,57e515316bf65b84a8635f15fb22850ae4ec0197ea9907a14902dbc780bca6b9,utf-8 BOM/newlines normalized
snapshot-14,Drivers/STM32F0xx_HAL_Driver/Inc/stm32f0xx_hal_cortex.h,14/tw66gw02/Drivers/STM32F0xx_HAL_Driver/Inc/stm32f0xx_hal_cortex.h,3669,6051101b3b55b460ef98bfc854c42ca4cc5b5bb6eba6dda2426c5fd3889b9bbb,6051101b3b55b460ef98bfc854c42ca4cc5b5bb6eba6dda2426c5fd3889b9bbb,utf-8 BOM/newlines normalized
snapshot-14,Drivers/STM32F0xx_HAL_Driver/Inc/stm32f0xx_hal_def.h,14/tw66gw02/Drivers/STM32F0xx_HAL_Driver/Inc/stm32f0xx_hal_def.h,6565,7c831c91bb3ed127dd52b842b919649129095c06eeeef185da6c15ccf9718bcf,7c831c91bb3ed127dd52b842b919649129095c06eeeef185da6c15ccf9718bcf,utf-8 BOM/newlines normalized
snapshot-14,Drivers/STM32F0xx_HAL_Driver/Inc/stm32f0xx_hal_dma.h,14/tw66gw02/Drivers/STM32F0xx_HAL_Driver/Inc/stm32f0xx_hal_dma.h,28317,404be6c6d36948b786025327cfffa42254e6ee48e7910db2fa665030a2a7e475,404be6c6d36948b786025327cfffa42254e6ee48e7910db2fa665030a2a7e475,utf-8 BOM/newlines normalized
snapshot-14,Drivers/STM32F0xx_HAL_Driver/Inc/stm32f0xx_hal_dma_ex.h,14/tw66gw02/Drivers/STM32F0xx_HAL_Driver/Inc/stm32f0xx_hal_dma_ex.h,58343,a7dcbd01b2ea86fdb23bd7e898d2c212a17722f19984e9cdf2f341f2f886ee3d,a7dcbd01b2ea86fdb23bd7e898d2c212a17722f19984e9cdf2f341f2f886ee3d,utf-8 BOM/newlines normalized
snapshot-14,Drivers/STM32F0xx_HAL_Driver/Inc/stm32f0xx_hal_exti.h,14/tw66gw02/Drivers/STM32F0xx_HAL_Driver/Inc/stm32f0xx_hal_exti.h,14274,e73dc38722d586062b7437067f9e6990f9952cbcb823696bbbf2d2e61a5b3878,e73dc38722d586062b7437067f9e6990f9952cbcb823696bbbf2d2e61a5b3878,utf-8 BOM/newlines normalized
snapshot-14,Drivers/STM32F0xx_HAL_Driver/Inc/stm32f0xx_hal_flash.h,14/tw66gw02/Drivers/STM32F0xx_HAL_Driver/Inc/stm32f0xx_hal_flash.h,10077,3bed899f71156113108277ca5282293d03664028bb7e50d4c302f955961d7500,3bed899f71156113108277ca5282293d03664028bb7e50d4c302f955961d7500,utf-8 BOM/newlines normalized
snapshot-14,Drivers/STM32F0xx_HAL_Driver/Inc/stm32f0xx_hal_flash_ex.h,14/tw66gw02/Drivers/STM32F0xx_HAL_Driver/Inc/stm32f0xx_hal_flash_ex.h,19175,1e94d0081874d25cd182957103e5e46dba211577e45aa9835020f0b56f248042,1e94d0081874d25cd182957103e5e46dba211577e45aa9835020f0b56f248042,utf-8 BOM/newlines normalized
snapshot-14,Drivers/STM32F0xx_HAL_Driver/Inc/stm32f0xx_hal_gpio.h,14/tw66gw02/Drivers/STM32F0xx_HAL_Driver/Inc/stm32f0xx_hal_gpio.h,13686,1211e581c187d6fdb37bf14753e10073c4c7118f9ffb140977c1f535c702ab73,1211e581c187d6fdb37bf14753e10073c4c7118f9ffb140977c1f535c702ab73,utf-8 BOM/newlines normalized
snapshot-14,Drivers/STM32F0xx_HAL_Driver/Inc/stm32f0xx_hal_gpio_ex.h,14/tw66gw02/Drivers/STM32F0xx_HAL_Driver/Inc/stm32f0xx_hal_gpio_ex.h,51121,2c219ba343b4d30fcc1c682805cd823c16c7076dc26253c2e4d135d752c06007,2c219ba343b4d30fcc1c682805cd823c16c7076dc26253c2e4d135d752c06007,utf-8 BOM/newlines normalized
snapshot-14,Drivers/STM32F0xx_HAL_Driver/Inc/stm32f0xx_hal_i2c.h,14/tw66gw02/Drivers/STM32F0xx_HAL_Driver/Inc/stm32f0xx_hal_i2c.h,38822,deecbe1b8386fee66a0a6cf262b87b269e3acba4796670cf156cf2bf12bc5964,deecbe1b8386fee66a0a6cf262b87b269e3acba4796670cf156cf2bf12bc5964,utf-8 BOM/newlines normalized
snapshot-14,Drivers/STM32F0xx_HAL_Driver/Inc/stm32f0xx_hal_i2c_ex.h,14/tw66gw02/Drivers/STM32F0xx_HAL_Driver/Inc/stm32f0xx_hal_i2c_ex.h,6863,f466424c93867d7b42a184a622de48eb47be2b50fb8766b36bf88eb3c5be1656,f466424c93867d7b42a184a622de48eb47be2b50fb8766b36bf88eb3c5be1656,utf-8 BOM/newlines normalized
snapshot-14,Drivers/STM32F0xx_HAL_Driver/Inc/stm32f0xx_hal_pwr.h,14/tw66gw02/Drivers/STM32F0xx_HAL_Driver/Inc/stm32f0xx_hal_pwr.h,5690,271e3b144808b0a93ff0113e5e1c3821efc622e00e7fcc33b8f24e744360c26f,271e3b144808b0a93ff0113e5e1c3821efc622e00e7fcc33b8f24e744360c26f,utf-8 BOM/newlines normalized
snapshot-14,Drivers/STM32F0xx_HAL_Driver/Inc/stm32f0xx_hal_pwr_ex.h,14/tw66gw02/Drivers/STM32F0xx_HAL_Driver/Inc/stm32f0xx_hal_pwr_ex.h,17330,49f0336c35719052670809bbad1487f73dbf0b26db63c0c9b6d44a6d8270a8c4,49f0336c35719052670809bbad1487f73dbf0b26db63c0c9b6d44a6d8270a8c4,utf-8 BOM/newlines normalized
snapshot-14,Drivers/STM32F0xx_HAL_Driver/Inc/stm32f0xx_hal_rcc.h,14/tw66gw02/Drivers/STM32F0xx_HAL_Driver/Inc/stm32f0xx_hal_rcc.h,82447,b91f3fcb137b91be8556cf26017ecc62b53771b3b9cb7fbd0a43e1e8fb5676bc,b91f3fcb137b91be8556cf26017ecc62b53771b3b9cb7fbd0a43e1e8fb5676bc,utf-8 BOM/newlines normalized
snapshot-14,Drivers/STM32F0xx_HAL_Driver/Inc/stm32f0xx_hal_rcc_ex.h,14/tw66gw02/Drivers/STM32F0xx_HAL_Driver/Inc/stm32f0xx_hal_rcc_ex.h,92125,52232e808e6028a811563ca44e25a9cb104838a946ce4f3121121d5d6ba8e0f1,52232e808e6028a811563ca44e25a9cb104838a946ce4f3121121d5d6ba8e0f1,utf-8 BOM/newlines normalized
snapshot-14,Drivers/STM32F0xx_HAL_Driver/Inc/stm32f0xx_hal_tim.h,14/tw66gw02/Drivers/STM32F0xx_HAL_Driver/Inc/stm32f0xx_hal_tim.h,123178,e2f34e5ddd2437830e355c6afcdb479134da4037702a9800c707fcabb62ae66d,e2f34e5ddd2437830e355c6afcdb479134da4037702a9800c707fcabb62ae66d,utf-8 BOM/newlines normalized
snapshot-14,Drivers/STM32F0xx_HAL_Driver/Inc/stm32f0xx_hal_tim_ex.h,14/tw66gw02/Drivers/STM32F0xx_HAL_Driver/Inc/stm32f0xx_hal_tim_ex.h,10151,26b61b357edfb63467fd6af7a91d0de4fc07d50adcc4e00e1d6177d3ef2630a4,26b61b357edfb63467fd6af7a91d0de4fc07d50adcc4e00e1d6177d3ef2630a4,utf-8 BOM/newlines normalized
snapshot-14,Drivers/STM32F0xx_HAL_Driver/Inc/stm32f0xx_hal_uart.h,14/tw66gw02/Drivers/STM32F0xx_HAL_Driver/Inc/stm32f0xx_hal_uart.h,82667,794d891aa4cf9b1743904ad2f1a129962f3a6faccb20d5879890a89b480be74a,794d891aa4cf9b1743904ad2f1a129962f3a6faccb20d5879890a89b480be74a,utf-8 BOM/newlines normalized
snapshot-14,Drivers/STM32F0xx_HAL_Driver/Inc/stm32f0xx_hal_uart_ex.h,14/tw66gw02/Drivers/STM32F0xx_HAL_Driver/Inc/stm32f0xx_hal_uart_ex.h,30466,be6ee1becaa418eb58d357c8021885df19865722c72bbabf0b44c800e6c2934a,be6ee1becaa418eb58d357c8021885df19865722c72bbabf0b44c800e6c2934a,utf-8 BOM/newlines normalized
snapshot-14,Drivers/STM32F0xx_HAL_Driver/Inc/stm32f0xx_ll_adc.h,14/tw66gw02/Drivers/STM32F0xx_HAL_Driver/Inc/stm32f0xx_ll_adc.h,180734,c1e849a895ad4e06742eb73b1c32e564881399508bc6d624a2c4aded007f0d6f,c1e849a895ad4e06742eb73b1c32e564881399508bc6d624a2c4aded007f0d6f,utf-8 BOM/newlines normalized
snapshot-14,Drivers/STM32F0xx_HAL_Driver/Inc/stm32f0xx_ll_bus.h,14/tw66gw02/Drivers/STM32F0xx_HAL_Driver/Inc/stm32f0xx_ll_bus.h,36431,e3e9c9a4f1089f3dc933187297c36ad23fe4943b035ffc94917d0c54b1379ba4,e3e9c9a4f1089f3dc933187297c36ad23fe4943b035ffc94917d0c54b1379ba4,utf-8 BOM/newlines normalized
snapshot-14,Drivers/STM32F0xx_HAL_Driver/Inc/stm32f0xx_ll_cortex.h,14/tw66gw02/Drivers/STM32F0xx_HAL_Driver/Inc/stm32f0xx_ll_cortex.h,9196,a704f2b1f39936dbb705c40e329107fcf612ecd0fcbed25bfeebbadba7c6a027,a704f2b1f39936dbb705c40e329107fcf612ecd0fcbed25bfeebbadba7c6a027,utf-8 BOM/newlines normalized
snapshot-14,Drivers/STM32F0xx_HAL_Driver/Inc/stm32f0xx_ll_crs.h,14/tw66gw02/Drivers/STM32F0xx_HAL_Driver/Inc/stm32f0xx_ll_crs.h,24104,0e4cead6a63d9b7dd9791eea1b9fc6cc49d9a561f69d40ca52d9f3fd91e34073,0e4cead6a63d9b7dd9791eea1b9fc6cc49d9a561f69d40ca52d9f3fd91e34073,utf-8 BOM/newlines normalized
snapshot-14,Drivers/STM32F0xx_HAL_Driver/Inc/stm32f0xx_ll_dma.h,14/tw66gw02/Drivers/STM32F0xx_HAL_Driver/Inc/stm32f0xx_ll_dma.h,90925,3f333021413746ac4b1243978d7c96e3d50291fc9c97de440293e511018dde7c,3f333021413746ac4b1243978d7c96e3d50291fc9c97de440293e511018dde7c,utf-8 BOM/newlines normalized
snapshot-14,Drivers/STM32F0xx_HAL_Driver/Inc/stm32f0xx_ll_exti.h,14/tw66gw02/Drivers/STM32F0xx_HAL_Driver/Inc/stm32f0xx_ll_exti.h,36167,3564164aca3102c8fd49020ac93cffd5358fd390b5f5ddb78622192f9e145d72,3564164aca3102c8fd49020ac93cffd5358fd390b5f5ddb78622192f9e145d72,utf-8 BOM/newlines normalized
snapshot-14,Drivers/STM32F0xx_HAL_Driver/Inc/stm32f0xx_ll_gpio.h,14/tw66gw02/Drivers/STM32F0xx_HAL_Driver/Inc/stm32f0xx_ll_gpio.h,35216,cf73dfcae00250a540be22d4c954ce728a477c2c6b3cef347ac7e724c101b429,cf73dfcae00250a540be22d4c954ce728a477c2c6b3cef347ac7e724c101b429,utf-8 BOM/newlines normalized
snapshot-14,Drivers/STM32F0xx_HAL_Driver/Inc/stm32f0xx_ll_pwr.h,14/tw66gw02/Drivers/STM32F0xx_HAL_Driver/Inc/stm32f0xx_ll_pwr.h,17505,82df9f38fde9cda27a57dbbf61d5ee82c5c9d83cb01cfad149636e3e9547fa4c,82df9f38fde9cda27a57dbbf61d5ee82c5c9d83cb01cfad149636e3e9547fa4c,utf-8 BOM/newlines normalized
snapshot-14,Drivers/STM32F0xx_HAL_Driver/Inc/stm32f0xx_ll_rcc.h,14/tw66gw02/Drivers/STM32F0xx_HAL_Driver/Inc/stm32f0xx_ll_rcc.h,77854,a9e44989596f30e24d7939ea670eb9158737664845d824128b6311a35c335007,a9e44989596f30e24d7939ea670eb9158737664845d824128b6311a35c335007,utf-8 BOM/newlines normalized
snapshot-14,Drivers/STM32F0xx_HAL_Driver/Inc/stm32f0xx_ll_system.h,14/tw66gw02/Drivers/STM32F0xx_HAL_Driver/Inc/stm32f0xx_ll_system.h,75575,b7253d6ac27af7ee42aad18e0bf6d4775cd8c7c351379648f7ab73bba8a82e57,b7253d6ac27af7ee42aad18e0bf6d4775cd8c7c351379648f7ab73bba8a82e57,utf-8 BOM/newlines normalized
snapshot-14,Drivers/STM32F0xx_HAL_Driver/Inc/stm32f0xx_ll_tim.h,14/tw66gw02/Drivers/STM32F0xx_HAL_Driver/Inc/stm32f0xx_ll_tim.h,170605,802642c6737161b3d85c4ef6cb8c5a87d6526ebbb2de1bf94a3ef4033d919ca7,802642c6737161b3d85c4ef6cb8c5a87d6526ebbb2de1bf94a3ef4033d919ca7,utf-8 BOM/newlines normalized
snapshot-14,Drivers/STM32F0xx_HAL_Driver/Inc/stm32f0xx_ll_usart.h,14/tw66gw02/Drivers/STM32F0xx_HAL_Driver/Inc/stm32f0xx_ll_usart.h,149571,c9f179059e5a6cfc01f8c7e7fd34344e7bcde4542f9e934d1367e88360187f31,c9f179059e5a6cfc01f8c7e7fd34344e7bcde4542f9e934d1367e88360187f31,utf-8 BOM/newlines normalized
snapshot-14,Drivers/STM32F0xx_HAL_Driver/Inc/stm32f0xx_ll_utils.h,14/tw66gw02/Drivers/STM32F0xx_HAL_Driver/Inc/stm32f0xx_ll_utils.h,8688,2e82b3778341a414dc75c7c6cdd944a906c4abdd9ac96b29163c5f1cbe0b2b94,2e82b3778341a414dc75c7c6cdd944a906c4abdd9ac96b29163c5f1cbe0b2b94,utf-8 BOM/newlines normalized
snapshot-14,Drivers/STM32F0xx_HAL_Driver/Src/stm32f0xx_hal.c,14/tw66gw02/Drivers/STM32F0xx_HAL_Driver/Src/stm32f0xx_hal.c,15360,79c8fc228207c4ae967cb5e3bed81fd36e6cacc6a2d9f59809c8f369e1bf979c,79c8fc228207c4ae967cb5e3bed81fd36e6cacc6a2d9f59809c8f369e1bf979c,utf-8 BOM/newlines normalized
snapshot-14,Drivers/STM32F0xx_HAL_Driver/Src/stm32f0xx_hal_adc.c,14/tw66gw02/Drivers/STM32F0xx_HAL_Driver/Src/stm32f0xx_hal_adc.c,94475,14e28654d0ce09d23e411e9ad1f7e43701095df5dd5771b561cbb862618e375b,14e28654d0ce09d23e411e9ad1f7e43701095df5dd5771b561cbb862618e375b,utf-8 BOM/newlines normalized
snapshot-14,Drivers/STM32F0xx_HAL_Driver/Src/stm32f0xx_hal_adc_ex.c,14/tw66gw02/Drivers/STM32F0xx_HAL_Driver/Src/stm32f0xx_hal_adc_ex.c,6387,6d7a4e63940bd47e24da89847a777ca570441188f974e70e021e64e3a9cba5af,6d7a4e63940bd47e24da89847a777ca570441188f974e70e021e64e3a9cba5af,utf-8 BOM/newlines normalized
snapshot-14,Drivers/STM32F0xx_HAL_Driver/Src/stm32f0xx_hal_cortex.c,14/tw66gw02/Drivers/STM32F0xx_HAL_Driver/Src/stm32f0xx_hal_cortex.c,11697,6ec6b338f389a593c316bb22a0110446f92cb063d56ab9c8f56fea4c2adca681,6ec6b338f389a593c316bb22a0110446f92cb063d56ab9c8f56fea4c2adca681,utf-8 BOM/newlines normalized
snapshot-14,Drivers/STM32F0xx_HAL_Driver/Src/stm32f0xx_hal_dma.c,14/tw66gw02/Drivers/STM32F0xx_HAL_Driver/Src/stm32f0xx_hal_dma.c,26648,cbe5a6ce8add054c1fe40f7492fd1f32c028f8ca2490c3798c5087295ecce4d9,cbe5a6ce8add054c1fe40f7492fd1f32c028f8ca2490c3798c5087295ecce4d9,utf-8 BOM/newlines normalized
snapshot-14,Drivers/STM32F0xx_HAL_Driver/Src/stm32f0xx_hal_exti.c,14/tw66gw02/Drivers/STM32F0xx_HAL_Driver/Src/stm32f0xx_hal_exti.c,14928,a15713e9f0371cbdde5cf4f3e283564307a4eacdb9674cf7f667357f5c5aac71,a15713e9f0371cbdde5cf4f3e283564307a4eacdb9674cf7f667357f5c5aac71,utf-8 BOM/newlines normalized
snapshot-14,Drivers/STM32F0xx_HAL_Driver/Src/stm32f0xx_hal_flash.c,14/tw66gw02/Drivers/STM32F0xx_HAL_Driver/Src/stm32f0xx_hal_flash.c,20591,298b60f12f91cbc43dbe16258cff53879b90faf5ef0e3897a5f3d1d187d575fe,298b60f12f91cbc43dbe16258cff53879b90faf5ef0e3897a5f3d1d187d575fe,utf-8 BOM/newlines normalized
snapshot-14,Drivers/STM32F0xx_HAL_Driver/Src/stm32f0xx_hal_flash_ex.c,14/tw66gw02/Drivers/STM32F0xx_HAL_Driver/Src/stm32f0xx_hal_flash_ex.c,31012,0b74fafa6fc9534c38ef65bcb62a7cf07b425a315bbff9f0aaea3bdfc66b55d8,0b74fafa6fc9534c38ef65bcb62a7cf07b425a315bbff9f0aaea3bdfc66b55d8,utf-8 BOM/newlines normalized
snapshot-14,Drivers/STM32F0xx_HAL_Driver/Src/stm32f0xx_hal_gpio.c,14/tw66gw02/Drivers/STM32F0xx_HAL_Driver/Src/stm32f0xx_hal_gpio.c,18831,2cd38c437a9a1d0c32fd65394bf49ebcc31a56de0c73d9e517539503068021f5,2cd38c437a9a1d0c32fd65394bf49ebcc31a56de0c73d9e517539503068021f5,utf-8 BOM/newlines normalized
snapshot-14,Drivers/STM32F0xx_HAL_Driver/Src/stm32f0xx_hal_i2c.c,14/tw66gw02/Drivers/STM32F0xx_HAL_Driver/Src/stm32f0xx_hal_i2c.c,244721,7b71d97c597e6cc482380f64fd1db96295c12428063d97f30ac830340ddaf326,7b71d97c597e6cc482380f64fd1db96295c12428063d97f30ac830340ddaf326,utf-8 BOM/newlines normalized
snapshot-14,Drivers/STM32F0xx_HAL_Driver/Src/stm32f0xx_hal_i2c_ex.c,14/tw66gw02/Drivers/STM32F0xx_HAL_Driver/Src/stm32f0xx_hal_i2c_ex.c,10908,163a2aef2446c901a75a4dcc772cf67a1bf187ea395834a68a5a97108c677adb,163a2aef2446c901a75a4dcc772cf67a1bf187ea395834a68a5a97108c677adb,utf-8 BOM/newlines normalized
snapshot-14,Drivers/STM32F0xx_HAL_Driver/Src/stm32f0xx_hal_pwr.c,14/tw66gw02/Drivers/STM32F0xx_HAL_Driver/Src/stm32f0xx_hal_pwr.c,16478,7e8e6ba7de3384a501b7b50f3ac7feb1b1b475849611c03e4bc8e78c8d21337d,7e8e6ba7de3384a501b7b50f3ac7feb1b1b475849611c03e4bc8e78c8d21337d,utf-8 BOM/newlines normalized
snapshot-14,Drivers/STM32F0xx_HAL_Driver/Src/stm32f0xx_hal_pwr_ex.c,14/tw66gw02/Drivers/STM32F0xx_HAL_Driver/Src/stm32f0xx_hal_pwr_ex.c,8348,d8f0df6ce780c413937a9949c850ddb88fde905725516546e062c2f2abbc63cf,d8f0df6ce780c413937a9949c850ddb88fde905725516546e062c2f2abbc63cf,utf-8 BOM/newlines normalized
snapshot-14,Drivers/STM32F0xx_HAL_Driver/Src/stm32f0xx_hal_rcc.c,14/tw66gw02/Drivers/STM32F0xx_HAL_Driver/Src/stm32f0xx_hal_rcc.c,49821,fe601fa20f95e48d4bb2a9dd7409ff4d0637e184d6b3c4be4207777b246b2856,fe601fa20f95e48d4bb2a9dd7409ff4d0637e184d6b3c4be4207777b246b2856,utf-8 BOM/newlines normalized
snapshot-14,Drivers/STM32F0xx_HAL_Driver/Src/stm32f0xx_hal_rcc_ex.c,14/tw66gw02/Drivers/STM32F0xx_HAL_Driver/Src/stm32f0xx_hal_rcc_ex.c,34931,128a32f4ee22c9741b76c25eaebca1269aab92669721e8ca0bac80643f1be0b5,128a32f4ee22c9741b76c25eaebca1269aab92669721e8ca0bac80643f1be0b5,utf-8 BOM/newlines normalized
snapshot-14,Drivers/STM32F0xx_HAL_Driver/Src/stm32f0xx_hal_tim.c,14/tw66gw02/Drivers/STM32F0xx_HAL_Driver/Src/stm32f0xx_hal_tim.c,244487,63c42e6957bc759da4bff4c375752c8f963132efc28b7889fada70cdf1d887f1,63c42e6957bc759da4bff4c375752c8f963132efc28b7889fada70cdf1d887f1,utf-8 BOM/newlines normalized
snapshot-14,Drivers/STM32F0xx_HAL_Driver/Src/stm32f0xx_hal_tim_ex.c,14/tw66gw02/Drivers/STM32F0xx_HAL_Driver/Src/stm32f0xx_hal_tim_ex.c,79487,0e43f2621c8b0583c14dd0d38865cd6b64e206b71f1cec62724894f19f6a1768,0e43f2621c8b0583c14dd0d38865cd6b64e206b71f1cec62724894f19f6a1768,utf-8 BOM/newlines normalized
snapshot-14,Drivers/STM32F0xx_HAL_Driver/Src/stm32f0xx_hal_uart.c,14/tw66gw02/Drivers/STM32F0xx_HAL_Driver/Src/stm32f0xx_hal_uart.c,142797,0724ea2e1d4e53da86562e0eb8be43c0cecdab369ce27ac312bb9b4d883545df,0724ea2e1d4e53da86562e0eb8be43c0cecdab369ce27ac312bb9b4d883545df,utf-8 BOM/newlines normalized
snapshot-14,Drivers/STM32F0xx_HAL_Driver/Src/stm32f0xx_hal_uart_ex.c,14/tw66gw02/Drivers/STM32F0xx_HAL_Driver/Src/stm32f0xx_hal_uart_ex.c,31796,6f70a7275719d4c745411e9c1531c32d6ee9a80e13c978e2bcbda8d39153d4c3,6f70a7275719d4c745411e9c1531c32d6ee9a80e13c978e2bcbda8d39153d4c3,utf-8 BOM/newlines normalized
snapshot-14,MDK-ARM/startup_stm32f030x8.s,14/tw66gw02/MDK-ARM/startup_stm32f030x8.s,9525,ced5779d000dc89b58cd8e05373f5b315aed1f3a2dd1a7450e1c81fa19231dd0,2b576bda300fb088c3855773b2421249029870451786dc0d99e0b9a6faae8e6e,utf-8 BOM/newlines normalized
snapshot-14,MDK-ARM/tw66gw02.uvprojx,14/tw66gw02/MDK-ARM/tw66gw02.uvprojx,46801,2caab492ae7e448bd27d4a4b743709020247bef4d7629db04d8e23c989bf77e6,899037b331b9746fd69bcdc9b73e4c92935121dbfd606353db80a7cb051ee78c,utf-8 BOM/newlines normalized
snapshot-14,MDK-ARM/tw66gw02_app.sct,14/tw66gw02/MDK-ARM/tw66gw02_app.sct,336,4572905ea080f928996a9bc0cd89a594c82f48edf0a9063771291b7e57a98706,4572905ea080f928996a9bc0cd89a594c82f48edf0a9063771291b7e57a98706,utf-8 BOM/newlines normalized
snapshot-14,MDK-ARM/tw66gw02_direct.sct,14/tw66gw02/MDK-ARM/tw66gw02_direct.sct,268,3dac24cd69ecdb1b533440d464189a34b7150f3cd89766cda02e794c13ee4e01,3dac24cd69ecdb1b533440d464189a34b7150f3cd89766cda02e794c13ee4e01,utf-8 BOM/newlines normalized
snapshot-14,MDK-ARM/tw66gw02_factory.sct,14/tw66gw02/MDK-ARM/tw66gw02_factory.sct,367,28642fb9822b6558a3f4ef7da85fed37adfffe3f96c1d0e624cc094ec2138cd4,28642fb9822b6558a3f4ef7da85fed37adfffe3f96c1d0e624cc094ec2138cd4,utf-8 BOM/newlines normalized
snapshot-14,OS/TaskScheduler.c,14/tw66gw02/OS/TaskScheduler.c,3967,ce56c43a90ff2440540b1de2b8b717b6d849b3bc66e5271b8f47bb4a5aae272a,86cf58bbd51addf932ce9f0ccca0363274c9283ef6560ac817fed9464deab08d,utf-8 BOM/newlines normalized
snapshot-14,OS/TaskScheduler.h,14/tw66gw02/OS/TaskScheduler.h,1045,1f0984f37cfe9ddb5760259ed3f691aa0a267a30dfa7010ff0dd9a17b7bf5270,8ad061df702659c263b2d73f3bbf529f6a80c279fda497291dc55ebeefe79088,utf-8 BOM/newlines normalized
snapshot-14,PrepareFactoryBootImage.ps1,14/tw66gw02/PrepareFactoryBootImage.ps1,668,a3b2970d5e7650c724b1e7e508f95fdae96b4d064bccde66de1dec6ce6d742a4,c5e3d28834d3d5d476c943b14110e2300fe008e4b7368352947e727f7beff4f9,utf-8 BOM/newlines normalized
snapshot-14,ProgramBootloaderOnlyWithJLink.ps1,14/tw66gw02/ProgramBootloaderOnlyWithJLink.ps1,1730,f39e290a7a72a25cf7d88405f17c43f35a06a0c3785223225a6df854d9167724,3c82b6f50a084746718a80991c370bc3dc26bc9af3922503c9f33edbcf0cdb76,utf-8 BOM/newlines normalized
snapshot-14,ProgramFactoryWithJLink.ps1,14/tw66gw02/ProgramFactoryWithJLink.ps1,1353,0e1c869cec09e3fce7390cf6232a9e823c2aaf68eb27c7204d169334e1aa4d2d,fb206945a0f2db46ec8031c9e270fa21f90fe3da7b761be4f31e9f43169c23ef,utf-8 BOM/newlines normalized
snapshot-14,ReadStartupStateWithJLink.ps1,14/tw66gw02/ReadStartupStateWithJLink.ps1,764,72d4ae931042642e496be810556bb439f46e560f69c4a2d9096f09ed405e61d9,96b33bc21961e729f3bcf4bb263f4b765e5e823d4b239b377c096a811fbc194b,utf-8 BOM/newlines normalized
snapshot-14,tests/run_c_regressions.py,14/tw66gw02/tests/run_c_regressions.py,4221,0d806792109e545eb3845f86210a6c2979b2be57056e905eb17d2f8dfa53a3dc,0d806792109e545eb3845f86210a6c2979b2be57056e905eb17d2f8dfa53a3dc,utf-8 BOM/newlines normalized
snapshot-14,tests/simulator/test.sct,14/tw66gw02/tests/simulator/test.sct,198,4afb24de6b3640a6804b26cd0702840c419d40b117b56f18022250eed3f6afec,4afb24de6b3640a6804b26cd0702840c419d40b117b56f18022250eed3f6afec,utf-8 BOM/newlines normalized
snapshot-14,tests/simulator/test_config.c,14/tw66gw02/tests/simulator/test_config.c,1906,ddd53b4aa3c93452609289275136349f5ae1acd3066caad12247d81b93866cde,ddd53b4aa3c93452609289275136349f5ae1acd3066caad12247d81b93866cde,utf-8 BOM/newlines normalized
snapshot-14,tests/simulator/test_main.c,14/tw66gw02/tests/simulator/test_main.c,1410,6ccffe84d104b3ca53d4a2fa2105afe5f3d971f8b2b1fe1be67c6f3f41863ef6,6ccffe84d104b3ca53d4a2fa2105afe5f3d971f8b2b1fe1be67c6f3f41863ef6,utf-8 BOM/newlines normalized
snapshot-14,tests/simulator/test_mocks.c,14/tw66gw02/tests/simulator/test_mocks.c,3366,5ff58f8defc935acbba9913664d34994d636cf0b8dfa8960d8fa9ae022b3faca,5ff58f8defc935acbba9913664d34994d636cf0b8dfa8960d8fa9ae022b3faca,utf-8 BOM/newlines normalized
snapshot-14,tests/simulator/test_ota.c,14/tw66gw02/tests/simulator/test_ota.c,2146,3005c59c19f4423f0667b88e918b369cb8f30c658982d55d1ec2c50293f9d7f8,3005c59c19f4423f0667b88e918b369cb8f30c658982d55d1ec2c50293f9d7f8,utf-8 BOM/newlines normalized
snapshot-14,tests/simulator/test_scheduler.c,14/tw66gw02/tests/simulator/test_scheduler.c,1443,bd0b21e70cc78cee656222ad7866bf5014768e7384043f35f3013e81f9fd9ab6,bd0b21e70cc78cee656222ad7866bf5014768e7384043f35f3013e81f9fd9ab6,utf-8 BOM/newlines normalized
snapshot-14,tests/simulator/test_support.h,14/tw66gw02/tests/simulator/test_support.h,760,1a5ced1e18e9c05344ad0ccab6d8e9bd8408997d67392bf5846c5b22135789df,1a5ced1e18e9c05344ad0ccab6d8e9bd8408997d67392bf5846c5b22135789df,utf-8 BOM/newlines normalized
snapshot-14,tests/simulator/test_temperature.c,14/tw66gw02/tests/simulator/test_temperature.c,1944,8978961768571162e4dd1cff4599903354e0551b1558cb76a7614ab911d529da,8978961768571162e4dd1cff4599903354e0551b1558cb76a7614ab911d529da,utf-8 BOM/newlines normalized
snapshot-14,tests/simulator/test_wireless.c,14/tw66gw02/tests/simulator/test_wireless.c,2294,bd6a63c27b22b2245e3ca7d341b2757600e5f5e3b6ec96eced72a56cc5d57433,bd6a63c27b22b2245e3ca7d341b2757600e5f5e3b6ec96eced72a56cc5d57433,utf-8 BOM/newlines normalized
snapshot-14,tests/simulator/unicorn_runner.py,14/tw66gw02/tests/simulator/unicorn_runner.py,4438,bf43d35abe345d837503e5b9706406c807d536758e450551dd32b293d558cdda,bf43d35abe345d837503e5b9706406c807d536758e450551dd32b293d558cdda,utf-8 BOM/newlines normalized
snapshot-14,tests/Test-Scripts.ps1,14/tw66gw02/tests/Test-Scripts.ps1,5892,5461a2545c86cb106dbf291a2737a96bd54a4810ca09a68738a024b21509962c,5461a2545c86cb106dbf291a2737a96bd54a4810ca09a68738a024b21509962c,utf-8 BOM/newlines normalized
snapshot-14,tests/Test-WorkbookData.ps1,14/tw66gw02/tests/Test-WorkbookData.ps1,2366,9ec78002178ae93540ce5532292c4e6537ff95a1f711a343638fe47de47d0f7f,9ec78002178ae93540ce5532292c4e6537ff95a1f711a343638fe47de47d0f7f,utf-8 BOM/newlines normalized
snapshot-14,tests/test_ota_artifacts.py,14/tw66gw02/tests/test_ota_artifacts.py,6633,b348e65dcc19d35141b27697d45cded75014fbb3e33b2e65ddeec78f5309af2b,b348e65dcc19d35141b27697d45cded75014fbb3e33b2e65ddeec78f5309af2b,utf-8 BOM/newlines normalized
snapshot-14,tools/Build.Common.ps1,14/tw66gw02/tools/Build.Common.ps1,14819,80f3daa126e559d5829b1babac5fb124df43656706a52a10e472740a68b15566,80f3daa126e559d5829b1babac5fb124df43656706a52a10e472740a68b15566,utf-8 BOM/newlines normalized
snapshot-14,tools/JLink.Common.ps1,14/tw66gw02/tools/JLink.Common.ps1,3354,3cc70260fcd221edb7a183a5de859fff9e7562602b7fb4f482e31ae5da6b5285,3cc70260fcd221edb7a183a5de859fff9e7562602b7fb4f482e31ae5da6b5285,utf-8 BOM/newlines normalized
snapshot-14,tw66gw02.ioc,14/tw66gw02/tw66gw02.ioc,8033,d368cbfcb7755b8f94444f4df1dac49c5fb4dc274726093afe32c58dfae1f28d,05ae1cf0cc24227187df25ef22dfcf6b4136705d66fc71d2f175731e76af53f7,utf-8 BOM/newlines normalized
snapshot-10-auxiliary,build_mathis_test_workbook.ps1,10/build_mathis_test_workbook.ps1,33894,750046ffd49b172a40f912d6c7fe050cfe1ced1ad060072b8dbde2ac91a1cee4,750046ffd49b172a40f912d6c7fe050cfe1ced1ad060072b8dbde2ac91a1cee4,utf-8 BOM/newlines normalized
snapshot-10-auxiliary,render_mathis_preview.ps1,10/render_mathis_preview.ps1,1375,4eaf1ba8469c18801119cf4151fa890d64170b1cc6f23ff1e51508a608ba6e16,4eaf1ba8469c18801119cf4151fa890d64170b1cc6f23ff1e51508a608ba6e16,utf-8 BOM/newlines normalized
snapshot-14-auxiliary,build_mathis_test_workbook.ps1,14/build_mathis_test_workbook.ps1,34914,8e59fc86eb217f4765a95609a672c7c291bd9c6b28a93d306fa6c0c6362ffebd,28f6e2f5904f152f8349d531a3767a242e09951662e953373d45456d3db082e8,utf-8 BOM/newlines normalized
snapshot-14-auxiliary,render_mathis_preview.ps1,14/render_mathis_preview.ps1,2459,4089dcb82c14c431c47cc3ea801c216a282752196867a91810cc91168497cebd,cbbb5ce3ecbb6658685f75814feee6a4753299c27671945d7a60e165d1163f31,utf-8 BOM/newlines normalized
snapshot-14-auxiliary,tools/Excel.Common.ps1,14/tools/Excel.Common.ps1,1728,f799f1d35aecafbc4f06dc96f4eb74318e271fa8f3dc41facae7f6e629a45bc7,f799f1d35aecafbc4f06dc96f4eb74318e271fa8f3dc41facae7f6e629a45bc7,utf-8 BOM/newlines normalized
